week_start,month,channel,topic,country,post_count,comment_count,positive_count,neutral_count,negative_count
2025-09-08,2025-09,TikTok,Visa Processing,India,16,40,5,2,9
2025-09-08,2025-09,TikTok,Visa Processing,China,25,64,7,8,10
2025-09-08,2025-09,TikTok,Visa Processing,Vietnam,27,86,8,6,13
2025-09-08,2025-09,TikTok,Visa Processing,Malaysia,22,92,7,5,10
2025-09-08,2025-09,TikTok,Accommodation Cost,India,17,52,5,5,7
2025-09-08,2025-09,TikTok,Accommodation Cost,China,12,41,3,3,6
2025-09-08,2025-09,TikTok,Accommodation Cost,Vietnam,14,49,4,3,7
2025-09-08,2025-09,TikTok,Accommodation Cost,Malaysia,24,90,6,9,9
2025-09-08,2025-09,TikTok,Scholarships,India,36,108,22,6,8
2025-09-08,2025-09,TikTok,Scholarships,China,6,24,3,2,1
2025-09-08,2025-09,TikTok,Scholarships,Vietnam,12,27,7,1,4
2025-09-08,2025-09,TikTok,Scholarships,Malaysia,18,55,11,3,4
2025-09-08,2025-09,TikTok,Campus Safety,India,19,48,10,4,5
2025-09-08,2025-09,TikTok,Campus Safety,China,4,12,2,1,1
2025-09-08,2025-09,TikTok,Campus Safety,Vietnam,12,40,6,2,4
2025-09-08,2025-09,TikTok,Campus Safety,Malaysia,16,64,8,2,6
2025-09-08,2025-09,TikTok,Course Quality,India,26,58,16,3,7
2025-09-08,2025-09,TikTok,Course Quality,Vietnam,8,19,5,1,2
2025-09-08,2025-09,TikTok,Course Quality,Malaysia,7,17,5,0,2
2025-09-08,2025-09,TikTok,Career Outcomes,India,13,42,8,1,4
2025-09-08,2025-09,TikTok,Career Outcomes,China,9,24,5,1,3
2025-09-08,2025-09,TikTok,Career Outcomes,Vietnam,15,51,9,2,4
2025-09-08,2025-09,TikTok,Part-Time Work Rights,India,27,73,13,4,10
2025-09-08,2025-09,TikTok,Part-Time Work Rights,China,9,24,4,2,3
2025-09-08,2025-09,TikTok,Part-Time Work Rights,Vietnam,11,44,5,2,4
2025-09-08,2025-09,TikTok,Part-Time Work Rights,Malaysia,3,8,1,1,1
2025-09-08,2025-09,TikTok,Campus Life,India,24,104,18,2,4
2025-09-08,2025-09,TikTok,Campus Life,China,20,51,14,3,3
2025-09-08,2025-09,TikTok,Campus Life,Vietnam,19,69,14,2,3
2025-09-08,2025-09,TikTok,Campus Life,Malaysia,2,6,1,1,0
2025-09-08,2025-09,TikTok,Application Process,India,16,71,7,2,7
2025-09-08,2025-09,TikTok,Application Process,China,22,54,9,6,7
2025-09-08,2025-09,TikTok,Application Process,Vietnam,15,66,6,2,7
2025-09-08,2025-09,TikTok,Application Process,Malaysia,7,25,3,1,3
2025-09-08,2025-09,TikTok,Support Services,India,21,85,15,2,4
2025-09-08,2025-09,TikTok,Support Services,China,8,25,6,1,1
2025-09-08,2025-09,TikTok,Support Services,Vietnam,14,49,10,2,2
2025-09-08,2025-09,TikTok,Support Services,Malaysia,9,19,7,0,2
2025-09-08,2025-09,Reddit,Visa Processing,India,16,81,4,3,9
2025-09-08,2025-09,Reddit,Visa Processing,China,22,177,7,5,10
2025-09-08,2025-09,Reddit,Visa Processing,Vietnam,18,144,5,5,8
2025-09-08,2025-09,Reddit,Visa Processing,Malaysia,16,107,5,3,8
2025-09-08,2025-09,Reddit,Accommodation Cost,India,13,85,3,4,6
2025-09-08,2025-09,Reddit,Accommodation Cost,China,31,274,7,8,16
2025-09-08,2025-09,Reddit,Accommodation Cost,Vietnam,2,9,0,1,1
2025-09-08,2025-09,Reddit,Accommodation Cost,Malaysia,3,23,1,1,1
2025-09-08,2025-09,Reddit,Scholarships,India,3,16,2,0,1
2025-09-08,2025-09,Reddit,Scholarships,Vietnam,9,53,5,2,2
2025-09-08,2025-09,Reddit,Scholarships,Malaysia,8,35,5,1,2
2025-09-08,2025-09,Reddit,Campus Safety,India,17,153,8,4,5
2025-09-08,2025-09,Reddit,Campus Safety,China,19,105,8,3,8
2025-09-08,2025-09,Reddit,Campus Safety,Vietnam,10,55,5,1,4
2025-09-08,2025-09,Reddit,Campus Safety,Malaysia,7,53,3,2,2
2025-09-08,2025-09,Reddit,Course Quality,India,7,57,5,0,2
2025-09-08,2025-09,Reddit,Course Quality,Vietnam,9,79,6,1,2
2025-09-08,2025-09,Reddit,Course Quality,Malaysia,3,14,2,0,1
2025-09-08,2025-09,Reddit,Career Outcomes,India,9,51,5,1,3
2025-09-08,2025-09,Reddit,Career Outcomes,China,10,54,6,2,2
2025-09-08,2025-09,Reddit,Career Outcomes,Malaysia,8,66,5,1,2
2025-09-08,2025-09,Reddit,Part-Time Work Rights,India,18,121,9,3,6
2025-09-08,2025-09,Reddit,Part-Time Work Rights,China,12,74,6,2,4
2025-09-08,2025-09,Reddit,Part-Time Work Rights,Vietnam,8,63,3,3,2
2025-09-08,2025-09,Reddit,Part-Time Work Rights,Malaysia,7,39,3,2,2
2025-09-08,2025-09,Reddit,Campus Life,India,18,115,13,2,3
2025-09-08,2025-09,Reddit,Campus Life,China,23,132,16,2,5
2025-09-08,2025-09,Reddit,Campus Life,Vietnam,4,27,3,0,1
2025-09-08,2025-09,Reddit,Campus Life,Malaysia,10,44,7,1,2
2025-09-08,2025-09,Reddit,Application Process,China,10,79,4,2,4
2025-09-08,2025-09,Reddit,Application Process,Vietnam,15,74,6,2,7
2025-09-08,2025-09,Reddit,Application Process,Malaysia,8,69,3,1,4
2025-09-08,2025-09,Reddit,Support Services,India,16,133,12,1,3
2025-09-08,2025-09,Reddit,Support Services,China,11,83,8,1,2
2025-09-08,2025-09,Reddit,Support Services,Vietnam,6,50,4,1,1
2025-09-08,2025-09,Reddit,Support Services,Malaysia,7,46,5,1,1
2025-09-08,2025-09,X (Twitter),Visa Processing,China,18,45,6,6,6
2025-09-08,2025-09,X (Twitter),Visa Processing,Vietnam,9,15,3,1,5
2025-09-08,2025-09,X (Twitter),Visa Processing,Malaysia,16,41,5,3,8
2025-09-08,2025-09,X (Twitter),Accommodation Cost,India,26,46,6,9,11
2025-09-08,2025-09,X (Twitter),Accommodation Cost,China,12,29,3,4,5
2025-09-08,2025-09,X (Twitter),Accommodation Cost,Vietnam,15,31,3,4,8
2025-09-08,2025-09,X (Twitter),Accommodation Cost,Malaysia,8,11,2,2,4
2025-09-08,2025-09,X (Twitter),Scholarships,India,23,41,15,3,5
2025-09-08,2025-09,X (Twitter),Scholarships,China,22,63,12,4,6
2025-09-08,2025-09,X (Twitter),Scholarships,Vietnam,19,47,11,2,6
2025-09-08,2025-09,X (Twitter),Scholarships,Malaysia,12,25,7,2,3
2025-09-08,2025-09,X (Twitter),Campus Safety,India,9,24,4,2,3
2025-09-08,2025-09,X (Twitter),Campus Safety,Vietnam,15,27,7,2,6
2025-09-08,2025-09,X (Twitter),Campus Safety,Malaysia,9,17,5,1,3
2025-09-08,2025-09,X (Twitter),Course Quality,India,16,45,11,2,3
2025-09-08,2025-09,X (Twitter),Course Quality,China,10,20,6,2,2
2025-09-08,2025-09,X (Twitter),Course Quality,Vietnam,16,36,11,1,4
2025-09-08,2025-09,X (Twitter),Course Quality,Malaysia,1,3,1,0,0
2025-09-08,2025-09,X (Twitter),Career Outcomes,India,19,36,10,3,6
2025-09-08,2025-09,X (Twitter),Career Outcomes,China,14,34,8,3,3
2025-09-08,2025-09,X (Twitter),Career Outcomes,Vietnam,7,20,4,1,2
2025-09-08,2025-09,X (Twitter),Career Outcomes,Malaysia,5,10,3,0,2
2025-09-08,2025-09,X (Twitter),Part-Time Work Rights,India,11,19,5,2,4
2025-09-08,2025-09,X (Twitter),Part-Time Work Rights,China,14,28,7,3,4
2025-09-08,2025-09,X (Twitter),Part-Time Work Rights,Vietnam,6,9,3,0,3
2025-09-08,2025-09,X (Twitter),Part-Time Work Rights,Malaysia,7,13,3,2,2
2025-09-08,2025-09,X (Twitter),Campus Life,India,3,4,2,0,1
2025-09-08,2025-09,X (Twitter),Campus Life,Vietnam,15,20,11,1,3
2025-09-08,2025-09,X (Twitter),Campus Life,Malaysia,12,18,9,1,2
2025-09-08,2025-09,X (Twitter),Application Process,India,8,20,3,1,4
2025-09-08,2025-09,X (Twitter),Application Process,China,11,19,4,2,5
2025-09-08,2025-09,X (Twitter),Application Process,Vietnam,12,21,5,3,4
2025-09-08,2025-09,X (Twitter),Application Process,Malaysia,10,20,4,2,4
2025-09-08,2025-09,X (Twitter),Support Services,India,13,27,9,2,2
2025-09-08,2025-09,X (Twitter),Support Services,China,12,35,9,1,2
2025-09-08,2025-09,X (Twitter),Support Services,Vietnam,4,10,3,0,1
2025-09-08,2025-09,X (Twitter),Support Services,Malaysia,2,4,1,1,0
2025-09-08,2025-09,News,Visa Processing,India,6,6,2,1,3
2025-09-08,2025-09,News,Visa Processing,China,7,5,2,2,3
2025-09-08,2025-09,News,Visa Processing,Vietnam,4,3,1,1,2
2025-09-08,2025-09,News,Visa Processing,Malaysia,2,1,1,0,1
2025-09-08,2025-09,News,Accommodation Cost,Malaysia,6,4,2,1,3
2025-09-08,2025-09,News,Scholarships,India,8,7,5,1,2
2025-09-08,2025-09,News,Scholarships,China,4,3,2,1,1
2025-09-08,2025-09,News,Scholarships,Vietnam,3,2,2,0,1
2025-09-08,2025-09,News,Scholarships,Malaysia,4,4,2,1,1
2025-09-08,2025-09,News,Campus Safety,India,5,4,3,1,1
2025-09-08,2025-09,News,Campus Safety,China,5,3,2,1,2
2025-09-08,2025-09,News,Campus Safety,Vietnam,4,4,2,1,1
2025-09-08,2025-09,News,Campus Safety,Malaysia,2,2,1,0,1
2025-09-08,2025-09,News,Course Quality,India,5,3,3,1,1
2025-09-08,2025-09,News,Course Quality,China,8,7,5,1,2
2025-09-08,2025-09,News,Course Quality,Vietnam,2,2,1,1,0
2025-09-08,2025-09,News,Course Quality,Malaysia,3,2,2,0,1
2025-09-08,2025-09,News,Career Outcomes,India,7,4,4,1,2
2025-09-08,2025-09,News,Career Outcomes,China,5,3,3,1,1
2025-09-08,2025-09,News,Career Outcomes,Malaysia,2,2,1,1,0
2025-09-08,2025-09,News,Part-Time Work Rights,India,5,5,2,2,1
2025-09-08,2025-09,News,Part-Time Work Rights,China,1,1,0,1,0
2025-09-08,2025-09,News,Part-Time Work Rights,Vietnam,3,2,1,1,1
2025-09-08,2025-09,News,Part-Time Work Rights,Malaysia,3,3,1,1,1
2025-09-08,2025-09,News,Campus Life,China,6,4,4,1,1
2025-09-08,2025-09,News,Campus Life,Vietnam,3,2,2,0,1
2025-09-08,2025-09,News,Campus Life,Malaysia,2,2,2,0,0
2025-09-08,2025-09,News,Application Process,India,3,3,1,1,1
2025-09-08,2025-09,News,Application Process,China,3,3,1,1,1
2025-09-08,2025-09,News,Application Process,Vietnam,3,2,1,1,1
2025-09-08,2025-09,News,Application Process,Malaysia,4,2,2,1,1
2025-09-08,2025-09,News,Support Services,India,3,3,2,1,0
2025-09-08,2025-09,News,Support Services,China,3,2,2,0,1
2025-09-08,2025-09,News,Support Services,Vietnam,3,3,2,1,0
2025-09-08,2025-09,News,Support Services,Malaysia,3,2,2,1,0
2025-09-08,2025-09,Forums,Visa Processing,India,20,82,6,6,8
2025-09-08,2025-09,Forums,Visa Processing,China,8,23,2,2,4
2025-09-08,2025-09,Forums,Visa Processing,Vietnam,14,77,4,2,8
2025-09-08,2025-09,Forums,Visa Processing,Malaysia,4,21,1,1,2
2025-09-08,2025-09,Forums,Accommodation Cost,India,20,103,4,6,10
2025-09-08,2025-09,Forums,Accommodation Cost,China,10,42,2,3,5
2025-09-08,2025-09,Forums,Accommodation Cost,Vietnam,4,17,1,2,1
2025-09-08,2025-09,Forums,Accommodation Cost,Malaysia,6,26,2,2,2
2025-09-08,2025-09,Forums,Scholarships,India,11,50,7,1,3
2025-09-08,2025-09,Forums,Scholarships,China,10,41,6,1,3
2025-09-08,2025-09,Forums,Scholarships,Vietnam,8,23,5,1,2
2025-09-08,2025-09,Forums,Scholarships,Malaysia,3,12,2,0,1
2025-09-08,2025-09,Forums,Campus Safety,China,3,12,1,1,1
2025-09-08,2025-09,Forums,Campus Safety,Vietnam,4,22,2,0,2
2025-09-08,2025-09,Forums,Campus Safety,Malaysia,6,32,3,1,2
2025-09-08,2025-09,Forums,Course Quality,India,20,73,13,4,3
2025-09-08,2025-09,Forums,Course Quality,China,6,25,4,1,1
2025-09-08,2025-09,Forums,Course Quality,Vietnam,3,11,2,0,1
2025-09-08,2025-09,Forums,Career Outcomes,India,8,40,5,1,2
2025-09-08,2025-09,Forums,Career Outcomes,China,5,26,3,1,1
2025-09-08,2025-09,Forums,Career Outcomes,Vietnam,5,19,3,1,1
2025-09-08,2025-09,Forums,Career Outcomes,Malaysia,2,7,1,0,1
2025-09-08,2025-09,Forums,Part-Time Work Rights,India,8,27,3,2,3
2025-09-08,2025-09,Forums,Part-Time Work Rights,China,10,35,5,1,4
2025-09-08,2025-09,Forums,Campus Life,India,7,23,5,1,1
2025-09-08,2025-09,Forums,Campus Life,China,4,12,3,0,1
2025-09-08,2025-09,Forums,Campus Life,Vietnam,2,8,1,1,0
2025-09-08,2025-09,Forums,Campus Life,Malaysia,5,14,4,0,1
2025-09-08,2025-09,Forums,Application Process,India,13,59,5,4,4
2025-09-08,2025-09,Forums,Application Process,China,4,22,2,1,1
2025-09-08,2025-09,Forums,Application Process,Vietnam,4,13,2,1,1
2025-09-08,2025-09,Forums,Support Services,India,3,9,2,0,1
2025-09-08,2025-09,Forums,Support Services,China,3,11,2,1,0
2025-09-08,2025-09,Forums,Support Services,Vietnam,2,9,2,0,0
2025-09-15,2025-09,TikTok,Visa Processing,India,71,188,25,19,27
2025-09-15,2025-09,TikTok,Visa Processing,China,41,109,17,10,14
2025-09-15,2025-09,TikTok,Visa Processing,Vietnam,19,84,8,3,8
2025-09-15,2025-09,TikTok,Visa Processing,Malaysia,21,72,8,4,9
2025-09-15,2025-09,TikTok,Accommodation Cost,India,4,17,1,1,2
2025-09-15,2025-09,TikTok,Accommodation Cost,China,24,52,3,10,11
2025-09-15,2025-09,TikTok,Accommodation Cost,Malaysia,22,49,3,6,13
2025-09-15,2025-09,TikTok,Scholarships,India,29,121,18,5,6
2025-09-15,2025-09,TikTok,Scholarships,China,18,42,10,3,5
2025-09-15,2025-09,TikTok,Scholarships,Malaysia,11,26,6,2,3
2025-09-15,2025-09,TikTok,Campus Safety,China,4,9,2,1,1
2025-09-15,2025-09,TikTok,Campus Safety,Vietnam,8,26,4,1,3
2025-09-15,2025-09,TikTok,Campus Safety,Malaysia,7,22,3,2,2
2025-09-15,2025-09,TikTok,Course Quality,India,17,39,11,1,5
2025-09-15,2025-09,TikTok,Course Quality,China,5,20,3,1,1
2025-09-15,2025-09,TikTok,Course Quality,Vietnam,2,7,1,1,0
2025-09-15,2025-09,TikTok,Course Quality,Malaysia,15,41,10,1,4
2025-09-15,2025-09,TikTok,Career Outcomes,India,19,75,10,4,5
2025-09-15,2025-09,TikTok,Career Outcomes,China,17,52,9,3,5
2025-09-15,2025-09,TikTok,Career Outcomes,Vietnam,20,54,9,5,6
2025-09-15,2025-09,TikTok,Career Outcomes,Malaysia,11,29,5,2,4
2025-09-15,2025-09,TikTok,Part-Time Work Rights,India,17,49,5,5,7
2025-09-15,2025-09,TikTok,Part-Time Work Rights,China,10,25,3,2,5
2025-09-15,2025-09,TikTok,Part-Time Work Rights,Vietnam,11,29,3,2,6
2025-09-15,2025-09,TikTok,Part-Time Work Rights,Malaysia,6,15,2,1,3
2025-09-15,2025-09,TikTok,Campus Life,India,12,30,7,2,3
2025-09-15,2025-09,TikTok,Campus Life,China,24,56,14,2,8
2025-09-15,2025-09,TikTok,Campus Life,Vietnam,20,72,12,4,4
2025-09-15,2025-09,TikTok,Campus Life,Malaysia,2,6,1,1,0
2025-09-15,2025-09,TikTok,Application Process,India,17,60,7,4,6
2025-09-15,2025-09,TikTok,Application Process,China,20,69,9,4,7
2025-09-15,2025-09,TikTok,Application Process,Vietnam,13,49,6,2,5
2025-09-15,2025-09,TikTok,Application Process,Malaysia,17,48,7,4,6
2025-09-15,2025-09,TikTok,Support Services,India,2,5,1,1,0
2025-09-15,2025-09,TikTok,Support Services,China,14,52,10,2,2
2025-09-15,2025-09,TikTok,Support Services,Vietnam,3,13,2,0,1
2025-09-15,2025-09,Reddit,Visa Processing,India,7,47,3,1,3
2025-09-15,2025-09,Reddit,Visa Processing,China,14,116,5,3,6
2025-09-15,2025-09,Reddit,Visa Processing,Vietnam,14,106,6,3,5
2025-09-15,2025-09,Reddit,Visa Processing,Malaysia,28,156,10,9,9
2025-09-15,2025-09,Reddit,Accommodation Cost,India,28,214,4,9,15
2025-09-15,2025-09,Reddit,Accommodation Cost,China,15,79,3,4,8
2025-09-15,2025-09,Reddit,Accommodation Cost,Vietnam,20,160,2,9,9
2025-09-15,2025-09,Reddit,Accommodation Cost,Malaysia,9,54,1,2,6
2025-09-15,2025-09,Reddit,Scholarships,India,30,170,18,4,8
2025-09-15,2025-09,Reddit,Scholarships,China,12,73,7,2,3
2025-09-15,2025-09,Reddit,Scholarships,Vietnam,8,62,4,2,2
2025-09-15,2025-09,Reddit,Scholarships,Malaysia,6,45,3,1,2
2025-09-15,2025-09,Reddit,Campus Safety,India,28,231,14,7,7
2025-09-15,2025-09,Reddit,Campus Safety,China,19,81,9,5,5
2025-09-15,2025-09,Reddit,Campus Safety,Vietnam,15,74,7,4,4
2025-09-15,2025-09,Reddit,Campus Safety,Malaysia,9,45,5,1,3
2025-09-15,2025-09,Reddit,Course Quality,India,24,206,16,3,5
2025-09-15,2025-09,Reddit,Course Quality,China,21,134,14,2,5
2025-09-15,2025-09,Reddit,Course Quality,Vietnam,17,83,11,2,4
2025-09-15,2025-09,Reddit,Course Quality,Malaysia,3,21,2,0,1
2025-09-15,2025-09,Reddit,Career Outcomes,India,8,56,4,2,2
2025-09-15,2025-09,Reddit,Career Outcomes,China,12,88,7,2,3
2025-09-15,2025-09,Reddit,Career Outcomes,Vietnam,6,53,3,1,2
2025-09-15,2025-09,Reddit,Career Outcomes,Malaysia,8,62,4,2,2
2025-09-15,2025-09,Reddit,Part-Time Work Rights,India,11,72,4,2,5
2025-09-15,2025-09,Reddit,Part-Time Work Rights,China,13,107,4,3,6
2025-09-15,2025-09,Reddit,Part-Time Work Rights,Vietnam,13,72,4,3,6
2025-09-15,2025-09,Reddit,Part-Time Work Rights,Malaysia,7,40,2,2,3
2025-09-15,2025-09,Reddit,Campus Life,India,12,93,8,2,2
2025-09-15,2025-09,Reddit,Campus Life,China,16,139,9,3,4
2025-09-15,2025-09,Reddit,Campus Life,Vietnam,12,86,8,1,3
2025-09-15,2025-09,Reddit,Campus Life,Malaysia,8,60,5,1,2
2025-09-15,2025-09,Reddit,Application Process,India,16,70,6,4,6
2025-09-15,2025-09,Reddit,Application Process,China,17,118,7,3,7
2025-09-15,2025-09,Reddit,Application Process,Vietnam,6,38,2,2,2
2025-09-15,2025-09,Reddit,Application Process,Malaysia,15,123,5,5,5
2025-09-15,2025-09,Reddit,Support Services,India,19,116,14,2,3
2025-09-15,2025-09,Reddit,Support Services,China,16,118,11,3,2
2025-09-15,2025-09,Reddit,Support Services,Vietnam,4,30,3,0,1
2025-09-15,2025-09,Reddit,Support Services,Malaysia,12,93,8,2,2
2025-09-15,2025-09,X (Twitter),Visa Processing,India,45,116,16,14,15
2025-09-15,2025-09,X (Twitter),Visa Processing,China,28,59,11,5,12
2025-09-15,2025-09,X (Twitter),Visa Processing,Vietnam,10,14,4,2,4
2025-09-15,2025-09,X (Twitter),Accommodation Cost,India,35,95,6,13,16
2025-09-15,2025-09,X (Twitter),Accommodation Cost,China,11,23,1,4,6
2025-09-15,2025-09,X (Twitter),Accommodation Cost,Vietnam,9,18,1,3,5
2025-09-15,2025-09,X (Twitter),Accommodation Cost,Malaysia,11,25,2,2,7
2025-09-15,2025-09,X (Twitter),Scholarships,India,20,46,12,3,5
2025-09-15,2025-09,X (Twitter),Scholarships,China,18,37,11,3,4
2025-09-15,2025-09,X (Twitter),Scholarships,Vietnam,8,14,5,1,2
2025-09-15,2025-09,X (Twitter),Campus Safety,India,8,22,4,1,3
2025-09-15,2025-09,X (Twitter),Campus Safety,Vietnam,13,34,6,2,5
2025-09-15,2025-09,X (Twitter),Campus Safety,Malaysia,7,16,3,2,2
2025-09-15,2025-09,X (Twitter),Course Quality,India,12,29,8,1,3
2025-09-15,2025-09,X (Twitter),Course Quality,Vietnam,14,36,9,1,4
2025-09-15,2025-09,X (Twitter),Course Quality,Malaysia,6,13,4,1,1
2025-09-15,2025-09,X (Twitter),Career Outcomes,India,16,31,8,2,6
2025-09-15,2025-09,X (Twitter),Career Outcomes,China,11,16,6,2,3
2025-09-15,2025-09,X (Twitter),Career Outcomes,Vietnam,9,21,5,2,2
2025-09-15,2025-09,X (Twitter),Career Outcomes,Malaysia,8,23,4,2,2
2025-09-15,2025-09,X (Twitter),Part-Time Work Rights,India,9,26,3,2,4
2025-09-15,2025-09,X (Twitter),Part-Time Work Rights,China,11,16,4,3,4
2025-09-15,2025-09,X (Twitter),Part-Time Work Rights,Vietnam,5,10,1,1,3
2025-09-15,2025-09,X (Twitter),Part-Time Work Rights,Malaysia,8,16,2,2,4
2025-09-15,2025-09,X (Twitter),Campus Life,India,22,53,14,2,6
2025-09-15,2025-09,X (Twitter),Campus Life,China,15,44,9,1,5
2025-09-15,2025-09,X (Twitter),Campus Life,Vietnam,5,13,3,1,1
2025-09-15,2025-09,X (Twitter),Application Process,India,25,36,10,3,12
2025-09-15,2025-09,X (Twitter),Application Process,China,20,51,8,4,8
2025-09-15,2025-09,X (Twitter),Application Process,Vietnam,6,13,2,2,2
2025-09-15,2025-09,X (Twitter),Application Process,Malaysia,8,13,3,1,4
2025-09-15,2025-09,X (Twitter),Support Services,China,9,25,7,0,2
2025-09-15,2025-09,X (Twitter),Support Services,Vietnam,10,21,7,1,2
2025-09-15,2025-09,X (Twitter),Support Services,Malaysia,9,14,6,1,2
2025-09-15,2025-09,News,Visa Processing,India,5,3,2,1,2
2025-09-15,2025-09,News,Visa Processing,China,2,1,1,0,1
2025-09-15,2025-09,News,Visa Processing,Vietnam,4,2,1,1,2
2025-09-15,2025-09,News,Visa Processing,Malaysia,8,6,3,2,3
2025-09-15,2025-09,News,Accommodation Cost,India,1,1,0,0,1
2025-09-15,2025-09,News,Accommodation Cost,China,12,8,1,3,8
2025-09-15,2025-09,News,Accommodation Cost,Vietnam,3,3,0,2,1
2025-09-15,2025-09,News,Accommodation Cost,Malaysia,2,1,0,1,1
2025-09-15,2025-09,News,Scholarships,India,6,3,4,1,1
2025-09-15,2025-09,News,Scholarships,Vietnam,6,5,3,2,1
2025-09-15,2025-09,News,Scholarships,Malaysia,4,3,2,1,1
2025-09-15,2025-09,News,Campus Safety,India,2,2,1,0,1
2025-09-15,2025-09,News,Campus Safety,China,6,4,3,1,2
2025-09-15,2025-09,News,Campus Safety,Vietnam,4,3,2,1,1
2025-09-15,2025-09,News,Course Quality,India,3,3,2,0,1
2025-09-15,2025-09,News,Course Quality,China,4,4,2,1,1
2025-09-15,2025-09,News,Course Quality,Vietnam,5,3,3,1,1
2025-09-15,2025-09,News,Course Quality,Malaysia,2,1,1,0,1
2025-09-15,2025-09,News,Career Outcomes,China,3,3,1,1,1
2025-09-15,2025-09,News,Career Outcomes,Vietnam,5,3,3,1,1
2025-09-15,2025-09,News,Career Outcomes,Malaysia,3,2,1,1,1
2025-09-15,2025-09,News,Part-Time Work Rights,India,5,3,1,1,3
2025-09-15,2025-09,News,Part-Time Work Rights,China,4,4,1,1,2
2025-09-15,2025-09,News,Part-Time Work Rights,Vietnam,3,2,1,1,1
2025-09-15,2025-09,News,Part-Time Work Rights,Malaysia,3,3,1,0,2
2025-09-15,2025-09,News,Campus Life,China,3,2,2,0,1
2025-09-15,2025-09,News,Campus Life,Vietnam,1,1,1,0,0
2025-09-15,2025-09,News,Campus Life,Malaysia,4,4,3,0,1
2025-09-15,2025-09,News,Application Process,India,2,2,1,0,1
2025-09-15,2025-09,News,Application Process,China,4,3,2,0,2
2025-09-15,2025-09,News,Application Process,Vietnam,2,2,1,0,1
2025-09-15,2025-09,News,Application Process,Malaysia,3,2,1,1,1
2025-09-15,2025-09,News,Support Services,India,2,1,1,1,0
2025-09-15,2025-09,News,Support Services,China,5,5,4,0,1
2025-09-15,2025-09,News,Support Services,Vietnam,2,1,1,1,0
2025-09-15,2025-09,News,Support Services,Malaysia,1,1,1,0,0
2025-09-15,2025-09,Forums,Visa Processing,China,16,89,6,4,6
2025-09-15,2025-09,Forums,Visa Processing,Vietnam,15,78,5,5,5
2025-09-15,2025-09,Forums,Visa Processing,Malaysia,2,7,1,0,1
2025-09-15,2025-09,Forums,Accommodation Cost,India,18,66,2,6,10
2025-09-15,2025-09,Forums,Accommodation Cost,China,13,63,2,3,8
2025-09-15,2025-09,Forums,Accommodation Cost,Vietnam,4,21,1,1,2
2025-09-15,2025-09,Forums,Accommodation Cost,Malaysia,11,60,2,3,6
2025-09-15,2025-09,Forums,Scholarships,India,10,44,6,1,3
2025-09-15,2025-09,Forums,Scholarships,China,4,17,2,1,1
2025-09-15,2025-09,Forums,Scholarships,Vietnam,6,25,4,0,2
2025-09-15,2025-09,Forums,Scholarships,Malaysia,3,9,2,0,1
2025-09-15,2025-09,Forums,Campus Safety,India,8,44,4,1,3
2025-09-15,2025-09,Forums,Campus Safety,China,6,25,3,1,2
2025-09-15,2025-09,Forums,Campus Safety,Vietnam,6,25,3,1,2
2025-09-15,2025-09,Forums,Campus Safety,Malaysia,4,22,2,1,1
2025-09-15,2025-09,Forums,Course Quality,India,12,46,7,2,3
2025-09-15,2025-09,Forums,Course Quality,China,12,54,8,1,3
2025-09-15,2025-09,Forums,Course Quality,Vietnam,2,6,1,0,1
2025-09-15,2025-09,Forums,Course Quality,Malaysia,7,33,4,1,2
2025-09-15,2025-09,Forums,Career Outcomes,India,9,28,5,1,3
2025-09-15,2025-09,Forums,Career Outcomes,China,4,18,2,1,1
2025-09-15,2025-09,Forums,Career Outcomes,Vietnam,6,23,3,2,1
2025-09-15,2025-09,Forums,Career Outcomes,Malaysia,3,13,1,1,1
2025-09-15,2025-09,Forums,Part-Time Work Rights,India,4,14,1,1,2
2025-09-15,2025-09,Forums,Part-Time Work Rights,China,7,21,2,2,3
2025-09-15,2025-09,Forums,Part-Time Work Rights,Vietnam,2,8,1,0,1
2025-09-15,2025-09,Forums,Part-Time Work Rights,Malaysia,4,14,1,1,2
2025-09-15,2025-09,Forums,Campus Life,India,6,17,4,1,1
2025-09-15,2025-09,Forums,Campus Life,China,5,26,3,1,1
2025-09-15,2025-09,Forums,Campus Life,Vietnam,9,30,6,1,2
2025-09-15,2025-09,Forums,Application Process,India,10,44,4,3,3
2025-09-15,2025-09,Forums,Application Process,China,11,41,5,2,4
2025-09-15,2025-09,Forums,Application Process,Vietnam,3,10,1,1,1
2025-09-15,2025-09,Forums,Application Process,Malaysia,6,21,2,1,3
2025-09-15,2025-09,Forums,Support Services,India,2,6,1,1,0
2025-09-15,2025-09,Forums,Support Services,China,4,14,3,0,1
2025-09-15,2025-09,Forums,Support Services,Vietnam,1,3,1,0,0
2025-09-15,2025-09,Forums,Support Services,Malaysia,3,15,2,0,1
2025-09-22,2025-09,TikTok,Visa Processing,India,9,27,3,2,4
2025-09-22,2025-09,TikTok,Visa Processing,China,29,66,11,7,11
2025-09-22,2025-09,TikTok,Visa Processing,Vietnam,26,77,9,6,11
2025-09-22,2025-09,TikTok,Visa Processing,Malaysia,22,58,8,6,8
2025-09-22,2025-09,TikTok,Accommodation Cost,India,35,147,6,8,21
2025-09-22,2025-09,TikTok,Accommodation Cost,China,21,78,2,10,9
2025-09-22,2025-09,TikTok,Accommodation Cost,Vietnam,8,33,1,3,4
2025-09-22,2025-09,TikTok,Accommodation Cost,Malaysia,19,81,2,8,9
2025-09-22,2025-09,TikTok,Scholarships,India,34,95,14,9,11
2025-09-22,2025-09,TikTok,Scholarships,China,11,28,5,2,4
2025-09-22,2025-09,TikTok,Scholarships,Vietnam,16,47,7,3,6
2025-09-22,2025-09,TikTok,Campus Safety,India,20,83,12,4,4
2025-09-22,2025-09,TikTok,Campus Safety,China,8,34,5,1,2
2025-09-22,2025-09,TikTok,Campus Safety,Vietnam,8,31,5,1,2
2025-09-22,2025-09,TikTok,Campus Safety,Malaysia,13,49,8,1,4
2025-09-22,2025-09,TikTok,Course Quality,India,41,91,24,6,11
2025-09-22,2025-09,TikTok,Course Quality,China,4,9,2,1,1
2025-09-22,2025-09,TikTok,Course Quality,Vietnam,17,75,10,2,5
2025-09-22,2025-09,TikTok,Course Quality,Malaysia,11,28,6,2,3
2025-09-22,2025-09,TikTok,Career Outcomes,India,13,34,7,2,4
2025-09-22,2025-09,TikTok,Career Outcomes,China,4,17,2,1,1
2025-09-22,2025-09,TikTok,Career Outcomes,Vietnam,14,48,7,2,5
2025-09-22,2025-09,TikTok,Career Outcomes,Malaysia,4,16,2,1,1
2025-09-22,2025-09,TikTok,Part-Time Work Rights,India,7,16,2,2,3
2025-09-22,2025-09,TikTok,Part-Time Work Rights,China,7,22,2,2,3
2025-09-22,2025-09,TikTok,Part-Time Work Rights,Vietnam,3,13,1,1,1
2025-09-22,2025-09,TikTok,Part-Time Work Rights,Malaysia,3,10,1,1,1
2025-09-22,2025-09,TikTok,Campus Life,China,14,51,8,1,5
2025-09-22,2025-09,TikTok,Campus Life,Vietnam,6,24,3,2,1
2025-09-22,2025-09,TikTok,Campus Life,Malaysia,9,22,5,1,3
2025-09-22,2025-09,TikTok,Application Process,India,39,98,15,10,14
2025-09-22,2025-09,TikTok,Application Process,China,9,24,3,2,4
2025-09-22,2025-09,TikTok,Application Process,Malaysia,15,64,6,3,6
2025-09-22,2025-09,TikTok,Support Services,India,12,27,9,1,2
2025-09-22,2025-09,TikTok,Support Services,China,7,16,5,1,1
2025-09-22,2025-09,TikTok,Support Services,Malaysia,5,20,4,0,1
2025-09-22,2025-09,Reddit,Visa Processing,India,24,151,10,5,9
2025-09-22,2025-09,Reddit,Visa Processing,China,15,85,6,4,5
2025-09-22,2025-09,Reddit,Visa Processing,Vietnam,10,46,4,3,3
2025-09-22,2025-09,Reddit,Visa Processing,Malaysia,24,214,10,3,11
2025-09-22,2025-09,Reddit,Accommodation Cost,India,30,216,3,8,19
2025-09-22,2025-09,Reddit,Accommodation Cost,China,26,153,4,9,13
2025-09-22,2025-09,Reddit,Accommodation Cost,Vietnam,6,38,1,1,4
2025-09-22,2025-09,Reddit,Scholarships,India,13,80,6,2,5
2025-09-22,2025-09,Reddit,Scholarships,China,8,38,4,1,3
2025-09-22,2025-09,Reddit,Scholarships,Vietnam,13,90,5,3,5
2025-09-22,2025-09,Reddit,Scholarships,Malaysia,13,92,5,3,5
2025-09-22,2025-09,Reddit,Campus Safety,Vietnam,13,118,9,2,2
2025-09-22,2025-09,Reddit,Campus Safety,Malaysia,5,35,3,0,2
2025-09-22,2025-09,Reddit,Course Quality,India,7,38,4,2,1
2025-09-22,2025-09,Reddit,Course Quality,China,5,32,3,0,2
2025-09-22,2025-09,Reddit,Course Quality,Vietnam,11,96,7,1,3
2025-09-22,2025-09,Reddit,Course Quality,Malaysia,6,49,4,0,2
2025-09-22,2025-09,Reddit,Career Outcomes,India,9,70,5,1,3
2025-09-22,2025-09,Reddit,Career Outcomes,Malaysia,9,46,5,2,2
2025-09-22,2025-09,Reddit,Part-Time Work Rights,India,16,130,4,6,6
2025-09-22,2025-09,Reddit,Part-Time Work Rights,China,10,61,3,2,5
2025-09-22,2025-09,Reddit,Part-Time Work Rights,Vietnam,7,30,2,1,4
2025-09-22,2025-09,Reddit,Part-Time Work Rights,Malaysia,3,24,1,0,2
2025-09-22,2025-09,Reddit,Campus Life,China,15,125,8,3,4
2025-09-22,2025-09,Reddit,Campus Life,Vietnam,11,64,6,3,2
2025-09-22,2025-09,Reddit,Campus Life,Malaysia,10,65,5,2,3
2025-09-22,2025-09,Reddit,Application Process,India,15,106,5,5,5
2025-09-22,2025-09,Reddit,Application Process,Malaysia,12,80,4,4,4
2025-09-22,2025-09,Reddit,Support Services,India,4,28,3,1,0
2025-09-22,2025-09,Reddit,Support Services,China,11,81,9,0,2
2025-09-22,2025-09,Reddit,Support Services,Vietnam,7,40,6,0,1
2025-09-22,2025-09,Reddit,Support Services,Malaysia,4,24,3,0,1
2025-09-22,2025-09,X (Twitter),Visa Processing,India,34,72,13,4,17
2025-09-22,2025-09,X (Twitter),Visa Processing,China,18,28,7,4,7
2025-09-22,2025-09,X (Twitter),Visa Processing,Malaysia,8,12,3,2,3
2025-09-22,2025-09,X (Twitter),Accommodation Cost,India,21,60,3,6,12
2025-09-22,2025-09,X (Twitter),Accommodation Cost,China,22,64,2,7,13
2025-09-22,2025-09,X (Twitter),Accommodation Cost,Vietnam,16,24,2,3,11
2025-09-22,2025-09,X (Twitter),Accommodation Cost,Malaysia,14,25,1,6,7
2025-09-22,2025-09,X (Twitter),Scholarships,India,19,44,8,5,6
2025-09-22,2025-09,X (Twitter),Scholarships,China,19,28,9,3,7
2025-09-22,2025-09,X (Twitter),Scholarships,Vietnam,21,35,9,5,7
2025-09-22,2025-09,X (Twitter),Scholarships,Malaysia,8,20,3,2,3
2025-09-22,2025-09,X (Twitter),Campus Safety,India,5,7,3,1,1
2025-09-22,2025-09,X (Twitter),Campus Safety,China,4,7,3,0,1
2025-09-22,2025-09,X (Twitter),Campus Safety,Vietnam,3,9,2,0,1
2025-09-22,2025-09,X (Twitter),Course Quality,India,20,51,11,4,5
2025-09-22,2025-09,X (Twitter),Course Quality,Vietnam,11,25,6,2,3
2025-09-22,2025-09,X (Twitter),Course Quality,Malaysia,7,18,4,1,2
2025-09-22,2025-09,X (Twitter),Career Outcomes,India,17,35,9,2,6
2025-09-22,2025-09,X (Twitter),Career Outcomes,China,12,29,6,2,4
2025-09-22,2025-09,X (Twitter),Career Outcomes,Vietnam,6,15,3,1,2
2025-09-22,2025-09,X (Twitter),Part-Time Work Rights,China,1,2,0,0,1
2025-09-22,2025-09,X (Twitter),Part-Time Work Rights,Vietnam,5,8,2,0,3
2025-09-22,2025-09,X (Twitter),Campus Life,India,17,45,10,3,4
2025-09-22,2025-09,X (Twitter),Campus Life,China,9,23,5,2,2
2025-09-22,2025-09,X (Twitter),Campus Life,Malaysia,7,20,4,1,2
2025-09-22,2025-09,X (Twitter),Application Process,India,17,30,6,5,6
2025-09-22,2025-09,X (Twitter),Application Process,China,11,32,4,3,4
2025-09-22,2025-09,X (Twitter),Application Process,Vietnam,15,41,5,3,7
2025-09-22,2025-09,X (Twitter),Application Process,Malaysia,10,28,4,2,4
2025-09-22,2025-09,X (Twitter),Support Services,India,11,25,9,0,2
2025-09-22,2025-09,X (Twitter),Support Services,China,8,13,6,1,1
2025-09-22,2025-09,X (Twitter),Support Services,Vietnam,9,14,7,1,1
2025-09-22,2025-09,X (Twitter),Support Services,Malaysia,3,5,2,1,0
2025-09-22,2025-09,News,Visa Processing,India,5,5,2,1,2
2025-09-22,2025-09,News,Visa Processing,China,13,7,5,3,5
2025-09-22,2025-09,News,Visa Processing,Vietnam,4,2,2,1,1
2025-09-22,2025-09,News,Visa Processing,Malaysia,4,3,2,1,1
2025-09-22,2025-09,News,Accommodation Cost,India,9,7,1,2,6
2025-09-22,2025-09,News,Accommodation Cost,China,1,1,0,1,0
2025-09-22,2025-09,News,Accommodation Cost,Vietnam,6,4,1,2,3
2025-09-22,2025-09,News,Scholarships,China,3,3,1,1,1
2025-09-22,2025-09,News,Scholarships,Vietnam,4,4,2,0,2
2025-09-22,2025-09,News,Scholarships,Malaysia,2,2,1,0,1
2025-09-22,2025-09,News,Campus Safety,India,5,4,3,1,1
2025-09-22,2025-09,News,Campus Safety,China,2,1,1,1,0
2025-09-22,2025-09,News,Campus Safety,Vietnam,3,3,2,0,1
2025-09-22,2025-09,News,Campus Safety,Malaysia,2,2,1,1,0
2025-09-22,2025-09,News,Course Quality,India,6,4,4,0,2
2025-09-22,2025-09,News,Course Quality,China,4,4,2,1,1
2025-09-22,2025-09,News,Course Quality,Vietnam,4,3,2,1,1
2025-09-22,2025-09,News,Course Quality,Malaysia,3,2,2,0,1
2025-09-22,2025-09,News,Career Outcomes,India,2,2,1,0,1
2025-09-22,2025-09,News,Career Outcomes,China,5,5,3,1,1
2025-09-22,2025-09,News,Career Outcomes,Vietnam,4,3,2,1,1
2025-09-22,2025-09,News,Career Outcomes,Malaysia,3,2,1,1,1
2025-09-22,2025-09,News,Part-Time Work Rights,India,5,4,1,2,2
2025-09-22,2025-09,News,Part-Time Work Rights,China,3,2,1,1,1
2025-09-22,2025-09,News,Part-Time Work Rights,Vietnam,2,1,1,0,1
2025-09-22,2025-09,News,Part-Time Work Rights,Malaysia,2,1,1,0,1
2025-09-22,2025-09,News,Campus Life,India,4,4,2,1,1
2025-09-22,2025-09,News,Campus Life,Vietnam,5,4,3,1,1
2025-09-22,2025-09,News,Application Process,India,7,5,3,1,3
2025-09-22,2025-09,News,Application Process,China,5,3,2,1,2
2025-09-22,2025-09,News,Application Process,Vietnam,5,4,2,1,2
2025-09-22,2025-09,News,Support Services,India,2,1,2,0,0
2025-09-22,2025-09,News,Support Services,China,3,2,2,0,1
2025-09-22,2025-09,News,Support Services,Vietnam,2,2,2,0,0
2025-09-22,2025-09,News,Support Services,Malaysia,2,2,1,1,0
2025-09-22,2025-09,Forums,Visa Processing,India,23,67,8,4,11
2025-09-22,2025-09,Forums,Visa Processing,Vietnam,11,52,4,2,5
2025-09-22,2025-09,Forums,Visa Processing,Malaysia,3,15,1,1,1
2025-09-22,2025-09,Forums,Accommodation Cost,India,4,10,0,2,2
2025-09-22,2025-09,Forums,Accommodation Cost,China,7,30,1,1,5
2025-09-22,2025-09,Forums,Accommodation Cost,Vietnam,9,47,1,3,5
2025-09-22,2025-09,Forums,Accommodation Cost,Malaysia,8,30,1,2,5
2025-09-22,2025-09,Forums,Scholarships,India,13,65,6,3,4
2025-09-22,2025-09,Forums,Scholarships,China,10,38,4,2,4
2025-09-22,2025-09,Forums,Scholarships,Vietnam,5,17,2,1,2
2025-09-22,2025-09,Forums,Scholarships,Malaysia,5,26,2,1,2
2025-09-22,2025-09,Forums,Campus Safety,China,6,17,4,0,2
2025-09-22,2025-09,Forums,Campus Safety,Vietnam,5,23,3,1,1
2025-09-22,2025-09,Forums,Campus Safety,Malaysia,2,6,1,0,1
2025-09-22,2025-09,Forums,Course Quality,India,8,31,5,1,2
2025-09-22,2025-09,Forums,Course Quality,China,6,18,4,0,2
2025-09-22,2025-09,Forums,Course Quality,Malaysia,3,11,2,0,1
2025-09-22,2025-09,Forums,Career Outcomes,India,3,15,2,0,1
2025-09-22,2025-09,Forums,Career Outcomes,China,9,41,4,2,3
2025-09-22,2025-09,Forums,Career Outcomes,Vietnam,4,19,2,1,1
2025-09-22,2025-09,Forums,Career Outcomes,Malaysia,6,34,3,1,2
2025-09-22,2025-09,Forums,Part-Time Work Rights,India,10,49,3,3,4
2025-09-22,2025-09,Forums,Part-Time Work Rights,China,9,38,3,2,4
2025-09-22,2025-09,Forums,Part-Time Work Rights,Malaysia,3,10,1,0,2
2025-09-22,2025-09,Forums,Campus Life,China,6,22,3,2,1
2025-09-22,2025-09,Forums,Campus Life,Vietnam,4,11,2,1,1
2025-09-22,2025-09,Forums,Campus Life,Malaysia,2,9,1,0,1
2025-09-22,2025-09,Forums,Application Process,India,3,13,1,1,1
2025-09-22,2025-09,Forums,Application Process,China,6,19,2,2,2
2025-09-22,2025-09,Forums,Application Process,Vietnam,6,17,2,2,2
2025-09-22,2025-09,Forums,Support Services,India,8,33,6,1,1
2025-09-22,2025-09,Forums,Support Services,China,4,12,3,0,1
2025-09-22,2025-09,Forums,Support Services,Vietnam,3,12,2,0,1
2025-09-22,2025-09,Forums,Support Services,Malaysia,3,15,2,1,0
2025-09-29,2025-09,TikTok,Visa Processing,India,38,116,21,6,11
2025-09-29,2025-09,TikTok,Visa Processing,Vietnam,26,66,13,6,7
2025-09-29,2025-09,TikTok,Visa Processing,Malaysia,12,48,7,1,4
2025-09-29,2025-09,TikTok,Accommodation Cost,India,34,87,4,9,21
2025-09-29,2025-09,TikTok,Accommodation Cost,China,15,57,2,6,7
2025-09-29,2025-09,TikTok,Accommodation Cost,Vietnam,20,81,2,8,10
2025-09-29,2025-09,TikTok,Accommodation Cost,Malaysia,19,76,2,4,13
2025-09-29,2025-09,TikTok,Scholarships,India,31,136,18,5,8
2025-09-29,2025-09,TikTok,Scholarships,China,19,75,10,2,7
2025-09-29,2025-09,TikTok,Scholarships,Vietnam,21,69,11,4,6
2025-09-29,2025-09,TikTok,Scholarships,Malaysia,17,67,9,3,5
2025-09-29,2025-09,TikTok,Campus Safety,India,34,124,24,5,5
2025-09-29,2025-09,TikTok,Campus Safety,China,9,36,6,1,2
2025-09-29,2025-09,TikTok,Campus Safety,Malaysia,8,25,6,0,2
2025-09-29,2025-09,TikTok,Course Quality,India,25,89,16,2,7
2025-09-29,2025-09,TikTok,Course Quality,China,9,36,6,1,2
2025-09-29,2025-09,TikTok,Course Quality,Vietnam,23,58,14,2,7
2025-09-29,2025-09,TikTok,Course Quality,Malaysia,14,59,9,2,3
2025-09-29,2025-09,TikTok,Career Outcomes,India,21,94,7,5,9
2025-09-29,2025-09,TikTok,Career Outcomes,China,20,87,5,7,8
2025-09-29,2025-09,TikTok,Career Outcomes,Vietnam,17,39,5,5,7
2025-09-29,2025-09,TikTok,Career Outcomes,Malaysia,9,33,3,1,5
2025-09-29,2025-09,TikTok,Part-Time Work Rights,China,11,40,4,3,4
2025-09-29,2025-09,TikTok,Part-Time Work Rights,Vietnam,4,12,1,1,2
2025-09-29,2025-09,TikTok,Part-Time Work Rights,Malaysia,4,14,1,1,2
2025-09-29,2025-09,TikTok,Campus Life,India,34,97,19,7,8
2025-09-29,2025-09,TikTok,Campus Life,China,17,59,10,3,4
2025-09-29,2025-09,TikTok,Campus Life,Vietnam,2,8,1,0,1
2025-09-29,2025-09,TikTok,Campus Life,Malaysia,13,47,7,1,5
2025-09-29,2025-09,TikTok,Application Process,India,13,36,4,3,6
2025-09-29,2025-09,TikTok,Application Process,China,26,76,9,4,13
2025-09-29,2025-09,TikTok,Application Process,Vietnam,15,42,5,4,6
2025-09-29,2025-09,TikTok,Support Services,India,11,28,8,0,3
2025-09-29,2025-09,TikTok,Support Services,China,17,46,11,3,3
2025-09-29,2025-09,TikTok,Support Services,Vietnam,10,26,7,1,2
2025-09-29,2025-09,TikTok,Support Services,Malaysia,8,20,6,1,1
2025-09-29,2025-09,Reddit,Visa Processing,India,19,150,10,3,6
2025-09-29,2025-09,Reddit,Visa Processing,China,28,154,14,4,10
2025-09-29,2025-09,Reddit,Visa Processing,Vietnam,6,36,3,1,2
2025-09-29,2025-09,Reddit,Visa Processing,Malaysia,11,83,6,1,4
2025-09-29,2025-09,Reddit,Accommodation Cost,India,36,265,2,14,20
2025-09-29,2025-09,Reddit,Accommodation Cost,China,17,133,1,4,12
2025-09-29,2025-09,Reddit,Accommodation Cost,Vietnam,6,31,1,2,3
2025-09-29,2025-09,Reddit,Accommodation Cost,Malaysia,7,41,1,3,3
2025-09-29,2025-09,Reddit,Scholarships,China,15,106,9,1,5
2025-09-29,2025-09,Reddit,Scholarships,Vietnam,12,60,7,1,4
2025-09-29,2025-09,Reddit,Scholarships,Malaysia,18,155,10,2,6
2025-09-29,2025-09,Reddit,Campus Safety,India,15,115,10,2,3
2025-09-29,2025-09,Reddit,Campus Safety,China,3,25,2,0,1
2025-09-29,2025-09,Reddit,Campus Safety,Vietnam,7,57,5,0,2
2025-09-29,2025-09,Reddit,Campus Safety,Malaysia,10,58,7,1,2
2025-09-29,2025-09,Reddit,Course Quality,China,9,73,6,1,2
2025-09-29,2025-09,Reddit,Course Quality,Malaysia,6,35,4,0,2
2025-09-29,2025-09,Reddit,Career Outcomes,India,17,139,5,3,9
2025-09-29,2025-09,Reddit,Career Outcomes,China,11,74,4,3,4
2025-09-29,2025-09,Reddit,Career Outcomes,Vietnam,2,13,1,0,1
2025-09-29,2025-09,Reddit,Career Outcomes,Malaysia,2,16,1,0,1
2025-09-29,2025-09,Reddit,Part-Time Work Rights,India,13,84,4,4,5
2025-09-29,2025-09,Reddit,Part-Time Work Rights,China,12,62,4,3,5
2025-09-29,2025-09,Reddit,Part-Time Work Rights,Vietnam,7,36,2,2,3
2025-09-29,2025-09,Reddit,Part-Time Work Rights,Malaysia,7,54,2,2,3
2025-09-29,2025-09,Reddit,Campus Life,India,33,150,18,4,11
2025-09-29,2025-09,Reddit,Campus Life,China,3,22,2,0,1
2025-09-29,2025-09,Reddit,Campus Life,Vietnam,11,49,6,2,3
2025-09-29,2025-09,Reddit,Campus Life,Malaysia,10,64,6,1,3
2025-09-29,2025-09,Reddit,Application Process,India,16,139,5,2,9
2025-09-29,2025-09,Reddit,Application Process,China,19,90,6,6,7
2025-09-29,2025-09,Reddit,Application Process,Vietnam,11,85,3,2,6
2025-09-29,2025-09,Reddit,Application Process,Malaysia,14,85,4,3,7
2025-09-29,2025-09,Reddit,Support Services,India,17,103,11,2,4
2025-09-29,2025-09,Reddit,Support Services,Vietnam,10,86,7,1,2
2025-09-29,2025-09,Reddit,Support Services,Malaysia,2,15,1,1,0
2025-09-29,2025-09,X (Twitter),Visa Processing,India,33,50,18,6,9
2025-09-29,2025-09,X (Twitter),Visa Processing,China,15,37,8,2,5
2025-09-29,2025-09,X (Twitter),Visa Processing,Vietnam,15,32,8,3,4
2025-09-29,2025-09,X (Twitter),Visa Processing,Malaysia,15,32,8,2,5
2025-09-29,2025-09,X (Twitter),Accommodation Cost,India,27,47,2,12,13
2025-09-29,2025-09,X (Twitter),Accommodation Cost,China,5,13,1,1,3
2025-09-29,2025-09,X (Twitter),Scholarships,India,32,56,16,8,8
2025-09-29,2025-09,X (Twitter),Scholarships,China,5,9,3,0,2
2025-09-29,2025-09,X (Twitter),Scholarships,Malaysia,10,16,5,1,4
2025-09-29,2025-09,X (Twitter),Campus Safety,India,7,20,5,1,1
2025-09-29,2025-09,X (Twitter),Campus Safety,Vietnam,10,26,7,1,2
2025-09-29,2025-09,X (Twitter),Course Quality,China,6,15,4,1,1
2025-09-29,2025-09,X (Twitter),Course Quality,Malaysia,9,18,6,1,2
2025-09-29,2025-09,X (Twitter),Career Outcomes,India,20,30,6,6,8
2025-09-29,2025-09,X (Twitter),Career Outcomes,China,14,36,4,4,6
2025-09-29,2025-09,X (Twitter),Career Outcomes,Vietnam,8,11,3,1,4
2025-09-29,2025-09,X (Twitter),Part-Time Work Rights,India,11,26,4,2,5
2025-09-29,2025-09,X (Twitter),Part-Time Work Rights,China,11,31,4,2,5
2025-09-29,2025-09,X (Twitter),Part-Time Work Rights,Vietnam,12,33,4,3,5
2025-09-29,2025-09,X (Twitter),Part-Time Work Rights,Malaysia,9,16,3,2,4
2025-09-29,2025-09,X (Twitter),Campus Life,India,12,29,6,1,5
2025-09-29,2025-09,X (Twitter),Campus Life,China,16,41,9,1,6
2025-09-29,2025-09,X (Twitter),Campus Life,Vietnam,6,17,3,1,2
2025-09-29,2025-09,X (Twitter),Campus Life,Malaysia,9,24,5,1,3
2025-09-29,2025-09,X (Twitter),Application Process,India,12,27,4,3,5
2025-09-29,2025-09,X (Twitter),Application Process,China,5,11,2,1,2
2025-09-29,2025-09,X (Twitter),Application Process,Vietnam,12,20,4,4,4
2025-09-29,2025-09,X (Twitter),Application Process,Malaysia,9,22,2,3,4
2025-09-29,2025-09,X (Twitter),Support Services,India,3,8,2,0,1
2025-09-29,2025-09,X (Twitter),Support Services,China,8,14,5,1,2
2025-09-29,2025-09,X (Twitter),Support Services,Vietnam,8,20,5,1,2
2025-09-29,2025-09,X (Twitter),Support Services,Malaysia,1,2,1,0,0
2025-09-29,2025-09,News,Visa Processing,China,6,3,3,1,2
2025-09-29,2025-09,News,Visa Processing,Vietnam,5,5,3,1,1
2025-09-29,2025-09,News,Visa Processing,Malaysia,5,3,2,1,2
2025-09-29,2025-09,News,Accommodation Cost,India,9,10,0,4,5
2025-09-29,2025-09,News,Accommodation Cost,China,5,3,0,2,3
2025-09-29,2025-09,News,Accommodation Cost,Vietnam,4,3,0,2,2
2025-09-29,2025-09,News,Scholarships,China,3,3,2,0,1
2025-09-29,2025-09,News,Scholarships,Vietnam,5,3,3,1,1
2025-09-29,2025-09,News,Scholarships,Malaysia,3,2,2,0,1
2025-09-29,2025-09,News,Campus Safety,India,2,2,1,1,0
2025-09-29,2025-09,News,Campus Safety,Vietnam,4,3,3,0,1
2025-09-29,2025-09,News,Campus Safety,Malaysia,2,1,1,1,0
2025-09-29,2025-09,News,Course Quality,India,5,4,3,1,1
2025-09-29,2025-09,News,Course Quality,China,6,5,4,0,2
2025-09-29,2025-09,News,Course Quality,Vietnam,5,5,3,1,1
2025-09-29,2025-09,News,Course Quality,Malaysia,3,2,2,0,1
2025-09-29,2025-09,News,Career Outcomes,India,7,6,2,3,2
2025-09-29,2025-09,News,Career Outcomes,China,2,2,1,0,1
2025-09-29,2025-09,News,Career Outcomes,Vietnam,1,1,0,1,0
2025-09-29,2025-09,News,Career Outcomes,Malaysia,2,2,1,0,1
2025-09-29,2025-09,News,Part-Time Work Rights,India,5,5,2,1,2
2025-09-29,2025-09,News,Part-Time Work Rights,China,5,3,2,0,3
2025-09-29,2025-09,News,Part-Time Work Rights,Vietnam,2,1,1,0,1
2025-09-29,2025-09,News,Part-Time Work Rights,Malaysia,3,3,1,1,1
2025-09-29,2025-09,News,Campus Life,India,5,4,3,0,2
2025-09-29,2025-09,News,Campus Life,China,5,4,3,0,2
2025-09-29,2025-09,News,Campus Life,Vietnam,6,4,3,1,2
2025-09-29,2025-09,News,Campus Life,Malaysia,1,1,1,0,0
2025-09-29,2025-09,News,Application Process,India,6,4,2,1,3
2025-09-29,2025-09,News,Application Process,China,3,3,1,1,1
2025-09-29,2025-09,News,Application Process,Vietnam,2,2,1,0,1
2025-09-29,2025-09,News,Application Process,Malaysia,3,2,1,0,2
2025-09-29,2025-09,News,Support Services,India,2,1,1,0,1
2025-09-29,2025-09,News,Support Services,Vietnam,3,3,2,0,1
2025-09-29,2025-09,News,Support Services,Malaysia,2,1,1,1,0
2025-09-29,2025-09,Forums,Visa Processing,India,21,59,12,4,5
2025-09-29,2025-09,Forums,Visa Processing,China,5,17,2,1,2
2025-09-29,2025-09,Forums,Visa Processing,Vietnam,4,18,2,1,1
2025-09-29,2025-09,Forums,Visa Processing,Malaysia,8,32,4,2,2
2025-09-29,2025-09,Forums,Accommodation Cost,India,14,46,2,3,9
2025-09-29,2025-09,Forums,Accommodation Cost,China,12,66,1,4,7
2025-09-29,2025-09,Forums,Accommodation Cost,Vietnam,5,15,0,2,3
2025-09-29,2025-09,Forums,Accommodation Cost,Malaysia,2,6,0,1,1
2025-09-29,2025-09,Forums,Scholarships,India,14,51,8,2,4
2025-09-29,2025-09,Forums,Scholarships,China,9,24,5,1,3
2025-09-29,2025-09,Forums,Scholarships,Vietnam,1,5,1,0,0
2025-09-29,2025-09,Forums,Scholarships,Malaysia,9,44,5,2,2
2025-09-29,2025-09,Forums,Campus Safety,India,7,31,5,1,1
2025-09-29,2025-09,Forums,Campus Safety,China,1,3,1,0,0
2025-09-29,2025-09,Forums,Course Quality,India,14,78,9,1,4
2025-09-29,2025-09,Forums,Course Quality,Vietnam,8,29,5,2,1
2025-09-29,2025-09,Forums,Course Quality,Malaysia,2,6,1,1,0
2025-09-29,2025-09,Forums,Career Outcomes,India,6,20,2,1,3
2025-09-29,2025-09,Forums,Career Outcomes,China,6,26,2,1,3
2025-09-29,2025-09,Forums,Career Outcomes,Malaysia,5,16,1,1,3
2025-09-29,2025-09,Forums,Part-Time Work Rights,India,11,55,3,3,5
2025-09-29,2025-09,Forums,Part-Time Work Rights,China,5,21,1,2,2
2025-09-29,2025-09,Forums,Part-Time Work Rights,Vietnam,2,7,1,0,1
2025-09-29,2025-09,Forums,Part-Time Work Rights,Malaysia,3,14,1,1,1
2025-09-29,2025-09,Forums,Campus Life,India,4,13,2,1,1
2025-09-29,2025-09,Forums,Campus Life,China,5,16,3,1,1
2025-09-29,2025-09,Forums,Campus Life,Vietnam,6,21,3,1,2
2025-09-29,2025-09,Forums,Application Process,India,8,42,2,1,5
2025-09-29,2025-09,Forums,Application Process,China,5,21,1,2,2
2025-09-29,2025-09,Forums,Application Process,Vietnam,4,15,1,1,2
2025-09-29,2025-09,Forums,Application Process,Malaysia,3,11,1,1,1
2025-09-29,2025-09,Forums,Support Services,India,8,43,5,1,2
2025-09-29,2025-09,Forums,Support Services,China,1,3,1,0,0
2025-09-29,2025-09,Forums,Support Services,Malaysia,5,14,3,1,1
2025-10-06,2025-10,TikTok,Visa Processing,India,63,243,33,13,17
2025-10-06,2025-10,TikTok,Visa Processing,China,18,58,10,3,5
2025-10-06,2025-10,TikTok,Visa Processing,Vietnam,31,136,16,7,8
2025-10-06,2025-10,TikTok,Visa Processing,Malaysia,22,98,12,3,7
2025-10-06,2025-10,TikTok,Accommodation Cost,India,48,186,3,20,25
2025-10-06,2025-10,TikTok,Accommodation Cost,China,4,8,0,2,2
2025-10-06,2025-10,TikTok,Accommodation Cost,Vietnam,25,72,3,4,18
2025-10-06,2025-10,TikTok,Accommodation Cost,Malaysia,18,54,1,7,10
2025-10-06,2025-10,TikTok,Scholarships,India,27,97,15,5,7
2025-10-06,2025-10,TikTok,Scholarships,China,25,96,14,2,9
2025-10-06,2025-10,TikTok,Scholarships,Vietnam,31,93,16,4,11
2025-10-06,2025-10,TikTok,Scholarships,Malaysia,4,16,2,1,1
2025-10-06,2025-10,TikTok,Campus Safety,India,26,101,16,2,8
2025-10-06,2025-10,TikTok,Campus Safety,China,25,72,16,3,6
2025-10-06,2025-10,TikTok,Campus Safety,Vietnam,17,49,11,3,3
2025-10-06,2025-10,TikTok,Campus Safety,Malaysia,5,11,3,1,1
2025-10-06,2025-10,TikTok,Course Quality,China,13,52,10,1,2
2025-10-06,2025-10,TikTok,Course Quality,Vietnam,5,19,4,0,1
2025-10-06,2025-10,TikTok,Course Quality,Malaysia,10,35,8,1,1
2025-10-06,2025-10,TikTok,Career Outcomes,India,13,34,5,3,5
2025-10-06,2025-10,TikTok,Career Outcomes,China,12,29,5,2,5
2025-10-06,2025-10,TikTok,Career Outcomes,Vietnam,3,7,1,1,1
2025-10-06,2025-10,TikTok,Career Outcomes,Malaysia,10,26,4,2,4
2025-10-06,2025-10,TikTok,Part-Time Work Rights,India,24,72,10,5,9
2025-10-06,2025-10,TikTok,Part-Time Work Rights,China,25,72,8,7,10
2025-10-06,2025-10,TikTok,Part-Time Work Rights,Vietnam,3,13,1,1,1
2025-10-06,2025-10,TikTok,Part-Time Work Rights,Malaysia,7,30,3,2,2
2025-10-06,2025-10,TikTok,Campus Life,India,31,66,19,5,7
2025-10-06,2025-10,TikTok,Campus Life,China,18,60,11,2,5
2025-10-06,2025-10,TikTok,Campus Life,Vietnam,16,56,10,2,4
2025-10-06,2025-10,TikTok,Campus Life,Malaysia,11,35,6,2,3
2025-10-06,2025-10,TikTok,Application Process,Vietnam,16,40,4,4,8
2025-10-06,2025-10,TikTok,Application Process,Malaysia,12,46,3,3,6
2025-10-06,2025-10,TikTok,Support Services,India,18,40,11,2,5
2025-10-06,2025-10,TikTok,Support Services,China,8,32,5,1,2
2025-10-06,2025-10,TikTok,Support Services,Vietnam,2,8,1,1,0
2025-10-06,2025-10,TikTok,Support Services,Malaysia,6,21,3,1,2
2025-10-06,2025-10,Reddit,Visa Processing,India,22,147,12,4,6
2025-10-06,2025-10,Reddit,Visa Processing,China,26,171,14,3,9
2025-10-06,2025-10,Reddit,Visa Processing,Vietnam,20,92,11,4,5
2025-10-06,2025-10,Reddit,Visa Processing,Malaysia,27,170,15,5,7
2025-10-06,2025-10,Reddit,Accommodation Cost,India,26,111,3,7,16
2025-10-06,2025-10,Reddit,Accommodation Cost,China,25,218,1,8,16
2025-10-06,2025-10,Reddit,Accommodation Cost,Vietnam,12,106,1,3,8
2025-10-06,2025-10,Reddit,Accommodation Cost,Malaysia,14,99,1,4,9
2025-10-06,2025-10,Reddit,Scholarships,India,26,124,14,5,7
2025-10-06,2025-10,Reddit,Scholarships,China,18,118,9,4,5
2025-10-06,2025-10,Reddit,Scholarships,Vietnam,14,103,7,2,5
2025-10-06,2025-10,Reddit,Scholarships,Malaysia,6,48,3,1,2
2025-10-06,2025-10,Reddit,Campus Safety,India,10,56,7,1,2
2025-10-06,2025-10,Reddit,Campus Safety,China,18,78,11,2,5
2025-10-06,2025-10,Reddit,Campus Safety,Vietnam,6,33,4,1,1
2025-10-06,2025-10,Reddit,Campus Safety,Malaysia,8,55,5,1,2
2025-10-06,2025-10,Reddit,Course Quality,India,17,143,13,1,3
2025-10-06,2025-10,Reddit,Course Quality,China,6,43,5,0,1
2025-10-06,2025-10,Reddit,Course Quality,Vietnam,8,58,6,1,1
2025-10-06,2025-10,Reddit,Course Quality,Malaysia,6,45,5,0,1
2025-10-06,2025-10,Reddit,Career Outcomes,India,18,96,7,4,7
2025-10-06,2025-10,Reddit,Career Outcomes,China,16,82,6,5,5
2025-10-06,2025-10,Reddit,Career Outcomes,Vietnam,7,31,3,1,3
2025-10-06,2025-10,Reddit,Career Outcomes,Malaysia,8,68,3,2,3
2025-10-06,2025-10,Reddit,Part-Time Work Rights,India,3,21,1,1,1
2025-10-06,2025-10,Reddit,Part-Time Work Rights,China,11,47,4,2,5
2025-10-06,2025-10,Reddit,Part-Time Work Rights,Vietnam,10,75,4,2,4
2025-10-06,2025-10,Reddit,Part-Time Work Rights,Malaysia,8,71,3,1,4
2025-10-06,2025-10,Reddit,Campus Life,India,17,137,10,1,6
2025-10-06,2025-10,Reddit,Campus Life,China,20,116,12,3,5
2025-10-06,2025-10,Reddit,Campus Life,Vietnam,6,33,4,0,2
2025-10-06,2025-10,Reddit,Campus Life,Malaysia,4,20,2,1,1
2025-10-06,2025-10,Reddit,Application Process,India,26,121,7,5,14
2025-10-06,2025-10,Reddit,Application Process,China,5,42,1,2,2
2025-10-06,2025-10,Reddit,Application Process,Vietnam,13,86,4,4,5
2025-10-06,2025-10,Reddit,Application Process,Malaysia,10,60,3,3,4
2025-10-06,2025-10,Reddit,Support Services,India,22,174,13,3,6
2025-10-06,2025-10,Reddit,Support Services,China,12,78,7,1,4
2025-10-06,2025-10,Reddit,Support Services,Vietnam,11,75,6,1,4
2025-10-06,2025-10,Reddit,Support Services,Malaysia,6,33,4,1,1
2025-10-06,2025-10,X (Twitter),Visa Processing,India,11,16,6,2,3
2025-10-06,2025-10,X (Twitter),Visa Processing,China,21,40,12,3,6
2025-10-06,2025-10,X (Twitter),Visa Processing,Vietnam,18,39,9,4,5
2025-10-06,2025-10,X (Twitter),Visa Processing,Malaysia,15,39,9,2,4
2025-10-06,2025-10,X (Twitter),Accommodation Cost,India,35,90,3,6,26
2025-10-06,2025-10,X (Twitter),Accommodation Cost,China,28,43,3,9,16
2025-10-06,2025-10,X (Twitter),Accommodation Cost,Vietnam,14,37,1,5,8
2025-10-06,2025-10,X (Twitter),Accommodation Cost,Malaysia,10,22,0,3,7
2025-10-06,2025-10,X (Twitter),Scholarships,India,17,33,9,3,5
2025-10-06,2025-10,X (Twitter),Scholarships,China,22,61,12,4,6
2025-10-06,2025-10,X (Twitter),Scholarships,Vietnam,19,37,10,2,7
2025-10-06,2025-10,X (Twitter),Scholarships,Malaysia,7,11,3,2,2
2025-10-06,2025-10,X (Twitter),Campus Safety,India,6,17,4,1,1
2025-10-06,2025-10,X (Twitter),Campus Safety,China,8,15,5,1,2
2025-10-06,2025-10,X (Twitter),Campus Safety,Vietnam,9,12,6,1,2
2025-10-06,2025-10,X (Twitter),Campus Safety,Malaysia,4,11,3,0,1
2025-10-06,2025-10,X (Twitter),Course Quality,India,36,49,29,2,5
2025-10-06,2025-10,X (Twitter),Course Quality,Vietnam,11,15,8,1,2
2025-10-06,2025-10,X (Twitter),Course Quality,Malaysia,7,12,5,1,1
2025-10-06,2025-10,X (Twitter),Career Outcomes,India,4,11,2,1,1
2025-10-06,2025-10,X (Twitter),Career Outcomes,China,11,29,4,4,3
2025-10-06,2025-10,X (Twitter),Career Outcomes,Vietnam,4,6,2,1,1
2025-10-06,2025-10,X (Twitter),Career Outcomes,Malaysia,13,31,5,3,5
2025-10-06,2025-10,X (Twitter),Part-Time Work Rights,India,12,33,4,3,5
2025-10-06,2025-10,X (Twitter),Part-Time Work Rights,China,7,11,3,1,3
2025-10-06,2025-10,X (Twitter),Part-Time Work Rights,Vietnam,9,20,3,2,4
2025-10-06,2025-10,X (Twitter),Campus Life,China,8,12,5,1,2
2025-10-06,2025-10,X (Twitter),Campus Life,Vietnam,6,10,3,1,2
2025-10-06,2025-10,X (Twitter),Campus Life,Malaysia,7,12,4,1,2
2025-10-06,2025-10,X (Twitter),Application Process,Vietnam,7,13,2,2,3
2025-10-06,2025-10,X (Twitter),Application Process,Malaysia,11,31,3,3,5
2025-10-06,2025-10,X (Twitter),Support Services,India,13,20,7,3,3
2025-10-06,2025-10,X (Twitter),Support Services,China,12,23,7,2,3
2025-10-06,2025-10,X (Twitter),Support Services,Vietnam,11,18,7,1,3
2025-10-06,2025-10,X (Twitter),Support Services,Malaysia,5,9,3,1,1
2025-10-06,2025-10,News,Visa Processing,India,6,7,3,1,2
2025-10-06,2025-10,News,Visa Processing,China,5,4,3,0,2
2025-10-06,2025-10,News,Visa Processing,Vietnam,2,2,1,0,1
2025-10-06,2025-10,News,Accommodation Cost,India,9,6,1,2,6
2025-10-06,2025-10,News,Accommodation Cost,China,10,8,1,4,5
2025-10-06,2025-10,News,Accommodation Cost,Vietnam,5,5,1,2,2
2025-10-06,2025-10,News,Accommodation Cost,Malaysia,1,1,0,1,0
2025-10-06,2025-10,News,Scholarships,India,5,6,3,1,1
2025-10-06,2025-10,News,Scholarships,China,1,1,0,1,0
2025-10-06,2025-10,News,Scholarships,Vietnam,4,4,2,1,1
2025-10-06,2025-10,News,Campus Safety,China,4,4,3,0,1
2025-10-06,2025-10,News,Campus Safety,Vietnam,2,2,1,0,1
2025-10-06,2025-10,News,Campus Safety,Malaysia,1,1,1,0,0
2025-10-06,2025-10,News,Course Quality,India,7,5,5,1,1
2025-10-06,2025-10,News,Course Quality,China,4,4,3,1,0
2025-10-06,2025-10,News,Course Quality,Vietnam,4,3,3,1,0
2025-10-06,2025-10,News,Course Quality,Malaysia,2,2,2,0,0
2025-10-06,2025-10,News,Career Outcomes,India,2,2,1,0,1
2025-10-06,2025-10,News,Career Outcomes,China,3,3,1,1,1
2025-10-06,2025-10,News,Career Outcomes,Vietnam,3,2,1,1,1
2025-10-06,2025-10,News,Career Outcomes,Malaysia,2,2,1,0,1
2025-10-06,2025-10,News,Part-Time Work Rights,India,5,4,2,1,2
2025-10-06,2025-10,News,Part-Time Work Rights,China,4,4,2,0,2
2025-10-06,2025-10,News,Part-Time Work Rights,Vietnam,2,1,1,0,1
2025-10-06,2025-10,News,Part-Time Work Rights,Malaysia,3,3,1,1,1
2025-10-06,2025-10,News,Campus Life,India,6,6,3,2,1
2025-10-06,2025-10,News,Campus Life,China,6,3,4,1,1
2025-10-06,2025-10,News,Campus Life,Vietnam,4,4,2,1,1
2025-10-06,2025-10,News,Campus Life,Malaysia,2,2,1,0,1
2025-10-06,2025-10,News,Application Process,India,6,5,2,1,3
2025-10-06,2025-10,News,Application Process,Vietnam,3,2,1,1,1
2025-10-06,2025-10,News,Application Process,Malaysia,2,2,1,0,1
2025-10-06,2025-10,News,Support Services,India,5,5,3,1,1
2025-10-06,2025-10,News,Support Services,China,3,3,2,0,1
2025-10-06,2025-10,News,Support Services,Malaysia,1,1,1,0,0
2025-10-06,2025-10,Forums,Visa Processing,India,3,12,2,0,1
2025-10-06,2025-10,Forums,Visa Processing,China,4,11,2,1,1
2025-10-06,2025-10,Forums,Visa Processing,Vietnam,9,42,5,2,2
2025-10-06,2025-10,Forums,Visa Processing,Malaysia,12,62,7,2,3
2025-10-06,2025-10,Forums,Accommodation Cost,India,21,93,1,8,12
2025-10-06,2025-10,Forums,Accommodation Cost,China,13,59,1,5,7
2025-10-06,2025-10,Forums,Accommodation Cost,Vietnam,9,33,1,2,6
2025-10-06,2025-10,Forums,Accommodation Cost,Malaysia,7,32,0,2,5
2025-10-06,2025-10,Forums,Scholarships,India,12,48,6,2,4
2025-10-06,2025-10,Forums,Scholarships,China,7,33,4,0,3
2025-10-06,2025-10,Forums,Scholarships,Vietnam,6,19,3,1,2
2025-10-06,2025-10,Forums,Scholarships,Malaysia,6,19,3,1,2
2025-10-06,2025-10,Forums,Campus Safety,India,10,41,6,2,2
2025-10-06,2025-10,Forums,Campus Safety,China,3,15,2,0,1
2025-10-06,2025-10,Forums,Campus Safety,Vietnam,5,22,3,1,1
2025-10-06,2025-10,Forums,Course Quality,India,14,38,11,1,2
2025-10-06,2025-10,Forums,Course Quality,China,10,51,8,1,1
2025-10-06,2025-10,Forums,Course Quality,Vietnam,1,5,1,0,0
2025-10-06,2025-10,Forums,Course Quality,Malaysia,5,13,4,0,1
2025-10-06,2025-10,Forums,Career Outcomes,India,3,9,1,1,1
2025-10-06,2025-10,Forums,Career Outcomes,China,4,22,2,0,2
2025-10-06,2025-10,Forums,Career Outcomes,Vietnam,8,40,3,1,4
2025-10-06,2025-10,Forums,Career Outcomes,Malaysia,4,21,2,0,2
2025-10-06,2025-10,Forums,Part-Time Work Rights,India,11,44,4,2,5
2025-10-06,2025-10,Forums,Part-Time Work Rights,China,7,33,3,2,2
2025-10-06,2025-10,Forums,Part-Time Work Rights,Vietnam,5,19,2,0,3
2025-10-06,2025-10,Forums,Part-Time Work Rights,Malaysia,5,18,2,1,2
2025-10-06,2025-10,Forums,Campus Life,India,8,31,5,1,2
2025-10-06,2025-10,Forums,Campus Life,China,6,19,4,0,2
2025-10-06,2025-10,Forums,Campus Life,Vietnam,3,10,2,0,1
2025-10-06,2025-10,Forums,Campus Life,Malaysia,3,8,2,0,1
2025-10-06,2025-10,Forums,Application Process,India,9,40,3,2,4
2025-10-06,2025-10,Forums,Application Process,China,4,19,1,1,2
2025-10-06,2025-10,Forums,Application Process,Vietnam,4,13,1,1,2
2025-10-06,2025-10,Forums,Application Process,Malaysia,3,11,1,0,2
2025-10-06,2025-10,Forums,Support Services,India,4,16,2,1,1
2025-10-06,2025-10,Forums,Support Services,China,2,6,1,0,1
2025-10-06,2025-10,Forums,Support Services,Malaysia,3,15,2,0,1
2025-10-13,2025-10,TikTok,Visa Processing,India,39,82,17,9,13
2025-10-13,2025-10,TikTok,Visa Processing,China,3,13,1,1,1
2025-10-13,2025-10,TikTok,Visa Processing,Vietnam,12,34,6,2,4
2025-10-13,2025-10,TikTok,Accommodation Cost,India,21,82,5,6,10
2025-10-13,2025-10,TikTok,Accommodation Cost,China,25,92,7,7,11
2025-10-13,2025-10,TikTok,Accommodation Cost,Vietnam,22,75,6,7,9
2025-10-13,2025-10,TikTok,Accommodation Cost,Malaysia,2,7,1,0,1
2025-10-13,2025-10,TikTok,Scholarships,India,48,134,24,11,13
2025-10-13,2025-10,TikTok,Scholarships,China,26,55,13,4,9
2025-10-13,2025-10,TikTok,Scholarships,Vietnam,19,45,10,3,6
2025-10-13,2025-10,TikTok,Scholarships,Malaysia,10,24,5,1,4
2025-10-13,2025-10,TikTok,Campus Safety,India,6,23,3,1,2
2025-10-13,2025-10,TikTok,Campus Safety,China,5,17,2,1,2
2025-10-13,2025-10,TikTok,Campus Safety,Vietnam,19,50,7,4,8
2025-10-13,2025-10,TikTok,Campus Safety,Malaysia,4,11,1,1,2
2025-10-13,2025-10,TikTok,Course Quality,India,2,5,1,0,1
2025-10-13,2025-10,TikTok,Course Quality,China,21,91,14,2,5
2025-10-13,2025-10,TikTok,Course Quality,Vietnam,12,26,8,1,3
2025-10-13,2025-10,TikTok,Course Quality,Malaysia,14,60,9,3,2
2025-10-13,2025-10,TikTok,Career Outcomes,India,22,66,4,9,9
2025-10-13,2025-10,TikTok,Career Outcomes,China,15,34,2,6,7
2025-10-13,2025-10,TikTok,Career Outcomes,Vietnam,11,34,2,2,7
2025-10-13,2025-10,TikTok,Career Outcomes,Malaysia,7,30,1,3,3
2025-10-13,2025-10,TikTok,Part-Time Work Rights,India,17,38,4,6,7
2025-10-13,2025-10,TikTok,Part-Time Work Rights,China,13,41,3,4,6
2025-10-13,2025-10,TikTok,Part-Time Work Rights,Vietnam,8,29,1,3,4
2025-10-13,2025-10,TikTok,Campus Life,India,21,80,13,3,5
2025-10-13,2025-10,TikTok,Campus Life,China,16,71,10,3,3
2025-10-13,2025-10,TikTok,Campus Life,Vietnam,21,54,13,3,5
2025-10-13,2025-10,TikTok,Campus Life,Malaysia,10,23,6,2,2
2025-10-13,2025-10,TikTok,Application Process,India,14,53,3,4,7
2025-10-13,2025-10,TikTok,Application Process,Vietnam,13,48,3,3,7
2025-10-13,2025-10,TikTok,Support Services,India,19,73,12,2,5
2025-10-13,2025-10,TikTok,Support Services,China,12,30,8,1,3
2025-10-13,2025-10,TikTok,Support Services,Vietnam,15,40,9,2,4
2025-10-13,2025-10,TikTok,Support Services,Malaysia,2,8,1,0,1
2025-10-13,2025-10,Reddit,Visa Processing,India,33,275,15,5,13
2025-10-13,2025-10,Reddit,Visa Processing,China,28,196,12,7,9
2025-10-13,2025-10,Reddit,Visa Processing,Vietnam,18,150,9,4,5
2025-10-13,2025-10,Reddit,Visa Processing,Malaysia,22,135,10,5,7
2025-10-13,2025-10,Reddit,Accommodation Cost,China,27,240,7,10,10
2025-10-13,2025-10,Reddit,Accommodation Cost,Vietnam,11,85,2,4,5
2025-10-13,2025-10,Reddit,Accommodation Cost,Malaysia,12,109,4,3,5
2025-10-13,2025-10,Reddit,Scholarships,India,19,146,10,4,5
2025-10-13,2025-10,Reddit,Scholarships,China,10,55,5,2,3
2025-10-13,2025-10,Reddit,Scholarships,Vietnam,6,48,3,1,2
2025-10-13,2025-10,Reddit,Scholarships,Malaysia,16,140,8,3,5
2025-10-13,2025-10,Reddit,Campus Safety,India,5,44,2,1,2
2025-10-13,2025-10,Reddit,Campus Safety,China,19,151,7,4,8
2025-10-13,2025-10,Reddit,Campus Safety,Vietnam,4,22,2,0,2
2025-10-13,2025-10,Reddit,Campus Safety,Malaysia,11,97,4,3,4
2025-10-13,2025-10,Reddit,Course Quality,India,21,106,14,2,5
2025-10-13,2025-10,Reddit,Course Quality,China,14,87,8,2,4
2025-10-13,2025-10,Reddit,Course Quality,Vietnam,12,85,8,1,3
2025-10-13,2025-10,Reddit,Course Quality,Malaysia,4,23,3,0,1
2025-10-13,2025-10,Reddit,Career Outcomes,India,23,99,4,7,12
2025-10-13,2025-10,Reddit,Career Outcomes,Malaysia,7,49,1,2,4
2025-10-13,2025-10,Reddit,Part-Time Work Rights,Vietnam,2,9,0,1,1
2025-10-13,2025-10,Reddit,Part-Time Work Rights,Malaysia,8,57,2,3,3
2025-10-13,2025-10,Reddit,Campus Life,India,26,145,16,3,7
2025-10-13,2025-10,Reddit,Campus Life,China,15,106,9,3,3
2025-10-13,2025-10,Reddit,Campus Life,Vietnam,8,70,5,1,2
2025-10-13,2025-10,Reddit,Campus Life,Malaysia,8,35,5,0,3
2025-10-13,2025-10,Reddit,Application Process,India,17,124,4,5,8
2025-10-13,2025-10,Reddit,Application Process,China,5,29,1,2,2
2025-10-13,2025-10,Reddit,Application Process,Vietnam,6,32,2,1,3
2025-10-13,2025-10,Reddit,Application Process,Malaysia,5,36,1,2,2
2025-10-13,2025-10,Reddit,Support Services,India,20,135,13,3,4
2025-10-13,2025-10,Reddit,Support Services,China,6,42,4,1,1
2025-10-13,2025-10,Reddit,Support Services,Vietnam,12,60,7,1,4
2025-10-13,2025-10,Reddit,Support Services,Malaysia,5,23,3,1,1
2025-10-13,2025-10,X (Twitter),Visa Processing,India,24,37,12,4,8
2025-10-13,2025-10,X (Twitter),Visa Processing,China,25,66,11,3,11
2025-10-13,2025-10,X (Twitter),Visa Processing,Vietnam,26,69,11,4,11
2025-10-13,2025-10,X (Twitter),Accommodation Cost,India,24,70,6,5,13
2025-10-13,2025-10,X (Twitter),Accommodation Cost,China,26,70,7,6,13
2025-10-13,2025-10,X (Twitter),Accommodation Cost,Vietnam,8,13,2,2,4
2025-10-13,2025-10,X (Twitter),Accommodation Cost,Malaysia,15,39,4,5,6
2025-10-13,2025-10,X (Twitter),Scholarships,India,25,65,12,5,8
2025-10-13,2025-10,X (Twitter),Scholarships,China,20,32,10,2,8
2025-10-13,2025-10,X (Twitter),Scholarships,Malaysia,6,11,3,1,2
2025-10-13,2025-10,X (Twitter),Campus Safety,India,16,28,6,4,6
2025-10-13,2025-10,X (Twitter),Campus Safety,China,15,37,6,3,6
2025-10-13,2025-10,X (Twitter),Campus Safety,Vietnam,7,13,3,2,2
2025-10-13,2025-10,X (Twitter),Campus Safety,Malaysia,11,22,4,3,4
2025-10-13,2025-10,X (Twitter),Course Quality,India,19,34,13,2,4
2025-10-13,2025-10,X (Twitter),Course Quality,China,14,29,9,2,3
2025-10-13,2025-10,X (Twitter),Course Quality,Vietnam,5,8,3,1,1
2025-10-13,2025-10,X (Twitter),Course Quality,Malaysia,13,24,9,1,3
2025-10-13,2025-10,X (Twitter),Career Outcomes,India,6,17,1,1,4
2025-10-13,2025-10,X (Twitter),Career Outcomes,China,16,38,2,4,10
2025-10-13,2025-10,X (Twitter),Career Outcomes,Vietnam,8,16,2,1,5
2025-10-13,2025-10,X (Twitter),Career Outcomes,Malaysia,4,8,1,1,2
2025-10-13,2025-10,X (Twitter),Part-Time Work Rights,India,16,31,4,5,7
2025-10-13,2025-10,X (Twitter),Part-Time Work Rights,China,9,21,2,2,5
2025-10-13,2025-10,X (Twitter),Part-Time Work Rights,Vietnam,7,20,1,2,4
2025-10-13,2025-10,X (Twitter),Part-Time Work Rights,Malaysia,6,17,1,2,3
2025-10-13,2025-10,X (Twitter),Campus Life,India,13,27,8,2,3
2025-10-13,2025-10,X (Twitter),Campus Life,China,13,21,8,2,3
2025-10-13,2025-10,X (Twitter),Campus Life,Vietnam,13,29,8,2,3
2025-10-13,2025-10,X (Twitter),Campus Life,Malaysia,3,7,2,0,1
2025-10-13,2025-10,X (Twitter),Application Process,India,25,60,5,7,13
2025-10-13,2025-10,X (Twitter),Application Process,China,4,10,1,1,2
2025-10-13,2025-10,X (Twitter),Application Process,Vietnam,5,13,1,2,2
2025-10-13,2025-10,X (Twitter),Application Process,Malaysia,10,23,2,2,6
2025-10-13,2025-10,X (Twitter),Support Services,India,8,18,5,1,2
2025-10-13,2025-10,X (Twitter),Support Services,China,4,11,2,1,1
2025-10-13,2025-10,X (Twitter),Support Services,Malaysia,8,20,5,1,2
2025-10-13,2025-10,News,Visa Processing,India,8,7,4,1,3
2025-10-13,2025-10,News,Visa Processing,China,6,3,3,0,3
2025-10-13,2025-10,News,Visa Processing,Vietnam,9,6,4,2,3
2025-10-13,2025-10,News,Visa Processing,Malaysia,5,3,2,1,2
2025-10-13,2025-10,News,Accommodation Cost,India,1,1,0,0,1
2025-10-13,2025-10,News,Accommodation Cost,China,5,4,1,1,3
2025-10-13,2025-10,News,Accommodation Cost,Vietnam,1,1,0,1,0
2025-10-13,2025-10,News,Accommodation Cost,Malaysia,4,4,1,1,2
2025-10-13,2025-10,News,Scholarships,India,3,2,1,1,1
2025-10-13,2025-10,News,Scholarships,China,7,5,4,1,2
2025-10-13,2025-10,News,Scholarships,Vietnam,8,6,4,1,3
2025-10-13,2025-10,News,Scholarships,Malaysia,3,2,2,0,1
2025-10-13,2025-10,News,Campus Safety,India,4,3,1,2,1
2025-10-13,2025-10,News,Campus Safety,China,2,2,1,0,1
2025-10-13,2025-10,News,Campus Safety,Vietnam,5,5,2,1,2
2025-10-13,2025-10,News,Campus Safety,Malaysia,2,1,1,0,1
2025-10-13,2025-10,News,Course Quality,India,9,6,5,1,3
2025-10-13,2025-10,News,Course Quality,China,5,4,3,1,1
2025-10-13,2025-10,News,Course Quality,Vietnam,6,3,4,0,2
2025-10-13,2025-10,News,Course Quality,Malaysia,2,1,1,0,1
2025-10-13,2025-10,News,Career Outcomes,India,8,8,1,3,4
2025-10-13,2025-10,News,Career Outcomes,China,4,4,1,1,2
2025-10-13,2025-10,News,Career Outcomes,Vietnam,3,2,1,0,2
2025-10-13,2025-10,News,Career Outcomes,Malaysia,3,2,0,1,2
2025-10-13,2025-10,News,Part-Time Work Rights,India,4,3,1,1,2
2025-10-13,2025-10,News,Part-Time Work Rights,China,3,3,1,0,2
2025-10-13,2025-10,News,Part-Time Work Rights,Vietnam,2,1,0,1,1
2025-10-13,2025-10,News,Part-Time Work Rights,Malaysia,1,1,0,0,1
2025-10-13,2025-10,News,Campus Life,India,9,10,5,2,2
2025-10-13,2025-10,News,Campus Life,China,5,3,3,0,2
2025-10-13,2025-10,News,Campus Life,Malaysia,3,2,2,0,1
2025-10-13,2025-10,News,Application Process,India,6,3,1,1,4
2025-10-13,2025-10,News,Application Process,China,2,2,1,0,1
2025-10-13,2025-10,News,Application Process,Vietnam,6,4,1,2,3
2025-10-13,2025-10,News,Application Process,Malaysia,4,3,1,1,2
2025-10-13,2025-10,News,Support Services,India,1,1,1,0,0
2025-10-13,2025-10,News,Support Services,China,5,4,3,1,1
2025-10-13,2025-10,News,Support Services,Vietnam,1,1,1,0,0
2025-10-13,2025-10,News,Support Services,Malaysia,2,2,1,1,0
2025-10-13,2025-10,Forums,Visa Processing,India,10,51,4,3,3
2025-10-13,2025-10,Forums,Visa Processing,China,14,41,6,4,4
2025-10-13,2025-10,Forums,Visa Processing,Vietnam,9,48,4,2,3
2025-10-13,2025-10,Forums,Visa Processing,Malaysia,5,24,2,1,2
2025-10-13,2025-10,Forums,Accommodation Cost,India,4,15,1,1,2
2025-10-13,2025-10,Forums,Accommodation Cost,China,10,29,2,2,6
2025-10-13,2025-10,Forums,Accommodation Cost,Malaysia,3,8,1,1,1
2025-10-13,2025-10,Forums,Scholarships,India,17,61,8,3,6
2025-10-13,2025-10,Forums,Scholarships,Vietnam,8,32,4,1,3
2025-10-13,2025-10,Forums,Scholarships,Malaysia,5,26,3,0,2
2025-10-13,2025-10,Forums,Campus Safety,India,13,36,5,4,4
2025-10-13,2025-10,Forums,Campus Safety,China,3,12,1,1,1
2025-10-13,2025-10,Forums,Campus Safety,Vietnam,6,20,2,2,2
2025-10-13,2025-10,Forums,Campus Safety,Malaysia,4,15,1,2,1
2025-10-13,2025-10,Forums,Course Quality,India,3,11,2,0,1
2025-10-13,2025-10,Forums,Course Quality,China,12,35,8,1,3
2025-10-13,2025-10,Forums,Course Quality,Vietnam,5,21,3,1,1
2025-10-13,2025-10,Forums,Course Quality,Malaysia,3,12,2,0,1
2025-10-13,2025-10,Forums,Career Outcomes,India,7,27,1,3,3
2025-10-13,2025-10,Forums,Career Outcomes,China,6,19,1,2,3
2025-10-13,2025-10,Forums,Career Outcomes,Vietnam,4,20,1,1,2
2025-10-13,2025-10,Forums,Career Outcomes,Malaysia,2,11,0,1,1
2025-10-13,2025-10,Forums,Part-Time Work Rights,India,7,26,1,2,4
2025-10-13,2025-10,Forums,Part-Time Work Rights,China,6,19,1,2,3
2025-10-13,2025-10,Forums,Part-Time Work Rights,Vietnam,5,14,1,2,2
2025-10-13,2025-10,Forums,Part-Time Work Rights,Malaysia,2,7,0,1,1
2025-10-13,2025-10,Forums,Campus Life,India,6,28,4,0,2
2025-10-13,2025-10,Forums,Campus Life,China,9,28,5,2,2
2025-10-13,2025-10,Forums,Campus Life,Vietnam,6,33,4,1,1
2025-10-13,2025-10,Forums,Campus Life,Malaysia,2,7,1,0,1
2025-10-13,2025-10,Forums,Application Process,India,4,12,1,1,2
2025-10-13,2025-10,Forums,Application Process,China,7,33,2,2,3
2025-10-13,2025-10,Forums,Application Process,Vietnam,8,29,2,2,4
2025-10-13,2025-10,Forums,Application Process,Malaysia,6,19,2,2,2
2025-10-13,2025-10,Forums,Support Services,India,6,19,4,1,1
2025-10-13,2025-10,Forums,Support Services,China,5,24,3,1,1
2025-10-13,2025-10,Forums,Support Services,Vietnam,6,18,3,2,1
2025-10-13,2025-10,Forums,Support Services,Malaysia,4,21,2,1,1
2025-10-20,2025-10,TikTok,Visa Processing,India,57,135,25,11,21
2025-10-20,2025-10,TikTok,Visa Processing,China,6,18,3,1,2
2025-10-20,2025-10,TikTok,Visa Processing,Vietnam,10,28,4,2,4
2025-10-20,2025-10,TikTok,Visa Processing,Malaysia,13,38,6,3,4
2025-10-20,2025-10,TikTok,Accommodation Cost,India,24,79,5,8,11
2025-10-20,2025-10,TikTok,Accommodation Cost,China,34,104,8,7,19
2025-10-20,2025-10,TikTok,Accommodation Cost,Vietnam,18,72,4,3,11
2025-10-20,2025-10,TikTok,Accommodation Cost,Malaysia,7,15,1,2,4
2025-10-20,2025-10,TikTok,Scholarships,India,18,41,9,3,6
2025-10-20,2025-10,TikTok,Scholarships,China,9,33,4,2,3
2025-10-20,2025-10,TikTok,Scholarships,Vietnam,20,79,9,5,6
2025-10-20,2025-10,TikTok,Scholarships,Malaysia,12,40,6,3,3
2025-10-20,2025-10,TikTok,Campus Safety,India,19,75,8,2,9
2025-10-20,2025-10,TikTok,Campus Safety,China,14,56,6,3,5
2025-10-20,2025-10,TikTok,Campus Safety,Vietnam,14,47,6,2,6
2025-10-20,2025-10,TikTok,Campus Safety,Malaysia,2,7,1,0,1
2025-10-20,2025-10,TikTok,Course Quality,India,9,40,6,1,2
2025-10-20,2025-10,TikTok,Course Quality,China,17,59,11,3,3
2025-10-20,2025-10,TikTok,Course Quality,Vietnam,9,31,6,1,2
2025-10-20,2025-10,TikTok,Course Quality,Malaysia,9,40,6,1,2
2025-10-20,2025-10,TikTok,Career Outcomes,India,23,55,6,7,10
2025-10-20,2025-10,TikTok,Career Outcomes,China,18,47,6,2,10
2025-10-20,2025-10,TikTok,Career Outcomes,Vietnam,5,18,1,2,2
2025-10-20,2025-10,TikTok,Career Outcomes,Malaysia,10,37,3,2,5
2025-10-20,2025-10,TikTok,Part-Time Work Rights,India,12,43,1,4,7
2025-10-20,2025-10,TikTok,Part-Time Work Rights,China,17,69,3,3,11
2025-10-20,2025-10,TikTok,Part-Time Work Rights,Vietnam,6,13,1,2,3
2025-10-20,2025-10,TikTok,Part-Time Work Rights,Malaysia,10,41,2,4,4
2025-10-20,2025-10,TikTok,Campus Life,India,27,94,18,2,7
2025-10-20,2025-10,TikTok,Campus Life,China,12,53,8,1,3
2025-10-20,2025-10,TikTok,Campus Life,Malaysia,22,96,15,3,4
2025-10-20,2025-10,TikTok,Application Process,India,18,75,6,3,9
2025-10-20,2025-10,TikTok,Application Process,China,27,117,7,8,12
2025-10-20,2025-10,TikTok,Application Process,Vietnam,9,21,3,2,4
2025-10-20,2025-10,TikTok,Application Process,Malaysia,5,12,2,1,2
2025-10-20,2025-10,TikTok,Support Services,China,9,30,6,0,3
2025-10-20,2025-10,TikTok,Support Services,Vietnam,10,37,6,1,3
2025-10-20,2025-10,TikTok,Support Services,Malaysia,2,4,1,0,1
2025-10-20,2025-10,Reddit,Visa Processing,India,27,172,11,3,13
2025-10-20,2025-10,Reddit,Visa Processing,China,15,116,6,4,5
2025-10-20,2025-10,Reddit,Visa Processing,Vietnam,11,94,5,1,5
2025-10-20,2025-10,Reddit,Visa Processing,Malaysia,7,44,3,2,2
2025-10-20,2025-10,Reddit,Accommodation Cost,India,17,78,5,5,7
2025-10-20,2025-10,Reddit,Accommodation Cost,China,12,69,3,4,5
2025-10-20,2025-10,Reddit,Accommodation Cost,Vietnam,14,81,3,3,8
2025-10-20,2025-10,Reddit,Accommodation Cost,Malaysia,12,57,3,2,7
2025-10-20,2025-10,Reddit,Scholarships,India,31,223,15,7,9
2025-10-20,2025-10,Reddit,Scholarships,China,8,41,4,1,3
2025-10-20,2025-10,Reddit,Scholarships,Vietnam,14,97,7,2,5
2025-10-20,2025-10,Reddit,Scholarships,Malaysia,4,36,2,0,2
2025-10-20,2025-10,Reddit,Campus Safety,India,17,144,7,3,7
2025-10-20,2025-10,Reddit,Campus Safety,China,11,86,5,2,4
2025-10-20,2025-10,Reddit,Campus Safety,Vietnam,13,59,6,3,4
2025-10-20,2025-10,Reddit,Course Quality,India,2,12,1,0,1
2025-10-20,2025-10,Reddit,Course Quality,China,11,61,7,2,2
2025-10-20,2025-10,Reddit,Course Quality,Vietnam,6,26,4,1,1
2025-10-20,2025-10,Reddit,Course Quality,Malaysia,12,96,8,2,2
2025-10-20,2025-10,Reddit,Career Outcomes,India,11,96,4,1,6
2025-10-20,2025-10,Reddit,Career Outcomes,China,15,124,4,5,6
2025-10-20,2025-10,Reddit,Career Outcomes,Vietnam,9,39,3,2,4
2025-10-20,2025-10,Reddit,Career Outcomes,Malaysia,7,60,2,1,4
2025-10-20,2025-10,Reddit,Part-Time Work Rights,India,5,40,1,1,3
2025-10-20,2025-10,Reddit,Part-Time Work Rights,China,7,58,1,3,3
2025-10-20,2025-10,Reddit,Part-Time Work Rights,Vietnam,8,34,1,3,4
2025-10-20,2025-10,Reddit,Part-Time Work Rights,Malaysia,10,71,2,2,6
2025-10-20,2025-10,Reddit,Campus Life,India,34,181,22,4,8
2025-10-20,2025-10,Reddit,Campus Life,China,6,38,4,1,1
2025-10-20,2025-10,Reddit,Campus Life,Vietnam,10,59,7,1,2
2025-10-20,2025-10,Reddit,Campus Life,Malaysia,10,57,7,1,2
2025-10-20,2025-10,Reddit,Application Process,India,17,80,5,6,6
2025-10-20,2025-10,Reddit,Application Process,China,6,47,2,1,3
2025-10-20,2025-10,Reddit,Application Process,Vietnam,6,42,2,2,2
2025-10-20,2025-10,Reddit,Application Process,Malaysia,2,15,1,0,1
2025-10-20,2025-10,Reddit,Support Services,India,8,55,5,1,2
2025-10-20,2025-10,Reddit,Support Services,China,16,113,10,2,4
2025-10-20,2025-10,Reddit,Support Services,Vietnam,13,62,8,2,3
2025-10-20,2025-10,Reddit,Support Services,Malaysia,7,46,4,1,2
2025-10-20,2025-10,X (Twitter),Visa Processing,China,19,36,8,5,6
2025-10-20,2025-10,X (Twitter),Visa Processing,Vietnam,15,40,6,5,4
2025-10-20,2025-10,X (Twitter),Visa Processing,Malaysia,16,27,7,3,6
2025-10-20,2025-10,X (Twitter),Accommodation Cost,India,32,72,6,9,17
2025-10-20,2025-10,X (Twitter),Accommodation Cost,China,8,16,2,2,4
2025-10-20,2025-10,X (Twitter),Scholarships,India,21,54,11,5,5
2025-10-20,2025-10,X (Twitter),Scholarships,China,15,29,8,2,5
2025-10-20,2025-10,X (Twitter),Scholarships,Vietnam,15,26,7,3,5
2025-10-20,2025-10,X (Twitter),Scholarships,Malaysia,6,14,3,1,2
2025-10-20,2025-10,X (Twitter),Campus Safety,India,12,20,5,2,5
2025-10-20,2025-10,X (Twitter),Campus Safety,China,7,19,3,1,3
2025-10-20,2025-10,X (Twitter),Campus Safety,Vietnam,6,13,2,2,2
2025-10-20,2025-10,X (Twitter),Course Quality,China,20,44,13,2,5
2025-10-20,2025-10,X (Twitter),Course Quality,Vietnam,17,38,11,2,4
2025-10-20,2025-10,X (Twitter),Course Quality,Malaysia,13,37,9,1,3
2025-10-20,2025-10,X (Twitter),Career Outcomes,India,12,25,3,3,6
2025-10-20,2025-10,X (Twitter),Career Outcomes,China,14,35,4,4,6
2025-10-20,2025-10,X (Twitter),Career Outcomes,Vietnam,15,27,5,3,7
2025-10-20,2025-10,X (Twitter),Career Outcomes,Malaysia,8,17,2,3,3
2025-10-20,2025-10,X (Twitter),Part-Time Work Rights,India,8,12,1,2,5
2025-10-20,2025-10,X (Twitter),Part-Time Work Rights,China,7,11,1,2,4
2025-10-20,2025-10,X (Twitter),Part-Time Work Rights,Malaysia,10,19,1,4,5
2025-10-20,2025-10,X (Twitter),Campus Life,India,16,31,11,2,3
2025-10-20,2025-10,X (Twitter),Campus Life,China,10,23,7,1,2
2025-10-20,2025-10,X (Twitter),Campus Life,Vietnam,6,17,4,1,1
2025-10-20,2025-10,X (Twitter),Campus Life,Malaysia,5,10,3,1,1
2025-10-20,2025-10,X (Twitter),Application Process,India,17,29,5,3,9
2025-10-20,2025-10,X (Twitter),Application Process,China,10,17,3,3,4
2025-10-20,2025-10,X (Twitter),Application Process,Vietnam,1,2,0,0,1
2025-10-20,2025-10,X (Twitter),Application Process,Malaysia,9,25,3,2,4
2025-10-20,2025-10,X (Twitter),Support Services,India,11,30,6,2,3
2025-10-20,2025-10,X (Twitter),Support Services,China,14,29,8,2,4
2025-10-20,2025-10,X (Twitter),Support Services,Vietnam,8,22,5,1,2
2025-10-20,2025-10,X (Twitter),Support Services,Malaysia,5,8,3,0,2
2025-10-20,2025-10,News,Visa Processing,India,2,1,1,0,1
2025-10-20,2025-10,News,Visa Processing,China,7,8,3,1,3
2025-10-20,2025-10,News,Visa Processing,Vietnam,10,10,4,3,3
2025-10-20,2025-10,News,Visa Processing,Malaysia,4,4,2,0,2
2025-10-20,2025-10,News,Accommodation Cost,India,2,1,1,0,1
2025-10-20,2025-10,News,Accommodation Cost,China,4,4,1,1,2
2025-10-20,2025-10,News,Accommodation Cost,Vietnam,7,4,1,3,3
2025-10-20,2025-10,News,Scholarships,India,15,8,7,2,6
2025-10-20,2025-10,News,Scholarships,China,7,7,3,2,2
2025-10-20,2025-10,News,Scholarships,Vietnam,3,2,1,1,1
2025-10-20,2025-10,News,Scholarships,Malaysia,7,7,3,1,3
2025-10-20,2025-10,News,Campus Safety,India,7,5,3,2,2
2025-10-20,2025-10,News,Campus Safety,China,3,3,1,1,1
2025-10-20,2025-10,News,Campus Safety,Vietnam,1,1,0,1,0
2025-10-20,2025-10,News,Campus Safety,Malaysia,2,2,1,0,1
2025-10-20,2025-10,News,Course Quality,India,4,2,3,0,1
2025-10-20,2025-10,News,Course Quality,China,4,3,3,0,1
2025-10-20,2025-10,News,Course Quality,Vietnam,2,2,1,1,0
2025-10-20,2025-10,News,Course Quality,Malaysia,4,3,3,0,1
2025-10-20,2025-10,News,Career Outcomes,India,2,2,1,0,1
2025-10-20,2025-10,News,Career Outcomes,China,3,3,1,1,1
2025-10-20,2025-10,News,Career Outcomes,Vietnam,3,2,1,1,1
2025-10-20,2025-10,News,Career Outcomes,Malaysia,4,2,1,1,2
2025-10-20,2025-10,News,Part-Time Work Rights,India,5,5,1,1,3
2025-10-20,2025-10,News,Part-Time Work Rights,China,3,2,0,2,1
2025-10-20,2025-10,News,Part-Time Work Rights,Malaysia,3,2,1,0,2
2025-10-20,2025-10,News,Campus Life,India,4,2,3,0,1
2025-10-20,2025-10,News,Campus Life,China,2,2,1,1,0
2025-10-20,2025-10,News,Application Process,India,5,3,2,1,2
2025-10-20,2025-10,News,Application Process,China,5,4,1,1,3
2025-10-20,2025-10,News,Application Process,Vietnam,4,4,1,1,2
2025-10-20,2025-10,News,Support Services,India,3,2,2,0,1
2025-10-20,2025-10,News,Support Services,Vietnam,2,1,1,0,1
2025-10-20,2025-10,Forums,Visa Processing,India,5,14,2,1,2
2025-10-20,2025-10,Forums,Visa Processing,China,8,23,4,1,3
2025-10-20,2025-10,Forums,Visa Processing,Vietnam,10,36,5,1,4
2025-10-20,2025-10,Forums,Visa Processing,Malaysia,9,35,4,2,3
2025-10-20,2025-10,Forums,Accommodation Cost,India,12,41,3,4,5
2025-10-20,2025-10,Forums,Accommodation Cost,China,10,29,3,3,4
2025-10-20,2025-10,Forums,Accommodation Cost,Vietnam,10,40,2,3,5
2025-10-20,2025-10,Forums,Accommodation Cost,Malaysia,5,15,1,1,3
2025-10-20,2025-10,Forums,Scholarships,India,11,41,6,1,4
2025-10-20,2025-10,Forums,Scholarships,China,3,17,1,1,1
2025-10-20,2025-10,Forums,Scholarships,Vietnam,9,41,4,1,4
2025-10-20,2025-10,Forums,Scholarships,Malaysia,9,38,4,1,4
2025-10-20,2025-10,Forums,Campus Safety,India,11,57,5,3,3
2025-10-20,2025-10,Forums,Campus Safety,China,8,22,3,2,3
2025-10-20,2025-10,Forums,Campus Safety,Vietnam,4,18,2,1,1
2025-10-20,2025-10,Forums,Campus Safety,Malaysia,5,17,2,1,2
2025-10-20,2025-10,Forums,Course Quality,India,5,24,3,1,1
2025-10-20,2025-10,Forums,Course Quality,China,6,31,4,1,1
2025-10-20,2025-10,Forums,Course Quality,Vietnam,6,27,4,1,1
2025-10-20,2025-10,Forums,Course Quality,Malaysia,6,16,4,1,1
2025-10-20,2025-10,Forums,Career Outcomes,India,8,30,2,1,5
2025-10-20,2025-10,Forums,Career Outcomes,China,7,19,2,1,4
2025-10-20,2025-10,Forums,Career Outcomes,Vietnam,7,35,2,1,4
2025-10-20,2025-10,Forums,Career Outcomes,Malaysia,6,30,2,1,3
2025-10-20,2025-10,Forums,Part-Time Work Rights,India,9,44,1,2,6
2025-10-20,2025-10,Forums,Part-Time Work Rights,China,9,32,1,4,4
2025-10-20,2025-10,Forums,Part-Time Work Rights,Malaysia,1,4,0,0,1
2025-10-20,2025-10,Forums,Campus Life,India,16,65,11,2,3
2025-10-20,2025-10,Forums,Campus Life,China,1,5,1,0,0
2025-10-20,2025-10,Forums,Campus Life,Vietnam,7,21,5,0,2
2025-10-20,2025-10,Forums,Campus Life,Malaysia,4,17,3,0,1
2025-10-20,2025-10,Forums,Application Process,India,10,42,3,3,4
2025-10-20,2025-10,Forums,Application Process,China,11,39,3,2,6
2025-10-20,2025-10,Forums,Application Process,Vietnam,5,23,2,1,2
2025-10-20,2025-10,Forums,Application Process,Malaysia,5,23,2,1,2
2025-10-20,2025-10,Forums,Support Services,India,6,19,3,2,1
2025-10-20,2025-10,Forums,Support Services,China,4,13,2,1,1
2025-10-20,2025-10,Forums,Support Services,Vietnam,6,30,4,1,1
2025-10-20,2025-10,Forums,Support Services,Malaysia,2,7,1,1,0
2025-10-27,2025-10,TikTok,Visa Processing,India,68,211,23,16,29
2025-10-27,2025-10,TikTok,Visa Processing,China,29,121,10,6,13
2025-10-27,2025-10,TikTok,Visa Processing,Vietnam,28,72,9,4,15
2025-10-27,2025-10,TikTok,Visa Processing,Malaysia,18,73,6,4,8
2025-10-27,2025-10,TikTok,Accommodation Cost,India,24,63,7,5,12
2025-10-27,2025-10,TikTok,Accommodation Cost,China,21,68,7,6,8
2025-10-27,2025-10,TikTok,Accommodation Cost,Vietnam,20,66,7,5,8
2025-10-27,2025-10,TikTok,Scholarships,India,25,102,13,3,9
2025-10-27,2025-10,TikTok,Scholarships,China,26,56,14,5,7
2025-10-27,2025-10,TikTok,Scholarships,Vietnam,9,33,5,2,2
2025-10-27,2025-10,TikTok,Scholarships,Malaysia,18,38,10,3,5
2025-10-27,2025-10,TikTok,Campus Safety,India,21,55,6,5,10
2025-10-27,2025-10,TikTok,Campus Safety,China,7,26,2,2,3
2025-10-27,2025-10,TikTok,Campus Safety,Vietnam,9,33,3,2,4
2025-10-27,2025-10,TikTok,Campus Safety,Malaysia,10,35,3,2,5
2025-10-27,2025-10,TikTok,Course Quality,India,52,193,30,6,16
2025-10-27,2025-10,TikTok,Course Quality,China,20,80,12,3,5
2025-10-27,2025-10,TikTok,Course Quality,Vietnam,15,35,8,3,4
2025-10-27,2025-10,TikTok,Course Quality,Malaysia,6,14,4,1,1
2025-10-27,2025-10,TikTok,Career Outcomes,India,15,49,5,2,8
2025-10-27,2025-10,TikTok,Career Outcomes,China,16,38,5,3,8
2025-10-27,2025-10,TikTok,Career Outcomes,Vietnam,15,35,5,5,5
2025-10-27,2025-10,TikTok,Career Outcomes,Malaysia,8,31,3,2,3
2025-10-27,2025-10,TikTok,Part-Time Work Rights,India,19,73,3,5,11
2025-10-27,2025-10,TikTok,Part-Time Work Rights,China,8,25,1,3,4
2025-10-27,2025-10,TikTok,Part-Time Work Rights,Vietnam,9,19,2,2,5
2025-10-27,2025-10,TikTok,Part-Time Work Rights,Malaysia,4,10,1,0,3
2025-10-27,2025-10,TikTok,Campus Life,China,13,43,7,3,3
2025-10-27,2025-10,TikTok,Campus Life,Vietnam,6,16,4,1,1
2025-10-27,2025-10,TikTok,Campus Life,Malaysia,2,6,1,0,1
2025-10-27,2025-10,TikTok,Application Process,India,24,60,13,3,8
2025-10-27,2025-10,TikTok,Application Process,China,20,64,10,4,6
2025-10-27,2025-10,TikTok,Application Process,Vietnam,12,33,6,2,4
2025-10-27,2025-10,TikTok,Application Process,Malaysia,5,20,3,1,1
2025-10-27,2025-10,TikTok,Support Services,India,13,38,10,1,2
2025-10-27,2025-10,TikTok,Support Services,China,8,20,6,0,2
2025-10-27,2025-10,TikTok,Support Services,Vietnam,4,9,3,0,1
2025-10-27,2025-10,TikTok,Support Services,Malaysia,6,15,5,0,1
2025-10-27,2025-10,Reddit,Visa Processing,India,33,167,11,7,15
2025-10-27,2025-10,Reddit,Visa Processing,China,20,140,6,4,10
2025-10-27,2025-10,Reddit,Visa Processing,Vietnam,18,132,6,4,8
2025-10-27,2025-10,Reddit,Visa Processing,Malaysia,12,68,4,4,4
2025-10-27,2025-10,Reddit,Accommodation Cost,India,20,154,7,4,9
2025-10-27,2025-10,Reddit,Accommodation Cost,China,9,49,3,2,4
2025-10-27,2025-10,Reddit,Accommodation Cost,Vietnam,12,103,4,3,5
2025-10-27,2025-10,Reddit,Accommodation Cost,Malaysia,16,140,5,6,5
2025-10-27,2025-10,Reddit,Scholarships,India,8,60,4,2,2
2025-10-27,2025-10,Reddit,Scholarships,China,21,120,12,2,7
2025-10-27,2025-10,Reddit,Scholarships,Vietnam,16,133,9,3,4
2025-10-27,2025-10,Reddit,Scholarships,Malaysia,12,109,7,1,4
2025-10-27,2025-10,Reddit,Campus Safety,India,12,74,3,3,6
2025-10-27,2025-10,Reddit,Campus Safety,China,12,91,3,3,6
2025-10-27,2025-10,Reddit,Campus Safety,Vietnam,11,47,3,2,6
2025-10-27,2025-10,Reddit,Campus Safety,Malaysia,12,99,3,4,5
2025-10-27,2025-10,Reddit,Course Quality,China,23,202,14,4,5
2025-10-27,2025-10,Reddit,Course Quality,Vietnam,15,64,9,3,3
2025-10-27,2025-10,Reddit,Course Quality,Malaysia,4,36,2,1,1
2025-10-27,2025-10,Reddit,Career Outcomes,India,9,75,3,3,3
2025-10-27,2025-10,Reddit,Career Outcomes,China,9,44,3,2,4
2025-10-27,2025-10,Reddit,Career Outcomes,Vietnam,9,39,3,2,4
2025-10-27,2025-10,Reddit,Part-Time Work Rights,India,8,63,2,3,3
2025-10-27,2025-10,Reddit,Part-Time Work Rights,Vietnam,5,44,1,2,2
2025-10-27,2025-10,Reddit,Part-Time Work Rights,Malaysia,5,26,1,1,3
2025-10-27,2025-10,Reddit,Campus Life,India,28,133,17,2,9
2025-10-27,2025-10,Reddit,Campus Life,China,17,94,9,3,5
2025-10-27,2025-10,Reddit,Campus Life,Vietnam,4,28,2,1,1
2025-10-27,2025-10,Reddit,Campus Life,Malaysia,6,52,3,1,2
2025-10-27,2025-10,Reddit,Application Process,India,19,171,10,2,7
2025-10-27,2025-10,Reddit,Application Process,China,14,76,7,3,4
2025-10-27,2025-10,Reddit,Application Process,Vietnam,14,82,6,4,4
2025-10-27,2025-10,Reddit,Support Services,India,10,83,7,1,2
2025-10-27,2025-10,Reddit,Support Services,China,2,9,2,0,0
2025-10-27,2025-10,Reddit,Support Services,Vietnam,8,59,6,1,1
2025-10-27,2025-10,Reddit,Support Services,Malaysia,5,33,4,0,1
2025-10-27,2025-10,X (Twitter),Visa Processing,India,31,86,10,10,11
2025-10-27,2025-10,X (Twitter),Visa Processing,China,14,36,5,3,6
2025-10-27,2025-10,X (Twitter),Visa Processing,Vietnam,9,25,3,2,4
2025-10-27,2025-10,X (Twitter),Visa Processing,Malaysia,9,20,3,2,4
2025-10-27,2025-10,X (Twitter),Accommodation Cost,India,18,44,6,3,9
2025-10-27,2025-10,X (Twitter),Accommodation Cost,China,3,6,1,1,1
2025-10-27,2025-10,X (Twitter),Accommodation Cost,Vietnam,19,31,7,2,10
2025-10-27,2025-10,X (Twitter),Accommodation Cost,Malaysia,12,32,4,2,6
2025-10-27,2025-10,X (Twitter),Scholarships,India,15,38,8,3,4
2025-10-27,2025-10,X (Twitter),Scholarships,China,16,31,9,3,4
2025-10-27,2025-10,X (Twitter),Scholarships,Malaysia,9,18,5,1,3
2025-10-27,2025-10,X (Twitter),Campus Safety,India,22,59,5,9,8
2025-10-27,2025-10,X (Twitter),Campus Safety,China,14,40,4,4,6
2025-10-27,2025-10,X (Twitter),Campus Safety,Vietnam,11,22,2,4,5
2025-10-27,2025-10,X (Twitter),Campus Safety,Malaysia,4,11,1,1,2
2025-10-27,2025-10,X (Twitter),Course Quality,India,11,25,6,3,2
2025-10-27,2025-10,X (Twitter),Course Quality,Vietnam,12,19,7,1,4
2025-10-27,2025-10,X (Twitter),Course Quality,Malaysia,5,13,3,1,1
2025-10-27,2025-10,X (Twitter),Career Outcomes,India,17,37,5,3,9
2025-10-27,2025-10,X (Twitter),Career Outcomes,China,8,22,3,2,3
2025-10-27,2025-10,X (Twitter),Career Outcomes,Vietnam,5,13,2,1,2
2025-10-27,2025-10,X (Twitter),Career Outcomes,Malaysia,7,17,2,3,2
2025-10-27,2025-10,X (Twitter),Part-Time Work Rights,India,11,26,2,3,6
2025-10-27,2025-10,X (Twitter),Part-Time Work Rights,China,5,11,1,1,3
2025-10-27,2025-10,X (Twitter),Part-Time Work Rights,Malaysia,4,10,1,1,2
2025-10-27,2025-10,X (Twitter),Campus Life,India,19,41,12,3,4
2025-10-27,2025-10,X (Twitter),Campus Life,China,13,31,8,2,3
2025-10-27,2025-10,X (Twitter),Campus Life,Vietnam,7,19,4,1,2
2025-10-27,2025-10,X (Twitter),Campus Life,Malaysia,6,14,3,1,2
2025-10-27,2025-10,X (Twitter),Application Process,India,8,20,4,1,3
2025-10-27,2025-10,X (Twitter),Application Process,China,3,5,2,0,1
2025-10-27,2025-10,X (Twitter),Application Process,Vietnam,5,7,3,0,2
2025-10-27,2025-10,X (Twitter),Application Process,Malaysia,10,15,5,1,4
2025-10-27,2025-10,X (Twitter),Support Services,India,15,24,11,2,2
2025-10-27,2025-10,X (Twitter),Support Services,China,6,12,5,0,1
2025-10-27,2025-10,X (Twitter),Support Services,Malaysia,5,11,4,0,1
2025-10-27,2025-10,News,Visa Processing,India,10,8,3,2,5
2025-10-27,2025-10,News,Visa Processing,Vietnam,6,5,2,2,2
2025-10-27,2025-10,News,Visa Processing,Malaysia,6,4,2,1,3
2025-10-27,2025-10,News,Accommodation Cost,India,8,6,3,1,4
2025-10-27,2025-10,News,Accommodation Cost,China,3,2,1,0,2
2025-10-27,2025-10,News,Accommodation Cost,Vietnam,7,4,2,2,3
2025-10-27,2025-10,News,Scholarships,India,3,2,2,0,1
2025-10-27,2025-10,News,Scholarships,China,9,10,5,1,3
2025-10-27,2025-10,News,Scholarships,Vietnam,8,5,4,1,3
2025-10-27,2025-10,News,Campus Safety,India,6,5,2,2,2
2025-10-27,2025-10,News,Campus Safety,China,4,3,1,1,2
2025-10-27,2025-10,News,Course Quality,India,6,6,4,0,2
2025-10-27,2025-10,News,Course Quality,China,5,4,3,1,1
2025-10-27,2025-10,News,Course Quality,Vietnam,6,5,3,1,2
2025-10-27,2025-10,News,Course Quality,Malaysia,5,5,3,0,2
2025-10-27,2025-10,News,Career Outcomes,India,6,6,2,1,3
2025-10-27,2025-10,News,Career Outcomes,China,6,5,2,2,2
2025-10-27,2025-10,News,Career Outcomes,Malaysia,3,3,1,1,1
2025-10-27,2025-10,News,Part-Time Work Rights,India,4,2,1,0,3
2025-10-27,2025-10,News,Part-Time Work Rights,China,2,2,0,1,1
2025-10-27,2025-10,News,Part-Time Work Rights,Vietnam,4,4,1,0,3
2025-10-27,2025-10,News,Part-Time Work Rights,Malaysia,1,1,0,1,0
2025-10-27,2025-10,News,Campus Life,India,5,4,3,1,1
2025-10-27,2025-10,News,Campus Life,China,2,1,1,0,1
2025-10-27,2025-10,News,Campus Life,Vietnam,2,1,1,1,0
2025-10-27,2025-10,News,Campus Life,Malaysia,2,2,1,0,1
2025-10-27,2025-10,News,Application Process,India,7,7,4,0,3
2025-10-27,2025-10,News,Application Process,Vietnam,3,2,2,0,1
2025-10-27,2025-10,News,Application Process,Malaysia,2,2,1,0,1
2025-10-27,2025-10,News,Support Services,India,6,5,4,1,1
2025-10-27,2025-10,News,Support Services,China,4,4,3,0,1
2025-10-27,2025-10,News,Support Services,Vietnam,1,1,1,0,0
2025-10-27,2025-10,News,Support Services,Malaysia,3,3,2,1,0
2025-10-27,2025-10,Forums,Visa Processing,India,22,119,6,4,12
2025-10-27,2025-10,Forums,Visa Processing,China,22,97,7,4,11
2025-10-27,2025-10,Forums,Visa Processing,Vietnam,5,17,1,2,2
2025-10-27,2025-10,Forums,Visa Processing,Malaysia,8,40,3,1,4
2025-10-27,2025-10,Forums,Accommodation Cost,India,9,31,3,2,4
2025-10-27,2025-10,Forums,Accommodation Cost,China,8,39,2,2,4
2025-10-27,2025-10,Forums,Accommodation Cost,Vietnam,11,33,4,2,5
2025-10-27,2025-10,Forums,Accommodation Cost,Malaysia,4,17,1,1,2
2025-10-27,2025-10,Forums,Scholarships,India,13,49,7,2,4
2025-10-27,2025-10,Forums,Scholarships,China,5,21,3,1,1
2025-10-27,2025-10,Forums,Scholarships,Vietnam,4,21,2,0,2
2025-10-27,2025-10,Forums,Campus Safety,India,8,36,2,2,4
2025-10-27,2025-10,Forums,Campus Safety,China,8,43,2,3,3
2025-10-27,2025-10,Forums,Campus Safety,Vietnam,6,25,2,1,3
2025-10-27,2025-10,Forums,Campus Safety,Malaysia,1,4,0,1,0
2025-10-27,2025-10,Forums,Course Quality,India,8,30,5,1,2
2025-10-27,2025-10,Forums,Course Quality,China,8,36,5,1,2
2025-10-27,2025-10,Forums,Course Quality,Vietnam,7,27,4,1,2
2025-10-27,2025-10,Forums,Career Outcomes,India,13,35,4,4,5
2025-10-27,2025-10,Forums,Career Outcomes,China,7,28,2,2,3
2025-10-27,2025-10,Forums,Career Outcomes,Vietnam,4,11,1,1,2
2025-10-27,2025-10,Forums,Career Outcomes,Malaysia,2,7,1,0,1
2025-10-27,2025-10,Forums,Part-Time Work Rights,India,5,20,1,1,3
2025-10-27,2025-10,Forums,Part-Time Work Rights,China,4,18,1,1,2
2025-10-27,2025-10,Forums,Part-Time Work Rights,Malaysia,4,22,1,1,2
2025-10-27,2025-10,Forums,Campus Life,India,7,28,4,1,2
2025-10-27,2025-10,Forums,Campus Life,China,8,28,4,2,2
2025-10-27,2025-10,Forums,Campus Life,Vietnam,4,22,2,1,1
2025-10-27,2025-10,Forums,Campus Life,Malaysia,3,16,2,0,1
2025-10-27,2025-10,Forums,Application Process,India,5,24,3,0,2
2025-10-27,2025-10,Forums,Application Process,Vietnam,2,10,1,0,1
2025-10-27,2025-10,Forums,Application Process,Malaysia,2,10,1,0,1
2025-10-27,2025-10,Forums,Support Services,India,7,25,5,1,1
2025-10-27,2025-10,Forums,Support Services,China,12,46,9,1,2
2025-10-27,2025-10,Forums,Support Services,Vietnam,7,38,5,1,1
2025-10-27,2025-10,Forums,Support Services,Malaysia,3,13,2,1,0
2025-11-03,2025-11,TikTok,Visa Processing,India,52,155,16,11,25
2025-11-03,2025-11,TikTok,Visa Processing,China,43,152,13,11,19
2025-11-03,2025-11,TikTok,Visa Processing,Malaysia,21,73,6,3,12
2025-11-03,2025-11,TikTok,Accommodation Cost,India,35,145,11,11,13
2025-11-03,2025-11,TikTok,Accommodation Cost,China,16,53,5,4,7
2025-11-03,2025-11,TikTok,Accommodation Cost,Vietnam,3,13,1,0,2
2025-11-03,2025-11,TikTok,Accommodation Cost,Malaysia,21,72,7,4,10
2025-11-03,2025-11,TikTok,Scholarships,India,18,65,11,2,5
2025-11-03,2025-11,TikTok,Scholarships,China,10,33,5,1,4
2025-11-03,2025-11,TikTok,Scholarships,Vietnam,24,92,15,3,6
2025-11-03,2025-11,TikTok,Scholarships,Malaysia,8,23,5,1,2
2025-11-03,2025-11,TikTok,Campus Safety,India,44,159,14,10,20
2025-11-03,2025-11,TikTok,Campus Safety,China,23,75,7,6,10
2025-11-03,2025-11,TikTok,Campus Safety,Vietnam,11,28,3,3,5
2025-11-03,2025-11,TikTok,Course Quality,India,17,49,9,2,6
2025-11-03,2025-11,TikTok,Course Quality,China,16,34,9,3,4
2025-11-03,2025-11,TikTok,Course Quality,Vietnam,20,68,11,2,7
2025-11-03,2025-11,TikTok,Course Quality,Malaysia,10,42,5,1,4
2025-11-03,2025-11,TikTok,Career Outcomes,India,8,28,3,2,3
2025-11-03,2025-11,TikTok,Career Outcomes,China,10,23,4,3,3
2025-11-03,2025-11,TikTok,Career Outcomes,Vietnam,8,22,3,2,3
2025-11-03,2025-11,TikTok,Career Outcomes,Malaysia,7,24,2,3,2
2025-11-03,2025-11,TikTok,Part-Time Work Rights,India,17,38,1,5,11
2025-11-03,2025-11,TikTok,Part-Time Work Rights,China,17,50,1,7,9
2025-11-03,2025-11,TikTok,Part-Time Work Rights,Vietnam,16,56,1,5,10
2025-11-03,2025-11,TikTok,Part-Time Work Rights,Malaysia,7,21,1,2,4
2025-11-03,2025-11,TikTok,Campus Life,India,31,94,14,6,11
2025-11-03,2025-11,TikTok,Campus Life,China,14,49,6,4,4
2025-11-03,2025-11,TikTok,Campus Life,Vietnam,5,18,2,1,2
2025-11-03,2025-11,TikTok,Campus Life,Malaysia,7,29,3,1,3
2025-11-03,2025-11,TikTok,Application Process,India,26,83,11,7,8
2025-11-03,2025-11,TikTok,Application Process,China,7,23,3,2,2
2025-11-03,2025-11,TikTok,Application Process,Malaysia,12,46,5,2,5
2025-11-03,2025-11,TikTok,Support Services,India,10,33,6,1,3
2025-11-03,2025-11,TikTok,Support Services,China,6,14,4,0,2
2025-11-03,2025-11,TikTok,Support Services,Malaysia,7,20,5,0,2
2025-11-03,2025-11,Reddit,Visa Processing,India,25,192,8,4,13
2025-11-03,2025-11,Reddit,Visa Processing,China,8,65,3,2,3
2025-11-03,2025-11,Reddit,Visa Processing,Vietnam,12,94,4,3,5
2025-11-03,2025-11,Reddit,Visa Processing,Malaysia,18,132,6,5,7
2025-11-03,2025-11,Reddit,Accommodation Cost,India,12,82,4,3,5
2025-11-03,2025-11,Reddit,Accommodation Cost,China,25,113,8,8,9
2025-11-03,2025-11,Reddit,Accommodation Cost,Vietnam,13,65,4,3,6
2025-11-03,2025-11,Reddit,Accommodation Cost,Malaysia,15,111,6,4,5
2025-11-03,2025-11,Reddit,Scholarships,India,24,186,15,4,5
2025-11-03,2025-11,Reddit,Scholarships,China,25,152,15,2,8
2025-11-03,2025-11,Reddit,Scholarships,Vietnam,3,26,2,0,1
2025-11-03,2025-11,Reddit,Scholarships,Malaysia,13,78,7,3,3
2025-11-03,2025-11,Reddit,Campus Safety,India,22,122,6,4,12
2025-11-03,2025-11,Reddit,Campus Safety,Vietnam,6,38,2,1,3
2025-11-03,2025-11,Reddit,Campus Safety,Malaysia,5,30,2,0,3
2025-11-03,2025-11,Reddit,Course Quality,India,23,119,13,2,8
2025-11-03,2025-11,Reddit,Course Quality,Malaysia,5,45,3,1,1
2025-11-03,2025-11,Reddit,Career Outcomes,India,16,137,6,3,7
2025-11-03,2025-11,Reddit,Career Outcomes,China,9,66,4,1,4
2025-11-03,2025-11,Reddit,Career Outcomes,Vietnam,8,60,3,1,4
2025-11-03,2025-11,Reddit,Part-Time Work Rights,India,10,56,1,2,7
2025-11-03,2025-11,Reddit,Part-Time Work Rights,China,13,91,1,4,8
2025-11-03,2025-11,Reddit,Part-Time Work Rights,Vietnam,10,44,1,3,6
2025-11-03,2025-11,Reddit,Part-Time Work Rights,Malaysia,9,74,1,3,5
2025-11-03,2025-11,Reddit,Campus Life,India,27,244,12,5,10
2025-11-03,2025-11,Reddit,Campus Life,China,21,156,9,5,7
2025-11-03,2025-11,Reddit,Campus Life,Vietnam,16,138,8,3,5
2025-11-03,2025-11,Reddit,Campus Life,Malaysia,14,123,6,2,6
2025-11-03,2025-11,Reddit,Application Process,India,9,54,4,1,4
2025-11-03,2025-11,Reddit,Application Process,China,16,84,6,3,7
2025-11-03,2025-11,Reddit,Application Process,Vietnam,9,47,4,2,3
2025-11-03,2025-11,Reddit,Application Process,Malaysia,8,58,3,2,3
2025-11-03,2025-11,Reddit,Support Services,India,9,59,6,1,2
2025-11-03,2025-11,Reddit,Support Services,China,10,56,6,2,2
2025-11-03,2025-11,Reddit,Support Services,Vietnam,4,32,2,1,1
2025-11-03,2025-11,Reddit,Support Services,Malaysia,6,40,4,0,2
2025-11-03,2025-11,X (Twitter),Visa Processing,India,48,76,16,15,17
2025-11-03,2025-11,X (Twitter),Visa Processing,China,15,30,4,2,9
2025-11-03,2025-11,X (Twitter),Visa Processing,Vietnam,17,33,5,5,7
2025-11-03,2025-11,X (Twitter),Visa Processing,Malaysia,16,26,5,3,8
2025-11-03,2025-11,X (Twitter),Accommodation Cost,India,21,52,8,6,7
2025-11-03,2025-11,X (Twitter),Accommodation Cost,China,18,46,6,5,7
2025-11-03,2025-11,X (Twitter),Accommodation Cost,Vietnam,11,27,3,2,6
2025-11-03,2025-11,X (Twitter),Accommodation Cost,Malaysia,16,29,6,2,8
2025-11-03,2025-11,X (Twitter),Scholarships,India,15,43,9,2,4
2025-11-03,2025-11,X (Twitter),Scholarships,China,15,30,9,1,5
2025-11-03,2025-11,X (Twitter),Scholarships,Vietnam,11,18,6,3,2
2025-11-03,2025-11,X (Twitter),Scholarships,Malaysia,1,2,1,0,0
2025-11-03,2025-11,X (Twitter),Campus Safety,India,6,10,2,2,2
2025-11-03,2025-11,X (Twitter),Campus Safety,China,4,11,1,1,2
2025-11-03,2025-11,X (Twitter),Campus Safety,Vietnam,11,28,3,2,6
2025-11-03,2025-11,X (Twitter),Campus Safety,Malaysia,2,5,1,0,1
2025-11-03,2025-11,X (Twitter),Course Quality,India,14,35,7,3,4
2025-11-03,2025-11,X (Twitter),Course Quality,China,17,28,8,2,7
2025-11-03,2025-11,X (Twitter),Course Quality,Vietnam,8,16,4,2,2
2025-11-03,2025-11,X (Twitter),Course Quality,Malaysia,7,12,4,1,2
2025-11-03,2025-11,X (Twitter),Career Outcomes,India,13,25,5,3,5
2025-11-03,2025-11,X (Twitter),Career Outcomes,China,3,6,1,1,1
2025-11-03,2025-11,X (Twitter),Career Outcomes,Vietnam,7,14,3,1,3
2025-11-03,2025-11,X (Twitter),Career Outcomes,Malaysia,13,29,5,2,6
2025-11-03,2025-11,X (Twitter),Part-Time Work Rights,India,17,25,2,6,9
2025-11-03,2025-11,X (Twitter),Part-Time Work Rights,China,9,22,1,3,5
2025-11-03,2025-11,X (Twitter),Part-Time Work Rights,Vietnam,8,20,0,3,5
2025-11-03,2025-11,X (Twitter),Part-Time Work Rights,Malaysia,6,15,0,3,3
2025-11-03,2025-11,X (Twitter),Campus Life,India,8,20,3,2,3
2025-11-03,2025-11,X (Twitter),Campus Life,China,16,34,7,3,6
2025-11-03,2025-11,X (Twitter),Campus Life,Vietnam,7,15,3,1,3
2025-11-03,2025-11,X (Twitter),Campus Life,Malaysia,3,7,1,1,1
2025-11-03,2025-11,X (Twitter),Application Process,China,6,12,3,1,2
2025-11-03,2025-11,X (Twitter),Application Process,Vietnam,10,29,4,3,3
2025-11-03,2025-11,X (Twitter),Application Process,Malaysia,9,19,4,2,3
2025-11-03,2025-11,X (Twitter),Support Services,India,2,4,1,0,1
2025-11-03,2025-11,X (Twitter),Support Services,China,9,17,5,2,2
2025-11-03,2025-11,X (Twitter),Support Services,Vietnam,4,10,2,1,1
2025-11-03,2025-11,X (Twitter),Support Services,Malaysia,6,13,4,1,1
2025-11-03,2025-11,News,Visa Processing,India,8,9,3,1,4
2025-11-03,2025-11,News,Visa Processing,China,9,7,3,1,5
2025-11-03,2025-11,News,Visa Processing,Vietnam,3,3,1,1,1
2025-11-03,2025-11,News,Visa Processing,Malaysia,4,4,1,1,2
2025-11-03,2025-11,News,Accommodation Cost,India,8,7,3,1,4
2025-11-03,2025-11,News,Accommodation Cost,China,7,8,2,2,3
2025-11-03,2025-11,News,Accommodation Cost,Vietnam,7,7,2,1,4
2025-11-03,2025-11,News,Accommodation Cost,Malaysia,2,2,1,0,1
2025-11-03,2025-11,News,Scholarships,India,4,3,2,1,1
2025-11-03,2025-11,News,Scholarships,China,5,4,3,0,2
2025-11-03,2025-11,News,Scholarships,Vietnam,3,2,2,0,1
2025-11-03,2025-11,News,Campus Safety,India,1,1,0,1,0
2025-11-03,2025-11,News,Campus Safety,China,2,1,1,0,1
2025-11-03,2025-11,News,Course Quality,India,5,4,3,1,1
2025-11-03,2025-11,News,Course Quality,China,3,3,2,0,1
2025-11-03,2025-11,News,Course Quality,Vietnam,2,2,1,0,1
2025-11-03,2025-11,News,Course Quality,Malaysia,1,1,1,0,0
2025-11-03,2025-11,News,Career Outcomes,India,4,2,1,1,2
2025-11-03,2025-11,News,Career Outcomes,China,3,3,1,1,1
2025-11-03,2025-11,News,Career Outcomes,Vietnam,4,4,1,1,2
2025-11-03,2025-11,News,Career Outcomes,Malaysia,4,4,2,0,2
2025-11-03,2025-11,News,Part-Time Work Rights,India,5,4,0,2,3
2025-11-03,2025-11,News,Part-Time Work Rights,China,5,5,0,2,3
2025-11-03,2025-11,News,Part-Time Work Rights,Vietnam,3,3,0,1,2
2025-11-03,2025-11,News,Part-Time Work Rights,Malaysia,3,2,0,1,2
2025-11-03,2025-11,News,Campus Life,India,2,2,1,0,1
2025-11-03,2025-11,News,Campus Life,China,2,2,1,0,1
2025-11-03,2025-11,News,Campus Life,Vietnam,4,3,2,1,1
2025-11-03,2025-11,News,Campus Life,Malaysia,2,1,1,0,1
2025-11-03,2025-11,News,Application Process,India,4,3,2,1,1
2025-11-03,2025-11,News,Application Process,China,5,3,2,2,1
2025-11-03,2025-11,News,Application Process,Vietnam,2,1,1,0,1
2025-11-03,2025-11,News,Application Process,Malaysia,1,1,0,1,0
2025-11-03,2025-11,News,Support Services,India,6,4,3,1,2
2025-11-03,2025-11,News,Support Services,China,2,1,1,0,1
2025-11-03,2025-11,News,Support Services,Vietnam,3,3,2,0,1
2025-11-03,2025-11,News,Support Services,Malaysia,3,3,2,0,1
2025-11-03,2025-11,Forums,Visa Processing,India,17,83,5,6,6
2025-11-03,2025-11,Forums,Visa Processing,China,14,42,5,4,5
2025-11-03,2025-11,Forums,Visa Processing,Vietnam,7,27,3,1,3
2025-11-03,2025-11,Forums,Visa Processing,Malaysia,5,24,2,1,2
2025-11-03,2025-11,Forums,Accommodation Cost,India,9,35,3,2,4
2025-11-03,2025-11,Forums,Accommodation Cost,China,13,38,4,3,6
2025-11-03,2025-11,Forums,Accommodation Cost,Vietnam,11,38,3,3,5
2025-11-03,2025-11,Forums,Accommodation Cost,Malaysia,11,46,3,2,6
2025-11-03,2025-11,Forums,Scholarships,India,3,10,2,0,1
2025-11-03,2025-11,Forums,Scholarships,China,6,22,4,0,2
2025-11-03,2025-11,Forums,Scholarships,Vietnam,2,6,1,0,1
2025-11-03,2025-11,Forums,Scholarships,Malaysia,4,13,2,1,1
2025-11-03,2025-11,Forums,Campus Safety,India,6,20,2,1,3
2025-11-03,2025-11,Forums,Campus Safety,China,10,56,3,1,6
2025-11-03,2025-11,Forums,Campus Safety,Vietnam,3,14,1,1,1
2025-11-03,2025-11,Forums,Course Quality,India,12,48,7,2,3
2025-11-03,2025-11,Forums,Course Quality,China,5,19,3,0,2
2025-11-03,2025-11,Forums,Course Quality,Vietnam,2,10,1,0,1
2025-11-03,2025-11,Forums,Course Quality,Malaysia,6,25,3,1,2
2025-11-03,2025-11,Forums,Career Outcomes,India,10,39,4,2,4
2025-11-03,2025-11,Forums,Career Outcomes,China,8,32,3,2,3
2025-11-03,2025-11,Forums,Career Outcomes,Vietnam,5,21,2,1,2
2025-11-03,2025-11,Forums,Career Outcomes,Malaysia,4,21,2,1,1
2025-11-03,2025-11,Forums,Part-Time Work Rights,India,8,39,0,3,5
2025-11-03,2025-11,Forums,Part-Time Work Rights,Vietnam,5,17,0,3,2
2025-11-03,2025-11,Forums,Part-Time Work Rights,Malaysia,2,11,0,1,1
2025-11-03,2025-11,Forums,Campus Life,India,9,38,4,2,3
2025-11-03,2025-11,Forums,Campus Life,China,3,9,1,1,1
2025-11-03,2025-11,Forums,Campus Life,Vietnam,6,17,3,1,2
2025-11-03,2025-11,Forums,Campus Life,Malaysia,5,24,2,1,2
2025-11-03,2025-11,Forums,Application Process,India,6,21,3,1,2
2025-11-03,2025-11,Forums,Application Process,China,6,23,2,2,2
2025-11-03,2025-11,Forums,Application Process,Vietnam,4,20,2,1,1
2025-11-03,2025-11,Forums,Application Process,Malaysia,5,25,2,1,2
2025-11-03,2025-11,Forums,Support Services,India,7,37,4,1,2
2025-11-03,2025-11,Forums,Support Services,China,8,31,5,1,2
2025-11-03,2025-11,Forums,Support Services,Vietnam,5,26,3,1,1
2025-11-03,2025-11,Forums,Support Services,Malaysia,2,7,1,0,1
2025-11-10,2025-11,TikTok,Visa Processing,India,21,74,7,7,7
2025-11-10,2025-11,TikTok,Visa Processing,China,17,37,6,6,5
2025-11-10,2025-11,TikTok,Visa Processing,Vietnam,36,102,12,6,18
2025-11-10,2025-11,TikTok,Visa Processing,Malaysia,13,46,5,4,4
2025-11-10,2025-11,TikTok,Accommodation Cost,India,46,126,17,6,23
2025-11-10,2025-11,TikTok,Accommodation Cost,China,29,114,9,8,12
2025-11-10,2025-11,TikTok,Accommodation Cost,Vietnam,20,84,6,6,8
2025-11-10,2025-11,TikTok,Accommodation Cost,Malaysia,22,62,8,4,10
2025-11-10,2025-11,TikTok,Scholarships,China,41,129,21,5,15
2025-11-10,2025-11,TikTok,Scholarships,Vietnam,19,53,11,2,6
2025-11-10,2025-11,TikTok,Scholarships,Malaysia,8,21,4,2,2
2025-11-10,2025-11,TikTok,Campus Safety,India,21,71,4,8,9
2025-11-10,2025-11,TikTok,Campus Safety,Vietnam,1,4,0,1,0
2025-11-10,2025-11,TikTok,Campus Safety,Malaysia,13,39,3,2,8
2025-11-10,2025-11,TikTok,Course Quality,India,23,78,14,4,5
2025-11-10,2025-11,TikTok,Course Quality,China,11,46,7,1,3
2025-11-10,2025-11,TikTok,Course Quality,Malaysia,14,62,9,1,4
2025-11-10,2025-11,TikTok,Career Outcomes,India,11,41,5,2,4
2025-11-10,2025-11,TikTok,Career Outcomes,China,11,37,5,3,3
2025-11-10,2025-11,TikTok,Career Outcomes,Vietnam,5,15,2,1,2
2025-11-10,2025-11,TikTok,Career Outcomes,Malaysia,6,20,3,1,2
2025-11-10,2025-11,TikTok,Part-Time Work Rights,India,13,30,1,5,7
2025-11-10,2025-11,TikTok,Part-Time Work Rights,China,2,6,0,1,1
2025-11-10,2025-11,TikTok,Part-Time Work Rights,Vietnam,11,26,1,3,7
2025-11-10,2025-11,TikTok,Part-Time Work Rights,Malaysia,6,27,0,3,3
2025-11-10,2025-11,TikTok,Campus Life,India,9,28,6,1,2
2025-11-10,2025-11,TikTok,Campus Life,China,21,55,12,5,4
2025-11-10,2025-11,TikTok,Campus Life,Malaysia,3,8,2,0,1
2025-11-10,2025-11,TikTok,Application Process,India,22,78,7,7,8
2025-11-10,2025-11,TikTok,Application Process,Vietnam,18,55,6,5,7
2025-11-10,2025-11,TikTok,Application Process,Malaysia,11,35,4,2,5
2025-11-10,2025-11,TikTok,Support Services,India,11,36,7,1,3
2025-11-10,2025-11,TikTok,Support Services,China,3,13,2,0,1
2025-11-10,2025-11,TikTok,Support Services,Vietnam,4,12,2,1,1
2025-11-10,2025-11,TikTok,Support Services,Malaysia,7,26,4,2,1
2025-11-10,2025-11,Reddit,Visa Processing,India,34,222,11,11,12
2025-11-10,2025-11,Reddit,Visa Processing,China,13,87,4,4,5
2025-11-10,2025-11,Reddit,Visa Processing,Vietnam,18,88,6,5,7
2025-11-10,2025-11,Reddit,Visa Processing,Malaysia,17,136,6,3,8
2025-11-10,2025-11,Reddit,Accommodation Cost,India,37,193,12,12,13
2025-11-10,2025-11,Reddit,Accommodation Cost,China,26,113,8,7,11
2025-11-10,2025-11,Reddit,Accommodation Cost,Vietnam,17,119,5,6,6
2025-11-10,2025-11,Reddit,Accommodation Cost,Malaysia,19,109,6,7,6
2025-11-10,2025-11,Reddit,Scholarships,India,9,76,5,2,2
2025-11-10,2025-11,Reddit,Scholarships,China,3,16,2,0,1
2025-11-10,2025-11,Reddit,Scholarships,Vietnam,18,121,10,3,5
2025-11-10,2025-11,Reddit,Scholarships,Malaysia,16,106,9,2,5
2025-11-10,2025-11,Reddit,Campus Safety,India,19,154,4,3,12
2025-11-10,2025-11,Reddit,Campus Safety,China,9,43,2,3,4
2025-11-10,2025-11,Reddit,Campus Safety,Vietnam,12,94,3,3,6
2025-11-10,2025-11,Reddit,Campus Safety,Malaysia,6,36,1,2,3
2025-11-10,2025-11,Reddit,Course Quality,India,14,113,9,1,4
2025-11-10,2025-11,Reddit,Course Quality,China,20,107,14,1,5
2025-11-10,2025-11,Reddit,Course Quality,Vietnam,16,125,10,2,4
2025-11-10,2025-11,Reddit,Course Quality,Malaysia,5,39,3,1,1
2025-11-10,2025-11,Reddit,Career Outcomes,India,11,84,5,2,4
2025-11-10,2025-11,Reddit,Career Outcomes,China,24,188,11,3,10
2025-11-10,2025-11,Reddit,Career Outcomes,Malaysia,5,30,2,1,2
2025-11-10,2025-11,Reddit,Part-Time Work Rights,India,16,130,1,7,8
2025-11-10,2025-11,Reddit,Part-Time Work Rights,China,11,84,1,2,8
2025-11-10,2025-11,Reddit,Part-Time Work Rights,Vietnam,7,57,0,2,5
2025-11-10,2025-11,Reddit,Part-Time Work Rights,Malaysia,7,54,0,3,4
2025-11-10,2025-11,Reddit,Campus Life,India,25,201,15,5,5
2025-11-10,2025-11,Reddit,Campus Life,China,7,60,4,1,2
2025-11-10,2025-11,Reddit,Campus Life,Vietnam,13,98,8,2,3
2025-11-10,2025-11,Reddit,Campus Life,Malaysia,8,69,5,1,2
2025-11-10,2025-11,Reddit,Application Process,India,13,84,5,2,6
2025-11-10,2025-11,Reddit,Application Process,China,8,65,3,2,3
2025-11-10,2025-11,Reddit,Application Process,Vietnam,8,46,3,1,4
2025-11-10,2025-11,Reddit,Application Process,Malaysia,9,55,3,2,4
2025-11-10,2025-11,Reddit,Support Services,India,18,89,11,3,4
2025-11-10,2025-11,Reddit,Support Services,China,7,35,4,1,2
2025-11-10,2025-11,Reddit,Support Services,Vietnam,4,18,2,1,1
2025-11-10,2025-11,Reddit,Support Services,Malaysia,4,36,2,1,1
2025-11-10,2025-11,X (Twitter),Visa Processing,India,12,30,4,3,5
2025-11-10,2025-11,X (Twitter),Visa Processing,China,18,38,6,6,6
2025-11-10,2025-11,X (Twitter),Visa Processing,Vietnam,3,7,1,1,1
2025-11-10,2025-11,X (Twitter),Visa Processing,Malaysia,19,43,6,7,6
2025-11-10,2025-11,X (Twitter),Accommodation Cost,India,15,41,5,2,8
2025-11-10,2025-11,X (Twitter),Accommodation Cost,China,21,53,7,6,8
2025-11-10,2025-11,X (Twitter),Accommodation Cost,Vietnam,27,71,8,9,10
2025-11-10,2025-11,X (Twitter),Accommodation Cost,Malaysia,9,13,3,2,4
2025-11-10,2025-11,X (Twitter),Scholarships,China,3,7,2,0,1
2025-11-10,2025-11,X (Twitter),Scholarships,Vietnam,14,26,7,3,4
2025-11-10,2025-11,X (Twitter),Scholarships,Malaysia,8,19,4,1,3
2025-11-10,2025-11,X (Twitter),Campus Safety,India,18,34,5,3,10
2025-11-10,2025-11,X (Twitter),Campus Safety,China,15,43,3,4,8
2025-11-10,2025-11,X (Twitter),Campus Safety,Vietnam,12,34,3,4,5
2025-11-10,2025-11,X (Twitter),Course Quality,India,4,10,2,1,1
2025-11-10,2025-11,X (Twitter),Course Quality,China,10,14,7,1,2
2025-11-10,2025-11,X (Twitter),Course Quality,Vietnam,14,37,9,1,4
2025-11-10,2025-11,X (Twitter),Course Quality,Malaysia,12,23,7,3,2
2025-11-10,2025-11,X (Twitter),Career Outcomes,India,17,25,7,5,5
2025-11-10,2025-11,X (Twitter),Career Outcomes,Vietnam,10,22,5,2,3
2025-11-10,2025-11,X (Twitter),Career Outcomes,Malaysia,9,15,4,1,4
2025-11-10,2025-11,X (Twitter),Part-Time Work Rights,India,12,28,1,5,6
2025-11-10,2025-11,X (Twitter),Part-Time Work Rights,China,15,27,1,6,8
2025-11-10,2025-11,X (Twitter),Part-Time Work Rights,Vietnam,10,19,0,3,7
2025-11-10,2025-11,X (Twitter),Part-Time Work Rights,Malaysia,4,5,0,2,2
2025-11-10,2025-11,X (Twitter),Campus Life,China,2,3,1,0,1
2025-11-10,2025-11,X (Twitter),Campus Life,Vietnam,9,14,6,1,2
2025-11-10,2025-11,X (Twitter),Campus Life,Malaysia,8,19,5,1,2
2025-11-10,2025-11,X (Twitter),Application Process,India,14,32,6,4,4
2025-11-10,2025-11,X (Twitter),Application Process,China,8,20,3,2,3
2025-11-10,2025-11,X (Twitter),Application Process,Vietnam,11,25,4,3,4
2025-11-10,2025-11,X (Twitter),Application Process,Malaysia,10,28,4,2,4
2025-11-10,2025-11,X (Twitter),Support Services,India,7,12,4,1,2
2025-11-10,2025-11,X (Twitter),Support Services,China,8,11,5,1,2
2025-11-10,2025-11,X (Twitter),Support Services,Vietnam,10,18,6,1,3
2025-11-10,2025-11,X (Twitter),Support Services,Malaysia,4,10,2,1,1
2025-11-10,2025-11,News,Visa Processing,India,8,9,3,1,4
2025-11-10,2025-11,News,Visa Processing,Vietnam,4,2,2,0,2
2025-11-10,2025-11,News,Visa Processing,Malaysia,3,3,1,0,2
2025-11-10,2025-11,News,Accommodation Cost,India,13,14,4,5,4
2025-11-10,2025-11,News,Accommodation Cost,China,11,7,4,2,5
2025-11-10,2025-11,News,Accommodation Cost,Vietnam,8,7,3,1,4
2025-11-10,2025-11,News,Accommodation Cost,Malaysia,2,2,1,0,1
2025-11-10,2025-11,News,Scholarships,India,2,2,1,0,1
2025-11-10,2025-11,News,Scholarships,China,3,2,2,0,1
2025-11-10,2025-11,News,Scholarships,Vietnam,4,2,2,1,1
2025-11-10,2025-11,News,Scholarships,Malaysia,6,4,3,1,2
2025-11-10,2025-11,News,Campus Safety,India,3,2,1,1,1
2025-11-10,2025-11,News,Campus Safety,China,3,2,1,1,1
2025-11-10,2025-11,News,Campus Safety,Malaysia,4,4,1,1,2
2025-11-10,2025-11,News,Course Quality,China,1,1,1,0,0
2025-11-10,2025-11,News,Course Quality,Vietnam,4,3,3,0,1
2025-11-10,2025-11,News,Course Quality,Malaysia,4,3,3,0,1
2025-11-10,2025-11,News,Career Outcomes,India,4,3,2,0,2
2025-11-10,2025-11,News,Career Outcomes,Vietnam,3,3,1,1,1
2025-11-10,2025-11,News,Career Outcomes,Malaysia,2,1,1,0,1
2025-11-10,2025-11,News,Part-Time Work Rights,India,6,5,0,3,3
2025-11-10,2025-11,News,Part-Time Work Rights,China,2,2,0,1,1
2025-11-10,2025-11,News,Part-Time Work Rights,Vietnam,4,4,0,1,3
2025-11-10,2025-11,News,Part-Time Work Rights,Malaysia,3,2,0,1,2
2025-11-10,2025-11,News,Campus Life,China,5,5,3,1,1
2025-11-10,2025-11,News,Campus Life,Vietnam,3,2,2,0,1
2025-11-10,2025-11,News,Campus Life,Malaysia,3,2,2,0,1
2025-11-10,2025-11,News,Application Process,India,7,8,2,2,3
2025-11-10,2025-11,News,Application Process,China,6,5,2,1,3
2025-11-10,2025-11,News,Application Process,Vietnam,2,1,1,0,1
2025-11-10,2025-11,News,Application Process,Malaysia,2,2,1,0,1
2025-11-10,2025-11,News,Support Services,India,4,4,2,1,1
2025-11-10,2025-11,News,Support Services,China,5,5,3,1,1
2025-11-10,2025-11,News,Support Services,Vietnam,1,1,1,0,0
2025-11-10,2025-11,Forums,Visa Processing,India,14,51,5,4,5
2025-11-10,2025-11,Forums,Visa Processing,China,5,24,2,1,2
2025-11-10,2025-11,Forums,Visa Processing,Malaysia,8,43,3,2,3
2025-11-10,2025-11,Forums,Accommodation Cost,India,17,82,6,5,6
2025-11-10,2025-11,Forums,Accommodation Cost,China,10,45,3,3,4
2025-11-10,2025-11,Forums,Accommodation Cost,Malaysia,1,3,0,0,1
2025-11-10,2025-11,Forums,Scholarships,India,10,30,6,1,3
2025-11-10,2025-11,Forums,Scholarships,China,8,23,4,2,2
2025-11-10,2025-11,Forums,Scholarships,Vietnam,9,45,5,2,2
2025-11-10,2025-11,Forums,Scholarships,Malaysia,5,25,3,0,2
2025-11-10,2025-11,Forums,Campus Safety,India,9,42,2,1,6
2025-11-10,2025-11,Forums,Campus Safety,China,7,19,2,1,4
2025-11-10,2025-11,Forums,Campus Safety,Vietnam,7,21,1,2,4
2025-11-10,2025-11,Forums,Campus Safety,Malaysia,4,22,1,1,2
2025-11-10,2025-11,Forums,Course Quality,India,9,40,6,1,2
2025-11-10,2025-11,Forums,Course Quality,China,7,33,4,1,2
2025-11-10,2025-11,Forums,Course Quality,Vietnam,4,19,3,0,1
2025-11-10,2025-11,Forums,Course Quality,Malaysia,4,15,3,0,1
2025-11-10,2025-11,Forums,Career Outcomes,India,6,20,3,1,2
2025-11-10,2025-11,Forums,Career Outcomes,China,4,18,2,1,1
2025-11-10,2025-11,Forums,Career Outcomes,Vietnam,6,26,3,1,2
2025-11-10,2025-11,Forums,Career Outcomes,Malaysia,1,3,0,1,0
2025-11-10,2025-11,Forums,Part-Time Work Rights,India,2,10,0,1,1
2025-11-10,2025-11,Forums,Part-Time Work Rights,China,4,13,0,2,2
2025-11-10,2025-11,Forums,Part-Time Work Rights,Vietnam,4,11,0,1,3
2025-11-10,2025-11,Forums,Campus Life,India,8,34,5,1,2
2025-11-10,2025-11,Forums,Campus Life,China,6,20,4,1,1
2025-11-10,2025-11,Forums,Campus Life,Vietnam,5,17,3,1,1
2025-11-10,2025-11,Forums,Campus Life,Malaysia,4,17,2,1,1
2025-11-10,2025-11,Forums,Application Process,India,12,42,5,1,6
2025-11-10,2025-11,Forums,Application Process,China,8,42,3,2,3
2025-11-10,2025-11,Forums,Application Process,Vietnam,1,3,0,1,0
2025-11-10,2025-11,Forums,Application Process,Malaysia,5,26,2,1,2
2025-11-10,2025-11,Forums,Support Services,India,4,22,2,1,1
2025-11-10,2025-11,Forums,Support Services,China,5,18,3,1,1
2025-11-10,2025-11,Forums,Support Services,Vietnam,4,14,2,1,1
2025-11-10,2025-11,Forums,Support Services,Malaysia,4,16,2,1,1
2025-11-17,2025-11,TikTok,Visa Processing,China,18,49,4,6,8
2025-11-17,2025-11,TikTok,Visa Processing,Vietnam,22,53,5,7,10
2025-11-17,2025-11,TikTok,Visa Processing,Malaysia,24,59,5,7,12
2025-11-17,2025-11,TikTok,Accommodation Cost,India,28,71,10,6,12
2025-11-17,2025-11,TikTok,Accommodation Cost,China,15,45,5,4,6
2025-11-17,2025-11,TikTok,Accommodation Cost,Vietnam,17,45,6,5,6
2025-11-17,2025-11,TikTok,Accommodation Cost,Malaysia,11,46,4,3,4
2025-11-17,2025-11,TikTok,Scholarships,India,23,97,10,6,7
2025-11-17,2025-11,TikTok,Scholarships,China,28,123,12,5,11
2025-11-17,2025-11,TikTok,Scholarships,Vietnam,20,84,9,3,8
2025-11-17,2025-11,TikTok,Scholarships,Malaysia,14,35,7,3,4
2025-11-17,2025-11,TikTok,Campus Safety,India,11,32,6,2,3
2025-11-17,2025-11,TikTok,Campus Safety,China,10,36,5,1,4
2025-11-17,2025-11,TikTok,Campus Safety,Vietnam,15,62,7,3,5
2025-11-17,2025-11,TikTok,Campus Safety,Malaysia,6,19,3,1,2
2025-11-17,2025-11,TikTok,Course Quality,India,15,61,10,2,3
2025-11-17,2025-11,TikTok,Course Quality,China,12,38,8,1,3
2025-11-17,2025-11,TikTok,Course Quality,Malaysia,8,17,5,1,2
2025-11-17,2025-11,TikTok,Career Outcomes,India,26,88,15,2,9
2025-11-17,2025-11,TikTok,Career Outcomes,China,15,55,8,2,5
2025-11-17,2025-11,TikTok,Career Outcomes,Vietnam,8,21,5,0,3
2025-11-17,2025-11,TikTok,Career Outcomes,Malaysia,9,23,5,1,3
2025-11-17,2025-11,TikTok,Part-Time Work Rights,India,14,43,3,5,6
2025-11-17,2025-11,TikTok,Part-Time Work Rights,China,15,33,4,5,6
2025-11-17,2025-11,TikTok,Campus Life,India,17,60,8,2,7
2025-11-17,2025-11,TikTok,Campus Life,China,10,24,4,3,3
2025-11-17,2025-11,TikTok,Campus Life,Vietnam,12,31,5,2,5
2025-11-17,2025-11,TikTok,Campus Life,Malaysia,7,18,3,2,2
2025-11-17,2025-11,TikTok,Application Process,China,14,35,8,3,3
2025-11-17,2025-11,TikTok,Application Process,Vietnam,17,72,9,4,4
2025-11-17,2025-11,TikTok,Application Process,Malaysia,6,19,4,0,2
2025-11-17,2025-11,TikTok,Support Services,India,28,60,20,4,4
2025-11-17,2025-11,TikTok,Support Services,China,9,24,7,0,2
2025-11-17,2025-11,TikTok,Support Services,Vietnam,8,23,6,1,1
2025-11-17,2025-11,TikTok,Support Services,Malaysia,11,32,8,1,2
2025-11-17,2025-11,Reddit,Visa Processing,India,45,301,11,15,19
2025-11-17,2025-11,Reddit,Visa Processing,China,21,134,5,4,12
2025-11-17,2025-11,Reddit,Visa Processing,Vietnam,16,145,4,3,9
2025-11-17,2025-11,Reddit,Visa Processing,Malaysia,20,108,4,4,12
2025-11-17,2025-11,Reddit,Accommodation Cost,India,23,113,7,8,8
2025-11-17,2025-11,Reddit,Accommodation Cost,China,15,106,5,5,5
2025-11-17,2025-11,Reddit,Accommodation Cost,Vietnam,13,79,4,3,6
2025-11-17,2025-11,Reddit,Accommodation Cost,Malaysia,16,120,5,5,6
2025-11-17,2025-11,Reddit,Scholarships,India,34,208,14,9,11
2025-11-17,2025-11,Reddit,Scholarships,China,26,158,12,6,8
2025-11-17,2025-11,Reddit,Scholarships,Vietnam,6,52,3,1,2
2025-11-17,2025-11,Reddit,Scholarships,Malaysia,9,71,4,2,3
2025-11-17,2025-11,Reddit,Campus Safety,China,16,82,8,2,6
2025-11-17,2025-11,Reddit,Campus Safety,Vietnam,10,76,5,2,3
2025-11-17,2025-11,Reddit,Campus Safety,Malaysia,4,35,2,1,1
2025-11-17,2025-11,Reddit,Course Quality,India,34,178,21,4,9
2025-11-17,2025-11,Reddit,Course Quality,China,15,135,9,2,4
2025-11-17,2025-11,Reddit,Course Quality,Vietnam,9,38,6,1,2
2025-11-17,2025-11,Reddit,Career Outcomes,India,14,85,8,2,4
2025-11-17,2025-11,Reddit,Career Outcomes,China,3,27,2,0,1
2025-11-17,2025-11,Reddit,Career Outcomes,Malaysia,5,39,3,1,1
2025-11-17,2025-11,Reddit,Part-Time Work Rights,India,27,124,8,8,11
2025-11-17,2025-11,Reddit,Part-Time Work Rights,China,15,112,4,5,6
2025-11-17,2025-11,Reddit,Part-Time Work Rights,Vietnam,8,67,2,2,4
2025-11-17,2025-11,Reddit,Campus Life,India,12,70,6,3,3
2025-11-17,2025-11,Reddit,Campus Life,China,12,107,5,2,5
2025-11-17,2025-11,Reddit,Campus Life,Malaysia,4,33,2,0,2
2025-11-17,2025-11,Reddit,Application Process,India,9,39,5,1,3
2025-11-17,2025-11,Reddit,Application Process,China,9,80,5,1,3
2025-11-17,2025-11,Reddit,Application Process,Vietnam,9,46,5,2,2
2025-11-17,2025-11,Reddit,Application Process,Malaysia,4,32,2,1,1
2025-11-17,2025-11,Reddit,Support Services,India,11,97,8,1,2
2025-11-17,2025-11,Reddit,Support Services,China,12,66,9,1,2
2025-11-17,2025-11,Reddit,Support Services,Malaysia,8,41,6,1,1
2025-11-17,2025-11,X (Twitter),Visa Processing,India,31,68,7,9,15
2025-11-17,2025-11,X (Twitter),Visa Processing,China,11,20,3,2,6
2025-11-17,2025-11,X (Twitter),Visa Processing,Vietnam,15,32,4,5,6
2025-11-17,2025-11,X (Twitter),Accommodation Cost,India,26,48,9,6,11
2025-11-17,2025-11,X (Twitter),Accommodation Cost,Vietnam,11,19,4,2,5
2025-11-17,2025-11,X (Twitter),Accommodation Cost,Malaysia,17,42,6,3,8
2025-11-17,2025-11,X (Twitter),Scholarships,India,24,61,10,4,10
2025-11-17,2025-11,X (Twitter),Scholarships,China,30,79,13,6,11
2025-11-17,2025-11,X (Twitter),Scholarships,Vietnam,14,40,6,4,4
2025-11-17,2025-11,X (Twitter),Scholarships,Malaysia,13,23,6,2,5
2025-11-17,2025-11,X (Twitter),Campus Safety,India,18,41,10,2,6
2025-11-17,2025-11,X (Twitter),Campus Safety,China,9,26,5,1,3
2025-11-17,2025-11,X (Twitter),Campus Safety,Vietnam,6,14,3,1,2
2025-11-17,2025-11,X (Twitter),Campus Safety,Malaysia,11,20,6,1,4
2025-11-17,2025-11,X (Twitter),Course Quality,India,3,9,2,0,1
2025-11-17,2025-11,X (Twitter),Course Quality,China,13,18,9,1,3
2025-11-17,2025-11,X (Twitter),Course Quality,Vietnam,6,14,4,1,1
2025-11-17,2025-11,X (Twitter),Course Quality,Malaysia,8,13,5,1,2
2025-11-17,2025-11,X (Twitter),Career Outcomes,India,5,10,3,0,2
2025-11-17,2025-11,X (Twitter),Career Outcomes,China,7,12,4,1,2
2025-11-17,2025-11,X (Twitter),Career Outcomes,Vietnam,10,17,5,2,3
2025-11-17,2025-11,X (Twitter),Career Outcomes,Malaysia,8,15,5,0,3
2025-11-17,2025-11,X (Twitter),Part-Time Work Rights,India,13,36,3,3,7
2025-11-17,2025-11,X (Twitter),Part-Time Work Rights,China,12,20,3,3,6
2025-11-17,2025-11,X (Twitter),Part-Time Work Rights,Vietnam,5,9,1,1,3
2025-11-17,2025-11,X (Twitter),Campus Life,China,11,24,5,2,4
2025-11-17,2025-11,X (Twitter),Campus Life,Vietnam,3,6,1,1,1
2025-11-17,2025-11,X (Twitter),Campus Life,Malaysia,5,14,2,1,2
2025-11-17,2025-11,X (Twitter),Application Process,India,20,42,11,4,5
2025-11-17,2025-11,X (Twitter),Application Process,China,11,16,6,2,3
2025-11-17,2025-11,X (Twitter),Application Process,Malaysia,7,14,4,1,2
2025-11-17,2025-11,X (Twitter),Support Services,India,7,10,5,1,1
2025-11-17,2025-11,X (Twitter),Support Services,China,17,30,13,1,3
2025-11-17,2025-11,X (Twitter),Support Services,Vietnam,6,14,4,1,1
2025-11-17,2025-11,X (Twitter),Support Services,Malaysia,7,19,5,1,1
2025-11-17,2025-11,News,Visa Processing,India,13,13,2,4,7
2025-11-17,2025-11,News,Visa Processing,China,5,4,1,1,3
2025-11-17,2025-11,News,Visa Processing,Vietnam,4,2,1,1,2
2025-11-17,2025-11,News,Visa Processing,Malaysia,4,3,1,1,2
2025-11-17,2025-11,News,Accommodation Cost,India,6,3,2,2,2
2025-11-17,2025-11,News,Accommodation Cost,China,1,1,0,1,0
2025-11-17,2025-11,News,Accommodation Cost,Vietnam,6,3,2,1,3
2025-11-17,2025-11,News,Accommodation Cost,Malaysia,3,2,1,1,1
2025-11-17,2025-11,News,Scholarships,India,3,2,1,1,1
2025-11-17,2025-11,News,Scholarships,China,5,4,2,1,2
2025-11-17,2025-11,News,Scholarships,Vietnam,3,2,1,1,1
2025-11-17,2025-11,News,Scholarships,Malaysia,2,2,1,0,1
2025-11-17,2025-11,News,Campus Safety,India,7,4,4,1,2
2025-11-17,2025-11,News,Campus Safety,China,5,5,3,0,2
2025-11-17,2025-11,News,Campus Safety,Vietnam,3,3,2,0,1
2025-11-17,2025-11,News,Campus Safety,Malaysia,2,2,1,0,1
2025-11-17,2025-11,News,Course Quality,India,5,5,3,1,1
2025-11-17,2025-11,News,Course Quality,China,5,3,3,1,1
2025-11-17,2025-11,News,Course Quality,Vietnam,5,3,3,1,1
2025-11-17,2025-11,News,Course Quality,Malaysia,3,2,2,0,1
2025-11-17,2025-11,News,Career Outcomes,India,5,5,3,0,2
2025-11-17,2025-11,News,Career Outcomes,China,2,2,1,0,1
2025-11-17,2025-11,News,Career Outcomes,Vietnam,2,2,1,0,1
2025-11-17,2025-11,News,Part-Time Work Rights,India,2,2,1,0,1
2025-11-17,2025-11,News,Part-Time Work Rights,China,4,3,1,1,2
2025-11-17,2025-11,News,Part-Time Work Rights,Vietnam,1,1,0,0,1
2025-11-17,2025-11,News,Part-Time Work Rights,Malaysia,2,2,1,0,1
2025-11-17,2025-11,News,Campus Life,India,2,2,1,0,1
2025-11-17,2025-11,News,Campus Life,China,4,3,2,1,1
2025-11-17,2025-11,News,Campus Life,Vietnam,4,4,2,1,1
2025-11-17,2025-11,News,Campus Life,Malaysia,2,2,1,0,1
2025-11-17,2025-11,News,Application Process,India,7,4,4,1,2
2025-11-17,2025-11,News,Application Process,China,3,3,2,0,1
2025-11-17,2025-11,News,Application Process,Vietnam,3,3,2,0,1
2025-11-17,2025-11,News,Application Process,Malaysia,3,2,2,0,1
2025-11-17,2025-11,News,Support Services,India,6,6,4,1,1
2025-11-17,2025-11,News,Support Services,Vietnam,2,2,2,0,0
2025-11-17,2025-11,Forums,Visa Processing,India,14,70,3,5,6
2025-11-17,2025-11,Forums,Visa Processing,China,15,51,3,5,7
2025-11-17,2025-11,Forums,Visa Processing,Vietnam,5,21,1,2,2
2025-11-17,2025-11,Forums,Visa Processing,Malaysia,7,34,2,2,3
2025-11-17,2025-11,Forums,Accommodation Cost,India,17,51,6,5,6
2025-11-17,2025-11,Forums,Accommodation Cost,China,15,73,5,4,6
2025-11-17,2025-11,Forums,Scholarships,India,10,38,5,1,4
2025-11-17,2025-11,Forums,Scholarships,China,9,33,4,2,3
2025-11-17,2025-11,Forums,Scholarships,Vietnam,10,55,5,2,3
2025-11-17,2025-11,Forums,Scholarships,Malaysia,7,36,3,2,2
2025-11-17,2025-11,Forums,Campus Safety,India,5,14,2,1,2
2025-11-17,2025-11,Forums,Campus Safety,China,7,29,4,1,2
2025-11-17,2025-11,Forums,Campus Safety,Vietnam,2,6,1,0,1
2025-11-17,2025-11,Forums,Campus Safety,Malaysia,2,10,1,0,1
2025-11-17,2025-11,Forums,Course Quality,India,10,39,6,2,2
2025-11-17,2025-11,Forums,Course Quality,China,13,46,9,1,3
2025-11-17,2025-11,Forums,Course Quality,Malaysia,5,17,3,1,1
2025-11-17,2025-11,Forums,Career Outcomes,China,2,8,1,0,1
2025-11-17,2025-11,Forums,Career Outcomes,Vietnam,4,17,2,1,1
2025-11-17,2025-11,Forums,Career Outcomes,Malaysia,2,7,1,0,1
2025-11-17,2025-11,Forums,Part-Time Work Rights,India,8,25,2,2,4
2025-11-17,2025-11,Forums,Part-Time Work Rights,China,4,14,1,1,2
2025-11-17,2025-11,Forums,Part-Time Work Rights,Vietnam,7,27,2,2,3
2025-11-17,2025-11,Forums,Part-Time Work Rights,Malaysia,4,11,1,1,2
2025-11-17,2025-11,Forums,Campus Life,India,5,19,2,1,2
2025-11-17,2025-11,Forums,Campus Life,China,3,17,1,1,1
2025-11-17,2025-11,Forums,Campus Life,Vietnam,4,12,2,1,1
2025-11-17,2025-11,Forums,Campus Life,Malaysia,2,10,1,0,1
2025-11-17,2025-11,Forums,Application Process,China,1,3,1,0,0
2025-11-17,2025-11,Forums,Application Process,Vietnam,4,22,2,1,1
2025-11-17,2025-11,Forums,Support Services,India,8,23,6,0,2
2025-11-17,2025-11,Forums,Support Services,China,3,15,2,0,1
2025-11-17,2025-11,Forums,Support Services,Vietnam,7,29,5,0,2
2025-11-17,2025-11,Forums,Support Services,Malaysia,6,26,4,1,1
2025-11-24,2025-11,TikTok,Visa Processing,India,36,113,8,12,16
2025-11-24,2025-11,TikTok,Visa Processing,China,43,122,10,11,22
2025-11-24,2025-11,TikTok,Visa Processing,Vietnam,13,52,3,2,8
2025-11-24,2025-11,TikTok,Visa Processing,Malaysia,12,52,3,3,6
2025-11-24,2025-11,TikTok,Accommodation Cost,India,38,114,11,11,16
2025-11-24,2025-11,TikTok,Accommodation Cost,China,16,67,4,4,8
2025-11-24,2025-11,TikTok,Accommodation Cost,Vietnam,17,37,5,3,9
2025-11-24,2025-11,TikTok,Accommodation Cost,Malaysia,10,21,3,2,5
2025-11-24,2025-11,TikTok,Scholarships,India,15,54,6,3,6
2025-11-24,2025-11,TikTok,Scholarships,China,26,113,12,3,11
2025-11-24,2025-11,TikTok,Scholarships,Vietnam,20,67,9,3,8
2025-11-24,2025-11,TikTok,Scholarships,Malaysia,16,64,7,3,6
2025-11-24,2025-11,TikTok,Campus Safety,India,24,57,12,4,8
2025-11-24,2025-11,TikTok,Campus Safety,China,17,71,9,1,7
2025-11-24,2025-11,TikTok,Campus Safety,Vietnam,3,9,2,0,1
2025-11-24,2025-11,TikTok,Campus Safety,Malaysia,10,39,5,2,3
2025-11-24,2025-11,TikTok,Course Quality,India,24,88,19,2,3
2025-11-24,2025-11,TikTok,Course Quality,China,16,38,13,1,2
2025-11-24,2025-11,TikTok,Course Quality,Vietnam,24,97,20,1,3
2025-11-24,2025-11,TikTok,Course Quality,Malaysia,6,20,5,0,1
2025-11-24,2025-11,TikTok,Career Outcomes,China,17,39,10,2,5
2025-11-24,2025-11,TikTok,Career Outcomes,Vietnam,19,73,10,2,7
2025-11-24,2025-11,TikTok,Part-Time Work Rights,India,29,81,10,4,15
2025-11-24,2025-11,TikTok,Part-Time Work Rights,China,8,27,3,1,4
2025-11-24,2025-11,TikTok,Part-Time Work Rights,Malaysia,4,16,2,0,2
2025-11-24,2025-11,TikTok,Campus Life,India,26,70,18,3,5
2025-11-24,2025-11,TikTok,Campus Life,Vietnam,6,26,4,1,1
2025-11-24,2025-11,TikTok,Application Process,India,16,68,8,3,5
2025-11-24,2025-11,TikTok,Application Process,Vietnam,7,18,4,1,2
2025-11-24,2025-11,TikTok,Application Process,Malaysia,5,13,3,1,1
2025-11-24,2025-11,TikTok,Support Services,India,10,45,7,1,2
2025-11-24,2025-11,TikTok,Support Services,China,4,16,3,0,1
2025-11-24,2025-11,TikTok,Support Services,Malaysia,5,13,4,0,1
2025-11-24,2025-11,Reddit,Visa Processing,India,33,162,10,8,15
2025-11-24,2025-11,Reddit,Visa Processing,China,14,98,4,5,5
2025-11-24,2025-11,Reddit,Visa Processing,Vietnam,20,105,5,4,11
2025-11-24,2025-11,Reddit,Visa Processing,Malaysia,11,78,3,2,6
2025-11-24,2025-11,Reddit,Accommodation Cost,India,33,232,8,8,17
2025-11-24,2025-11,Reddit,Accommodation Cost,China,22,156,6,7,9
2025-11-24,2025-11,Reddit,Accommodation Cost,Vietnam,19,126,6,6,7
2025-11-24,2025-11,Reddit,Scholarships,India,11,97,5,2,4
2025-11-24,2025-11,Reddit,Scholarships,China,17,146,8,3,6
2025-11-24,2025-11,Reddit,Scholarships,Vietnam,16,103,7,2,7
2025-11-24,2025-11,Reddit,Scholarships,Malaysia,8,60,3,2,3
2025-11-24,2025-11,Reddit,Campus Safety,India,17,75,9,3,5
2025-11-24,2025-11,Reddit,Campus Safety,China,14,91,8,1,5
2025-11-24,2025-11,Reddit,Campus Safety,Vietnam,11,82,6,2,3
2025-11-24,2025-11,Reddit,Campus Safety,Malaysia,7,59,4,1,2
2025-11-24,2025-11,Reddit,Course Quality,India,12,103,9,1,2
2025-11-24,2025-11,Reddit,Course Quality,China,18,157,14,2,2
2025-11-24,2025-11,Reddit,Course Quality,Vietnam,11,82,9,1,1
2025-11-24,2025-11,Reddit,Course Quality,Malaysia,13,67,11,0,2
2025-11-24,2025-11,Reddit,Career Outcomes,India,14,105,8,3,3
2025-11-24,2025-11,Reddit,Career Outcomes,China,7,42,4,1,2
2025-11-24,2025-11,Reddit,Career Outcomes,Vietnam,13,67,8,1,4
2025-11-24,2025-11,Reddit,Career Outcomes,Malaysia,5,37,3,1,1
2025-11-24,2025-11,Reddit,Part-Time Work Rights,India,15,82,6,2,7
2025-11-24,2025-11,Reddit,Part-Time Work Rights,China,13,68,5,2,6
2025-11-24,2025-11,Reddit,Part-Time Work Rights,Vietnam,12,86,5,2,5
2025-11-24,2025-11,Reddit,Part-Time Work Rights,Malaysia,9,51,3,2,4
2025-11-24,2025-11,Reddit,Campus Life,China,3,27,2,0,1
2025-11-24,2025-11,Reddit,Campus Life,Vietnam,5,25,3,1,1
2025-11-24,2025-11,Reddit,Campus Life,Malaysia,8,53,6,1,1
2025-11-24,2025-11,Reddit,Application Process,India,10,54,6,1,3
2025-11-24,2025-11,Reddit,Application Process,China,10,72,6,1,3
2025-11-24,2025-11,Reddit,Support Services,India,21,109,15,2,4
2025-11-24,2025-11,Reddit,Support Services,China,12,96,9,1,2
2025-11-24,2025-11,Reddit,Support Services,Vietnam,6,54,5,0,1
2025-11-24,2025-11,Reddit,Support Services,Malaysia,5,36,4,0,1
2025-11-24,2025-11,X (Twitter),Visa Processing,China,12,28,3,3,6
2025-11-24,2025-11,X (Twitter),Visa Processing,Vietnam,1,2,0,0,1
2025-11-24,2025-11,X (Twitter),Visa Processing,Malaysia,10,15,2,3,5
2025-11-24,2025-11,X (Twitter),Accommodation Cost,India,15,43,5,4,6
2025-11-24,2025-11,X (Twitter),Accommodation Cost,China,7,14,2,2,3
2025-11-24,2025-11,X (Twitter),Accommodation Cost,Vietnam,12,29,3,4,5
2025-11-24,2025-11,X (Twitter),Accommodation Cost,Malaysia,8,16,2,2,4
2025-11-24,2025-11,X (Twitter),Scholarships,India,31,71,14,8,9
2025-11-24,2025-11,X (Twitter),Scholarships,China,19,33,8,4,7
2025-11-24,2025-11,X (Twitter),Scholarships,Vietnam,8,21,3,2,3
2025-11-24,2025-11,X (Twitter),Campus Safety,India,17,30,10,3,4
2025-11-24,2025-11,X (Twitter),Campus Safety,China,14,38,8,1,5
2025-11-24,2025-11,X (Twitter),Campus Safety,Vietnam,10,16,5,2,3
2025-11-24,2025-11,X (Twitter),Campus Safety,Malaysia,4,7,2,1,1
2025-11-24,2025-11,X (Twitter),Course Quality,India,33,91,27,3,3
2025-11-24,2025-11,X (Twitter),Course Quality,China,8,19,7,0,1
2025-11-24,2025-11,X (Twitter),Course Quality,Vietnam,4,9,3,1,0
2025-11-24,2025-11,X (Twitter),Course Quality,Malaysia,3,5,3,0,0
2025-11-24,2025-11,X (Twitter),Career Outcomes,India,7,10,4,1,2
2025-11-24,2025-11,X (Twitter),Career Outcomes,China,5,8,3,0,2
2025-11-24,2025-11,X (Twitter),Career Outcomes,Vietnam,4,11,2,1,1
2025-11-24,2025-11,X (Twitter),Career Outcomes,Malaysia,8,22,4,1,3
2025-11-24,2025-11,X (Twitter),Part-Time Work Rights,China,9,24,4,1,4
2025-11-24,2025-11,X (Twitter),Part-Time Work Rights,Vietnam,7,13,3,2,2
2025-11-24,2025-11,X (Twitter),Part-Time Work Rights,Malaysia,6,17,2,2,2
2025-11-24,2025-11,X (Twitter),Campus Life,India,17,36,12,1,4
2025-11-24,2025-11,X (Twitter),Campus Life,China,8,20,6,1,1
2025-11-24,2025-11,X (Twitter),Campus Life,Vietnam,6,17,4,1,1
2025-11-24,2025-11,X (Twitter),Application Process,India,23,32,13,4,6
2025-11-24,2025-11,X (Twitter),Application Process,Vietnam,11,25,6,2,3
2025-11-24,2025-11,X (Twitter),Application Process,Malaysia,8,16,4,1,3
2025-11-24,2025-11,X (Twitter),Support Services,India,11,21,8,1,2
2025-11-24,2025-11,X (Twitter),Support Services,China,3,4,2,0,1
2025-11-24,2025-11,X (Twitter),Support Services,Vietnam,5,10,3,1,1
2025-11-24,2025-11,X (Twitter),Support Services,Malaysia,1,2,1,0,0
2025-11-24,2025-11,News,Visa Processing,India,19,14,4,4,11
2025-11-24,2025-11,News,Visa Processing,China,4,4,1,1,2
2025-11-24,2025-11,News,Visa Processing,Vietnam,9,6,2,2,5
2025-11-24,2025-11,News,Visa Processing,Malaysia,3,3,1,1,1
2025-11-24,2025-11,News,Accommodation Cost,India,6,4,2,2,2
2025-11-24,2025-11,News,Accommodation Cost,China,8,9,2,2,4
2025-11-24,2025-11,News,Accommodation Cost,Vietnam,3,3,1,0,2
2025-11-24,2025-11,News,Accommodation Cost,Malaysia,2,2,1,0,1
2025-11-24,2025-11,News,Scholarships,India,7,5,3,1,3
2025-11-24,2025-11,News,Scholarships,China,7,5,3,2,2
2025-11-24,2025-11,News,Scholarships,Malaysia,2,2,1,0,1
2025-11-24,2025-11,News,Campus Safety,India,4,4,2,1,1
2025-11-24,2025-11,News,Campus Safety,China,2,2,1,0,1
2025-11-24,2025-11,News,Campus Safety,Vietnam,3,2,2,0,1
2025-11-24,2025-11,News,Campus Safety,Malaysia,3,2,2,0,1
2025-11-24,2025-11,News,Course Quality,India,2,1,2,0,0
2025-11-24,2025-11,News,Course Quality,China,4,3,3,0,1
2025-11-24,2025-11,News,Course Quality,Vietnam,3,3,2,1,0
2025-11-24,2025-11,News,Course Quality,Malaysia,2,2,2,0,0
2025-11-24,2025-11,News,Career Outcomes,India,3,2,2,0,1
2025-11-24,2025-11,News,Career Outcomes,China,2,2,1,0,1
2025-11-24,2025-11,News,Career Outcomes,Vietnam,1,1,1,0,0
2025-11-24,2025-11,News,Career Outcomes,Malaysia,3,2,2,0,1
2025-11-24,2025-11,News,Part-Time Work Rights,India,4,4,1,2,1
2025-11-24,2025-11,News,Part-Time Work Rights,China,1,1,0,1,0
2025-11-24,2025-11,News,Part-Time Work Rights,Malaysia,1,1,0,1,0
2025-11-24,2025-11,News,Campus Life,India,5,4,4,0,1
2025-11-24,2025-11,News,Campus Life,Vietnam,5,3,4,0,1
2025-11-24,2025-11,News,Campus Life,Malaysia,2,1,1,1,0
2025-11-24,2025-11,News,Application Process,India,11,10,6,2,3
2025-11-24,2025-11,News,Application Process,Vietnam,3,3,2,0,1
2025-11-24,2025-11,News,Application Process,Malaysia,2,2,1,0,1
2025-11-24,2025-11,News,Support Services,India,4,3,3,0,1
2025-11-24,2025-11,News,Support Services,China,3,2,2,0,1
2025-11-24,2025-11,News,Support Services,Vietnam,3,3,2,0,1
2025-11-24,2025-11,News,Support Services,Malaysia,1,1,1,0,0
2025-11-24,2025-11,Forums,Visa Processing,China,10,35,3,1,6
2025-11-24,2025-11,Forums,Visa Processing,Vietnam,11,61,3,2,6
2025-11-24,2025-11,Forums,Visa Processing,Malaysia,9,43,2,2,5
2025-11-24,2025-11,Forums,Accommodation Cost,India,21,96,7,5,9
2025-11-24,2025-11,Forums,Accommodation Cost,China,15,57,4,4,7
2025-11-24,2025-11,Forums,Accommodation Cost,Vietnam,5,20,1,1,3
2025-11-24,2025-11,Forums,Accommodation Cost,Malaysia,9,30,3,1,5
2025-11-24,2025-11,Forums,Scholarships,China,9,29,4,1,4
2025-11-24,2025-11,Forums,Scholarships,Vietnam,10,31,5,2,3
2025-11-24,2025-11,Forums,Scholarships,Malaysia,5,26,2,1,2
2025-11-24,2025-11,Forums,Campus Safety,China,4,13,2,1,1
2025-11-24,2025-11,Forums,Campus Safety,Vietnam,2,6,1,0,1
2025-11-24,2025-11,Forums,Campus Safety,Malaysia,4,21,2,1,1
2025-11-24,2025-11,Forums,Course Quality,India,11,39,9,0,2
2025-11-24,2025-11,Forums,Course Quality,Malaysia,5,16,4,0,1
2025-11-24,2025-11,Forums,Career Outcomes,India,11,37,6,1,4
2025-11-24,2025-11,Forums,Career Outcomes,China,3,12,2,0,1
2025-11-24,2025-11,Forums,Career Outcomes,Malaysia,2,7,1,0,1
2025-11-24,2025-11,Forums,Part-Time Work Rights,India,8,45,3,2,3
2025-11-24,2025-11,Forums,Part-Time Work Rights,China,6,21,2,2,2
2025-11-24,2025-11,Forums,Part-Time Work Rights,Vietnam,5,25,2,1,2
2025-11-24,2025-11,Forums,Part-Time Work Rights,Malaysia,5,13,2,1,2
2025-11-24,2025-11,Forums,Campus Life,India,10,37,8,1,1
2025-11-24,2025-11,Forums,Campus Life,Malaysia,1,5,1,0,0
2025-11-24,2025-11,Forums,Application Process,India,3,16,2,0,1
2025-11-24,2025-11,Forums,Application Process,China,6,18,3,1,2
2025-11-24,2025-11,Forums,Application Process,Vietnam,4,20,2,1,1
2025-11-24,2025-11,Forums,Support Services,India,5,27,4,0,1
2025-11-24,2025-11,Forums,Support Services,China,4,13,3,0,1
2025-11-24,2025-11,Forums,Support Services,Vietnam,6,18,5,0,1
2025-11-24,2025-11,Forums,Support Services,Malaysia,2,6,1,1,0
2025-12-01,2025-12,TikTok,Visa Processing,India,31,71,12,5,14
2025-12-01,2025-12,TikTok,Visa Processing,Vietnam,25,76,9,5,11
2025-12-01,2025-12,TikTok,Visa Processing,Malaysia,22,68,8,4,10
2025-12-01,2025-12,TikTok,Accommodation Cost,India,49,175,9,13,27
2025-12-01,2025-12,TikTok,Accommodation Cost,Vietnam,20,77,4,8,8
2025-12-01,2025-12,TikTok,Accommodation Cost,Malaysia,19,63,4,4,11
2025-12-01,2025-12,TikTok,Scholarships,India,35,141,16,9,10
2025-12-01,2025-12,TikTok,Scholarships,Vietnam,10,44,5,2,3
2025-12-01,2025-12,TikTok,Campus Safety,India,21,44,12,4,5
2025-12-01,2025-12,TikTok,Campus Safety,China,22,67,13,3,6
2025-12-01,2025-12,TikTok,Campus Safety,Vietnam,20,42,12,4,4
2025-12-01,2025-12,TikTok,Campus Safety,Malaysia,7,24,4,1,2
2025-12-01,2025-12,TikTok,Course Quality,India,20,86,16,2,2
2025-12-01,2025-12,TikTok,Course Quality,China,19,58,14,2,3
2025-12-01,2025-12,TikTok,Course Quality,Vietnam,19,83,14,2,3
2025-12-01,2025-12,TikTok,Course Quality,Malaysia,13,39,10,1,2
2025-12-01,2025-12,TikTok,Career Outcomes,India,26,108,16,4,6
2025-12-01,2025-12,TikTok,Career Outcomes,China,14,39,9,2,3
2025-12-01,2025-12,TikTok,Career Outcomes,Vietnam,16,51,9,3,4
2025-12-01,2025-12,TikTok,Career Outcomes,Malaysia,13,39,8,1,4
2025-12-01,2025-12,TikTok,Part-Time Work Rights,India,18,48,8,4,6
2025-12-01,2025-12,TikTok,Part-Time Work Rights,China,12,51,5,3,4
2025-12-01,2025-12,TikTok,Part-Time Work Rights,Vietnam,8,35,4,2,2
2025-12-01,2025-12,TikTok,Campus Life,India,30,74,23,2,5
2025-12-01,2025-12,TikTok,Campus Life,China,25,70,18,2,5
2025-12-01,2025-12,TikTok,Campus Life,Vietnam,15,46,10,2,3
2025-12-01,2025-12,TikTok,Campus Life,Malaysia,13,52,9,1,3
2025-12-01,2025-12,TikTok,Application Process,China,12,51,8,1,3
2025-12-01,2025-12,TikTok,Application Process,Malaysia,14,54,9,2,3
2025-12-01,2025-12,TikTok,Support Services,India,9,27,7,1,1
2025-12-01,2025-12,TikTok,Support Services,China,6,14,4,1,1
2025-12-01,2025-12,TikTok,Support Services,Vietnam,8,34,6,1,1
2025-12-01,2025-12,TikTok,Support Services,Malaysia,6,23,5,0,1
2025-12-01,2025-12,Reddit,Visa Processing,India,32,198,10,11,11
2025-12-01,2025-12,Reddit,Visa Processing,China,11,81,4,2,5
2025-12-01,2025-12,Reddit,Visa Processing,Vietnam,16,82,5,5,6
2025-12-01,2025-12,Reddit,Accommodation Cost,China,7,35,1,3,3
2025-12-01,2025-12,Reddit,Accommodation Cost,Vietnam,24,142,5,8,11
2025-12-01,2025-12,Reddit,Accommodation Cost,Malaysia,10,90,2,2,6
2025-12-01,2025-12,Reddit,Scholarships,India,23,110,12,5,6
2025-12-01,2025-12,Reddit,Scholarships,Vietnam,14,72,7,2,5
2025-12-01,2025-12,Reddit,Scholarships,Malaysia,14,108,7,1,6
2025-12-01,2025-12,Reddit,Campus Safety,India,21,108,11,3,7
2025-12-01,2025-12,Reddit,Campus Safety,China,4,29,2,1,1
2025-12-01,2025-12,Reddit,Campus Safety,Vietnam,8,57,4,2,2
2025-12-01,2025-12,Reddit,Campus Safety,Malaysia,8,57,4,2,2
2025-12-01,2025-12,Reddit,Course Quality,China,20,144,15,2,3
2025-12-01,2025-12,Reddit,Course Quality,Vietnam,6,49,5,0,1
2025-12-01,2025-12,Reddit,Career Outcomes,India,16,107,9,2,5
2025-12-01,2025-12,Reddit,Career Outcomes,China,14,84,9,2,3
2025-12-01,2025-12,Reddit,Career Outcomes,Vietnam,5,44,3,1,1
2025-12-01,2025-12,Reddit,Career Outcomes,Malaysia,3,25,2,0,1
2025-12-01,2025-12,Reddit,Part-Time Work Rights,China,12,80,6,2,4
2025-12-01,2025-12,Reddit,Part-Time Work Rights,Vietnam,7,50,3,2,2
2025-12-01,2025-12,Reddit,Campus Life,India,20,133,15,2,3
2025-12-01,2025-12,Reddit,Campus Life,China,5,25,4,0,1
2025-12-01,2025-12,Reddit,Campus Life,Vietnam,4,27,3,0,1
2025-12-01,2025-12,Reddit,Application Process,India,11,54,7,2,2
2025-12-01,2025-12,Reddit,Application Process,China,7,39,4,1,2
2025-12-01,2025-12,Reddit,Application Process,Vietnam,8,40,5,1,2
2025-12-01,2025-12,Reddit,Application Process,Malaysia,9,68,6,1,2
2025-12-01,2025-12,Reddit,Support Services,India,14,121,10,2,2
2025-12-01,2025-12,Reddit,Support Services,China,7,61,5,1,1
2025-12-01,2025-12,Reddit,Support Services,Vietnam,6,36,5,0,1
2025-12-01,2025-12,X (Twitter),Visa Processing,India,51,142,18,8,25
2025-12-01,2025-12,X (Twitter),Visa Processing,China,21,53,8,3,10
2025-12-01,2025-12,X (Twitter),Visa Processing,Malaysia,16,33,5,5,6
2025-12-01,2025-12,X (Twitter),Accommodation Cost,India,18,36,3,4,11
2025-12-01,2025-12,X (Twitter),Accommodation Cost,China,17,42,3,5,9
2025-12-01,2025-12,X (Twitter),Accommodation Cost,Vietnam,9,13,2,2,5
2025-12-01,2025-12,X (Twitter),Accommodation Cost,Malaysia,4,11,1,1,2
2025-12-01,2025-12,X (Twitter),Scholarships,India,12,28,6,2,4
2025-12-01,2025-12,X (Twitter),Scholarships,China,14,33,7,2,5
2025-12-01,2025-12,X (Twitter),Scholarships,Vietnam,8,21,4,1,3
2025-12-01,2025-12,X (Twitter),Scholarships,Malaysia,17,47,8,3,6
2025-12-01,2025-12,X (Twitter),Campus Safety,India,19,55,11,3,5
2025-12-01,2025-12,X (Twitter),Campus Safety,China,10,18,5,1,4
2025-12-01,2025-12,X (Twitter),Campus Safety,Vietnam,8,19,4,1,3
2025-12-01,2025-12,X (Twitter),Campus Safety,Malaysia,7,11,4,1,2
2025-12-01,2025-12,X (Twitter),Course Quality,India,19,52,15,2,2
2025-12-01,2025-12,X (Twitter),Course Quality,Vietnam,4,8,3,1,0
2025-12-01,2025-12,X (Twitter),Course Quality,Malaysia,6,10,5,0,1
2025-12-01,2025-12,X (Twitter),Career Outcomes,India,14,31,9,2,3
2025-12-01,2025-12,X (Twitter),Career Outcomes,China,12,23,7,2,3
2025-12-01,2025-12,X (Twitter),Career Outcomes,Vietnam,11,28,6,2,3
2025-12-01,2025-12,X (Twitter),Career Outcomes,Malaysia,5,14,3,1,1
2025-12-01,2025-12,X (Twitter),Part-Time Work Rights,India,9,22,4,2,3
2025-12-01,2025-12,X (Twitter),Part-Time Work Rights,China,6,16,3,1,2
2025-12-01,2025-12,X (Twitter),Part-Time Work Rights,Vietnam,3,8,1,1,1
2025-12-01,2025-12,X (Twitter),Part-Time Work Rights,Malaysia,3,7,1,1,1
2025-12-01,2025-12,X (Twitter),Campus Life,India,18,43,14,1,3
2025-12-01,2025-12,X (Twitter),Campus Life,China,3,7,2,0,1
2025-12-01,2025-12,X (Twitter),Campus Life,Vietnam,10,25,8,1,1
2025-12-01,2025-12,X (Twitter),Campus Life,Malaysia,3,6,2,1,0
2025-12-01,2025-12,X (Twitter),Application Process,India,26,60,15,4,7
2025-12-01,2025-12,X (Twitter),Application Process,China,10,23,6,1,3
2025-12-01,2025-12,X (Twitter),Application Process,Vietnam,10,28,6,1,3
2025-12-01,2025-12,X (Twitter),Application Process,Malaysia,2,5,1,1,0
2025-12-01,2025-12,X (Twitter),Support Services,India,10,20,7,1,2
2025-12-01,2025-12,X (Twitter),Support Services,China,6,13,5,0,1
2025-12-01,2025-12,X (Twitter),Support Services,Vietnam,6,8,4,1,1
2025-12-01,2025-12,X (Twitter),Support Services,Malaysia,3,5,2,0,1
2025-12-01,2025-12,News,Visa Processing,India,6,6,2,2,2
2025-12-01,2025-12,News,Visa Processing,China,8,5,3,2,3
2025-12-01,2025-12,News,Visa Processing,Vietnam,5,5,2,0,3
2025-12-01,2025-12,News,Accommodation Cost,India,5,3,1,2,2
2025-12-01,2025-12,News,Accommodation Cost,Vietnam,3,2,1,1,1
2025-12-01,2025-12,News,Scholarships,India,10,7,5,2,3
2025-12-01,2025-12,News,Scholarships,China,3,2,1,1,1
2025-12-01,2025-12,News,Scholarships,Vietnam,4,3,2,1,1
2025-12-01,2025-12,News,Scholarships,Malaysia,2,2,1,0,1
2025-12-01,2025-12,News,Campus Safety,China,6,3,3,1,2
2025-12-01,2025-12,News,Campus Safety,Vietnam,2,2,1,0,1
2025-12-01,2025-12,News,Course Quality,India,3,3,2,1,0
2025-12-01,2025-12,News,Course Quality,Vietnam,5,5,4,0,1
2025-12-01,2025-12,News,Course Quality,Malaysia,4,4,3,0,1
2025-12-01,2025-12,News,Career Outcomes,India,6,6,3,1,2
2025-12-01,2025-12,News,Career Outcomes,China,5,4,3,1,1
2025-12-01,2025-12,News,Career Outcomes,Vietnam,5,5,3,0,2
2025-12-01,2025-12,News,Career Outcomes,Malaysia,2,2,1,0,1
2025-12-01,2025-12,News,Part-Time Work Rights,India,3,3,1,1,1
2025-12-01,2025-12,News,Part-Time Work Rights,Vietnam,2,2,1,0,1
2025-12-01,2025-12,News,Part-Time Work Rights,Malaysia,2,2,1,0,1
2025-12-01,2025-12,News,Campus Life,India,3,3,2,1,0
2025-12-01,2025-12,News,Campus Life,China,6,6,5,0,1
2025-12-01,2025-12,News,Campus Life,Vietnam,2,2,2,0,0
2025-12-01,2025-12,News,Campus Life,Malaysia,3,2,2,1,0
2025-12-01,2025-12,News,Application Process,China,4,4,2,1,1
2025-12-01,2025-12,News,Application Process,Vietnam,3,3,2,0,1
2025-12-01,2025-12,News,Application Process,Malaysia,4,3,3,0,1
2025-12-01,2025-12,News,Support Services,India,4,3,3,0,1
2025-12-01,2025-12,News,Support Services,China,1,1,1,0,0
2025-12-01,2025-12,News,Support Services,Vietnam,2,1,1,1,0
2025-12-01,2025-12,News,Support Services,Malaysia,2,2,2,0,0
2025-12-01,2025-12,Forums,Visa Processing,India,28,121,10,8,10
2025-12-01,2025-12,Forums,Visa Processing,China,8,31,3,2,3
2025-12-01,2025-12,Forums,Visa Processing,Vietnam,6,33,2,2,2
2025-12-01,2025-12,Forums,Visa Processing,Malaysia,5,21,2,1,2
2025-12-01,2025-12,Forums,Accommodation Cost,India,9,49,2,2,5
2025-12-01,2025-12,Forums,Accommodation Cost,China,7,29,1,2,4
2025-12-01,2025-12,Forums,Accommodation Cost,Vietnam,10,39,2,3,5
2025-12-01,2025-12,Forums,Scholarships,India,10,31,5,1,4
2025-12-01,2025-12,Forums,Scholarships,Vietnam,7,34,4,1,2
2025-12-01,2025-12,Forums,Scholarships,Malaysia,7,30,3,2,2
2025-12-01,2025-12,Forums,Campus Safety,India,6,18,3,1,2
2025-12-01,2025-12,Forums,Campus Safety,China,4,11,2,1,1
2025-12-01,2025-12,Forums,Campus Safety,Vietnam,5,24,3,0,2
2025-12-01,2025-12,Forums,Campus Safety,Malaysia,1,5,1,0,0
2025-12-01,2025-12,Forums,Course Quality,India,9,31,7,1,1
2025-12-01,2025-12,Forums,Course Quality,China,3,15,2,1,0
2025-12-01,2025-12,Forums,Course Quality,Malaysia,6,33,5,0,1
2025-12-01,2025-12,Forums,Career Outcomes,India,7,32,4,2,1
2025-12-01,2025-12,Forums,Career Outcomes,China,5,14,3,1,1
2025-12-01,2025-12,Forums,Career Outcomes,Vietnam,4,15,2,1,1
2025-12-01,2025-12,Forums,Career Outcomes,Malaysia,4,14,2,1,1
2025-12-01,2025-12,Forums,Part-Time Work Rights,India,8,37,3,2,3
2025-12-01,2025-12,Forums,Part-Time Work Rights,China,3,10,1,1,1
2025-12-01,2025-12,Forums,Part-Time Work Rights,Vietnam,4,12,2,1,1
2025-12-01,2025-12,Forums,Part-Time Work Rights,Malaysia,4,11,2,0,2
2025-12-01,2025-12,Forums,Campus Life,India,14,39,10,2,2
2025-12-01,2025-12,Forums,Campus Life,China,9,38,7,0,2
2025-12-01,2025-12,Forums,Campus Life,Vietnam,4,17,3,0,1
2025-12-01,2025-12,Forums,Campus Life,Malaysia,6,28,4,1,1
2025-12-01,2025-12,Forums,Application Process,India,10,31,6,1,3
2025-12-01,2025-12,Forums,Application Process,China,8,24,5,1,2
2025-12-01,2025-12,Forums,Application Process,Vietnam,6,25,4,0,2
2025-12-01,2025-12,Forums,Support Services,India,6,16,5,0,1
2025-12-01,2025-12,Forums,Support Services,China,2,10,1,1,0
2025-12-01,2025-12,Forums,Support Services,Vietnam,5,19,4,0,1
2025-12-01,2025-12,Forums,Support Services,Malaysia,4,21,3,0,1
2025-12-08,2025-12,TikTok,Visa Processing,India,32,83,10,6,16
2025-12-08,2025-12,TikTok,Visa Processing,China,43,166,13,13,17
2025-12-08,2025-12,TikTok,Visa Processing,Vietnam,27,87,9,8,10
2025-12-08,2025-12,TikTok,Visa Processing,Malaysia,16,60,4,4,8
2025-12-08,2025-12,TikTok,Accommodation Cost,India,36,103,6,7,23
2025-12-08,2025-12,TikTok,Accommodation Cost,China,26,66,5,6,15
2025-12-08,2025-12,TikTok,Accommodation Cost,Vietnam,22,58,4,6,12
2025-12-08,2025-12,TikTok,Scholarships,India,35,145,22,3,10
2025-12-08,2025-12,TikTok,Scholarships,China,30,86,19,3,8
2025-12-08,2025-12,TikTok,Scholarships,Malaysia,8,20,5,1,2
2025-12-08,2025-12,TikTok,Campus Safety,India,22,48,14,3,5
2025-12-08,2025-12,TikTok,Campus Safety,China,13,49,9,1,3
2025-12-08,2025-12,TikTok,Campus Safety,Vietnam,19,80,12,3,4
2025-12-08,2025-12,TikTok,Campus Safety,Malaysia,12,49,8,1,3
2025-12-08,2025-12,TikTok,Course Quality,India,21,79,15,2,4
2025-12-08,2025-12,TikTok,Course Quality,China,12,31,9,1,2
2025-12-08,2025-12,TikTok,Course Quality,Vietnam,16,71,12,1,3
2025-12-08,2025-12,TikTok,Course Quality,Malaysia,9,26,7,1,1
2025-12-08,2025-12,TikTok,Career Outcomes,India,16,71,9,2,5
2025-12-08,2025-12,TikTok,Career Outcomes,China,18,57,10,3,5
2025-12-08,2025-12,TikTok,Career Outcomes,Vietnam,20,65,10,3,7
2025-12-08,2025-12,TikTok,Career Outcomes,Malaysia,9,33,5,2,2
2025-12-08,2025-12,TikTok,Part-Time Work Rights,India,16,58,6,5,5
2025-12-08,2025-12,TikTok,Part-Time Work Rights,Vietnam,7,20,2,2,3
2025-12-08,2025-12,TikTok,Part-Time Work Rights,Malaysia,7,24,3,1,3
2025-12-08,2025-12,TikTok,Campus Life,China,11,41,7,2,2
2025-12-08,2025-12,TikTok,Campus Life,Vietnam,9,35,6,1,2
2025-12-08,2025-12,TikTok,Campus Life,Malaysia,6,20,4,1,1
2025-12-08,2025-12,TikTok,Application Process,India,14,59,8,2,4
2025-12-08,2025-12,TikTok,Application Process,China,11,27,7,1,3
2025-12-08,2025-12,TikTok,Application Process,Vietnam,21,85,13,3,5
2025-12-08,2025-12,TikTok,Application Process,Malaysia,17,67,10,2,5
2025-12-08,2025-12,TikTok,Support Services,India,20,44,15,2,3
2025-12-08,2025-12,TikTok,Support Services,China,13,56,10,1,2
2025-12-08,2025-12,TikTok,Support Services,Vietnam,10,28,8,0,2
2025-12-08,2025-12,TikTok,Support Services,Malaysia,12,48,9,1,2
2025-12-08,2025-12,Reddit,Visa Processing,India,59,324,19,12,28
2025-12-08,2025-12,Reddit,Visa Processing,Vietnam,7,42,2,2,3
2025-12-08,2025-12,Reddit,Visa Processing,Malaysia,13,115,4,5,4
2025-12-08,2025-12,Reddit,Accommodation Cost,India,36,274,6,9,21
2025-12-08,2025-12,Reddit,Accommodation Cost,Vietnam,13,94,2,4,7
2025-12-08,2025-12,Reddit,Accommodation Cost,Malaysia,15,126,3,4,8
2025-12-08,2025-12,Reddit,Scholarships,India,14,69,8,3,3
2025-12-08,2025-12,Reddit,Scholarships,China,14,94,9,2,3
2025-12-08,2025-12,Reddit,Scholarships,Vietnam,12,80,8,1,3
2025-12-08,2025-12,Reddit,Scholarships,Malaysia,10,56,6,2,2
2025-12-08,2025-12,Reddit,Campus Safety,China,15,72,10,2,3
2025-12-08,2025-12,Reddit,Campus Safety,Vietnam,13,92,9,1,3
2025-12-08,2025-12,Reddit,Course Quality,India,22,95,15,3,4
2025-12-08,2025-12,Reddit,Course Quality,Vietnam,13,90,9,2,2
2025-12-08,2025-12,Reddit,Course Quality,Malaysia,14,102,10,2,2
2025-12-08,2025-12,Reddit,Career Outcomes,India,6,44,3,2,1
2025-12-08,2025-12,Reddit,Career Outcomes,China,12,57,6,2,4
2025-12-08,2025-12,Reddit,Career Outcomes,Vietnam,15,66,8,3,4
2025-12-08,2025-12,Reddit,Career Outcomes,Malaysia,15,88,8,3,4
2025-12-08,2025-12,Reddit,Part-Time Work Rights,India,5,37,2,1,2
2025-12-08,2025-12,Reddit,Part-Time Work Rights,China,6,43,2,1,3
2025-12-08,2025-12,Reddit,Part-Time Work Rights,Vietnam,13,92,5,1,7
2025-12-08,2025-12,Reddit,Part-Time Work Rights,Malaysia,9,50,3,2,4
2025-12-08,2025-12,Reddit,Campus Life,India,20,146,14,2,4
2025-12-08,2025-12,Reddit,Campus Life,Vietnam,4,24,3,0,1
2025-12-08,2025-12,Reddit,Campus Life,Malaysia,3,18,2,0,1
2025-12-08,2025-12,Reddit,Application Process,China,5,42,3,1,1
2025-12-08,2025-12,Reddit,Application Process,Malaysia,6,41,4,1,1
2025-12-08,2025-12,Reddit,Support Services,India,16,94,13,1,2
2025-12-08,2025-12,Reddit,Support Services,China,17,75,13,1,3
2025-12-08,2025-12,Reddit,Support Services,Vietnam,13,94,10,1,2
2025-12-08,2025-12,Reddit,Support Services,Malaysia,7,57,5,1,1
2025-12-08,2025-12,X (Twitter),Visa Processing,India,16,23,5,4,7
2025-12-08,2025-12,X (Twitter),Visa Processing,China,10,18,3,3,4
2025-12-08,2025-12,X (Twitter),Visa Processing,Vietnam,20,37,6,5,9
2025-12-08,2025-12,X (Twitter),Visa Processing,Malaysia,18,46,5,2,11
2025-12-08,2025-12,X (Twitter),Accommodation Cost,India,31,81,6,7,18
2025-12-08,2025-12,X (Twitter),Accommodation Cost,China,8,18,1,3,4
2025-12-08,2025-12,X (Twitter),Accommodation Cost,Vietnam,7,19,1,3,3
2025-12-08,2025-12,X (Twitter),Accommodation Cost,Malaysia,7,10,1,1,5
2025-12-08,2025-12,X (Twitter),Scholarships,India,2,3,1,0,1
2025-12-08,2025-12,X (Twitter),Scholarships,China,10,19,6,1,3
2025-12-08,2025-12,X (Twitter),Scholarships,Vietnam,6,10,4,0,2
2025-12-08,2025-12,X (Twitter),Scholarships,Malaysia,9,14,5,1,3
2025-12-08,2025-12,X (Twitter),Campus Safety,India,16,34,10,2,4
2025-12-08,2025-12,X (Twitter),Campus Safety,China,7,16,5,0,2
2025-12-08,2025-12,X (Twitter),Campus Safety,Malaysia,7,16,5,1,1
2025-12-08,2025-12,X (Twitter),Course Quality,India,19,40,14,2,3
2025-12-08,2025-12,X (Twitter),Course Quality,China,17,43,13,2,2
2025-12-08,2025-12,X (Twitter),Course Quality,Vietnam,15,39,11,1,3
2025-12-08,2025-12,X (Twitter),Course Quality,Malaysia,12,32,9,1,2
2025-12-08,2025-12,X (Twitter),Career Outcomes,India,8,20,5,1,2
2025-12-08,2025-12,X (Twitter),Career Outcomes,China,7,11,4,1,2
2025-12-08,2025-12,X (Twitter),Career Outcomes,Vietnam,9,13,5,1,3
2025-12-08,2025-12,X (Twitter),Career Outcomes,Malaysia,6,8,3,1,2
2025-12-08,2025-12,X (Twitter),Part-Time Work Rights,India,14,36,5,3,6
2025-12-08,2025-12,X (Twitter),Part-Time Work Rights,China,18,52,6,3,9
2025-12-08,2025-12,X (Twitter),Part-Time Work Rights,Vietnam,7,11,2,2,3
2025-12-08,2025-12,X (Twitter),Part-Time Work Rights,Malaysia,8,16,3,2,3
2025-12-08,2025-12,X (Twitter),Campus Life,India,10,23,7,1,2
2025-12-08,2025-12,X (Twitter),Campus Life,China,5,13,3,1,1
2025-12-08,2025-12,X (Twitter),Campus Life,Vietnam,6,15,4,1,1
2025-12-08,2025-12,X (Twitter),Campus Life,Malaysia,9,14,6,1,2
2025-12-08,2025-12,X (Twitter),Application Process,India,24,62,16,1,7
2025-12-08,2025-12,X (Twitter),Application Process,China,20,32,12,3,5
2025-12-08,2025-12,X (Twitter),Application Process,Vietnam,15,43,10,2,3
2025-12-08,2025-12,X (Twitter),Application Process,Malaysia,12,32,7,2,3
2025-12-08,2025-12,X (Twitter),Support Services,India,17,25,12,2,3
2025-12-08,2025-12,X (Twitter),Support Services,China,4,12,3,1,0
2025-12-08,2025-12,X (Twitter),Support Services,Vietnam,2,5,2,0,0
2025-12-08,2025-12,News,Visa Processing,India,2,2,1,0,1
2025-12-08,2025-12,News,Visa Processing,China,10,5,3,3,4
2025-12-08,2025-12,News,Visa Processing,Vietnam,4,2,1,2,1
2025-12-08,2025-12,News,Visa Processing,Malaysia,6,6,2,1,3
2025-12-08,2025-12,News,Accommodation Cost,China,6,7,1,1,4
2025-12-08,2025-12,News,Accommodation Cost,Vietnam,5,4,1,1,3
2025-12-08,2025-12,News,Accommodation Cost,Malaysia,3,2,0,1,2
2025-12-08,2025-12,News,Scholarships,India,2,2,1,0,1
2025-12-08,2025-12,News,Scholarships,China,7,6,4,1,2
2025-12-08,2025-12,News,Scholarships,Vietnam,4,4,2,1,1
2025-12-08,2025-12,News,Scholarships,Malaysia,6,4,3,1,2
2025-12-08,2025-12,News,Campus Safety,India,4,4,3,0,1
2025-12-08,2025-12,News,Campus Safety,China,5,4,3,1,1
2025-12-08,2025-12,News,Campus Safety,Vietnam,4,2,3,0,1
2025-12-08,2025-12,News,Campus Safety,Malaysia,2,1,1,1,0
2025-12-08,2025-12,News,Course Quality,India,1,1,1,0,0
2025-12-08,2025-12,News,Course Quality,China,4,2,3,0,1
2025-12-08,2025-12,News,Course Quality,Vietnam,3,2,2,1,0
2025-12-08,2025-12,News,Course Quality,Malaysia,3,2,2,0,1
2025-12-08,2025-12,News,Career Outcomes,India,9,9,5,2,2
2025-12-08,2025-12,News,Career Outcomes,China,3,3,2,0,1
2025-12-08,2025-12,News,Career Outcomes,Vietnam,4,4,2,1,1
2025-12-08,2025-12,News,Career Outcomes,Malaysia,3,3,2,0,1
2025-12-08,2025-12,News,Part-Time Work Rights,India,4,4,1,1,2
2025-12-08,2025-12,News,Part-Time Work Rights,China,4,4,1,1,2
2025-12-08,2025-12,News,Part-Time Work Rights,Vietnam,4,3,2,1,1
2025-12-08,2025-12,News,Campus Life,India,3,3,2,0,1
2025-12-08,2025-12,News,Campus Life,China,5,5,3,1,1
2025-12-08,2025-12,News,Campus Life,Vietnam,5,3,3,1,1
2025-12-08,2025-12,News,Campus Life,Malaysia,2,2,1,0,1
2025-12-08,2025-12,News,Application Process,India,8,7,5,1,2
2025-12-08,2025-12,News,Application Process,China,3,3,2,0,1
2025-12-08,2025-12,News,Application Process,Vietnam,3,3,2,0,1
2025-12-08,2025-12,News,Application Process,Malaysia,2,2,1,1,0
2025-12-08,2025-12,News,Support Services,India,5,5,4,0,1
2025-12-08,2025-12,News,Support Services,China,1,1,1,0,0
2025-12-08,2025-12,News,Support Services,Vietnam,3,3,2,0,1
2025-12-08,2025-12,Forums,Visa Processing,India,20,107,6,5,9
2025-12-08,2025-12,Forums,Visa Processing,China,19,58,5,4,10
2025-12-08,2025-12,Forums,Visa Processing,Vietnam,12,66,4,4,4
2025-12-08,2025-12,Forums,Visa Processing,Malaysia,9,38,2,2,5
2025-12-08,2025-12,Forums,Accommodation Cost,India,20,90,3,7,10
2025-12-08,2025-12,Forums,Accommodation Cost,China,7,28,1,3,3
2025-12-08,2025-12,Forums,Accommodation Cost,Vietnam,6,21,1,2,3
2025-12-08,2025-12,Forums,Accommodation Cost,Malaysia,2,8,0,1,1
2025-12-08,2025-12,Forums,Scholarships,India,13,63,8,1,4
2025-12-08,2025-12,Forums,Scholarships,China,5,16,3,1,1
2025-12-08,2025-12,Forums,Scholarships,Vietnam,8,22,5,1,2
2025-12-08,2025-12,Forums,Scholarships,Malaysia,3,9,2,0,1
2025-12-08,2025-12,Forums,Campus Safety,India,7,39,5,1,1
2025-12-08,2025-12,Forums,Campus Safety,China,1,5,1,0,0
2025-12-08,2025-12,Forums,Campus Safety,Vietnam,6,22,4,1,1
2025-12-08,2025-12,Forums,Campus Safety,Malaysia,2,6,1,1,0
2025-12-08,2025-12,Forums,Course Quality,India,10,39,8,0,2
2025-12-08,2025-12,Forums,Course Quality,China,6,28,4,1,1
2025-12-08,2025-12,Forums,Course Quality,Vietnam,10,45,7,1,2
2025-12-08,2025-12,Forums,Course Quality,Malaysia,1,4,1,0,0
2025-12-08,2025-12,Forums,Career Outcomes,India,2,7,1,0,1
2025-12-08,2025-12,Forums,Career Outcomes,China,4,19,2,1,1
2025-12-08,2025-12,Forums,Career Outcomes,Vietnam,5,17,3,1,1
2025-12-08,2025-12,Forums,Career Outcomes,Malaysia,5,23,3,1,1
2025-12-08,2025-12,Forums,Part-Time Work Rights,India,7,24,2,2,3
2025-12-08,2025-12,Forums,Part-Time Work Rights,China,6,21,2,2,2
2025-12-08,2025-12,Forums,Part-Time Work Rights,Vietnam,6,32,2,2,2
2025-12-08,2025-12,Forums,Part-Time Work Rights,Malaysia,3,10,1,1,1
2025-12-08,2025-12,Forums,Campus Life,India,15,64,10,2,3
2025-12-08,2025-12,Forums,Campus Life,China,14,66,9,1,4
2025-12-08,2025-12,Forums,Campus Life,Vietnam,3,11,2,0,1
2025-12-08,2025-12,Forums,Campus Life,Malaysia,5,22,3,1,1
2025-12-08,2025-12,Forums,Application Process,India,19,64,11,2,6
2025-12-08,2025-12,Forums,Application Process,China,7,39,4,1,2
2025-12-08,2025-12,Forums,Application Process,Vietnam,3,10,2,0,1
2025-12-08,2025-12,Forums,Application Process,Malaysia,4,14,2,1,1
2025-12-08,2025-12,Forums,Support Services,China,4,17,3,0,1
2025-12-08,2025-12,Forums,Support Services,Vietnam,4,17,3,0,1
2025-12-15,2025-12,TikTok,Visa Processing,India,21,44,6,5,10
2025-12-15,2025-12,TikTok,Visa Processing,China,15,66,4,5,6
2025-12-15,2025-12,TikTok,Visa Processing,Vietnam,8,20,2,2,4
2025-12-15,2025-12,TikTok,Visa Processing,Malaysia,31,138,7,6,18
2025-12-15,2025-12,TikTok,Accommodation Cost,India,41,163,6,16,19
2025-12-15,2025-12,TikTok,Accommodation Cost,China,14,41,3,3,8
2025-12-15,2025-12,TikTok,Accommodation Cost,Vietnam,20,42,3,6,11
2025-12-15,2025-12,TikTok,Accommodation Cost,Malaysia,24,94,5,5,14
2025-12-15,2025-12,TikTok,Scholarships,India,42,139,27,4,11
2025-12-15,2025-12,TikTok,Scholarships,China,31,122,20,5,6
2025-12-15,2025-12,TikTok,Scholarships,Vietnam,15,57,10,1,4
2025-12-15,2025-12,TikTok,Scholarships,Malaysia,9,39,6,1,2
2025-12-15,2025-12,TikTok,Campus Safety,India,30,107,20,4,6
2025-12-15,2025-12,TikTok,Campus Safety,China,17,68,11,2,4
2025-12-15,2025-12,TikTok,Campus Safety,Vietnam,3,7,2,0,1
2025-12-15,2025-12,TikTok,Campus Safety,Malaysia,2,6,1,1,0
2025-12-15,2025-12,TikTok,Course Quality,India,9,29,6,1,2
2025-12-15,2025-12,TikTok,Course Quality,China,15,43,10,1,4
2025-12-15,2025-12,TikTok,Course Quality,Malaysia,10,29,7,1,2
2025-12-15,2025-12,TikTok,Career Outcomes,India,27,84,15,5,7
2025-12-15,2025-12,TikTok,Career Outcomes,Vietnam,6,26,3,1,2
2025-12-15,2025-12,TikTok,Career Outcomes,Malaysia,11,28,7,1,3
2025-12-15,2025-12,TikTok,Part-Time Work Rights,China,9,31,4,1,4
2025-12-15,2025-12,TikTok,Part-Time Work Rights,Malaysia,9,22,4,2,3
2025-12-15,2025-12,TikTok,Campus Life,India,15,43,10,1,4
2025-12-15,2025-12,TikTok,Campus Life,China,5,19,3,1,1
2025-12-15,2025-12,TikTok,Campus Life,Vietnam,10,42,7,1,2
2025-12-15,2025-12,TikTok,Campus Life,Malaysia,7,17,5,1,1
2025-12-15,2025-12,TikTok,Application Process,India,5,13,3,1,1
2025-12-15,2025-12,TikTok,Application Process,Vietnam,22,73,15,2,5
2025-12-15,2025-12,TikTok,Application Process,Malaysia,7,31,4,2,1
2025-12-15,2025-12,TikTok,Support Services,India,19,49,10,2,7
2025-12-15,2025-12,TikTok,Support Services,China,11,45,6,1,4
2025-12-15,2025-12,TikTok,Support Services,Vietnam,6,17,3,1,2
2025-12-15,2025-12,TikTok,Support Services,Malaysia,6,24,3,1,2
2025-12-15,2025-12,Reddit,Visa Processing,India,14,77,4,3,7
2025-12-15,2025-12,Reddit,Visa Processing,China,38,295,11,10,17
2025-12-15,2025-12,Reddit,Visa Processing,Malaysia,14,93,4,4,6
2025-12-15,2025-12,Reddit,Accommodation Cost,India,9,78,2,3,4
2025-12-15,2025-12,Reddit,Accommodation Cost,China,17,97,3,7,7
2025-12-15,2025-12,Reddit,Accommodation Cost,Vietnam,25,191,6,4,15
2025-12-15,2025-12,Reddit,Accommodation Cost,Malaysia,12,106,2,2,8
2025-12-15,2025-12,Reddit,Scholarships,India,23,178,16,1,6
2025-12-15,2025-12,Reddit,Scholarships,China,13,82,8,2,3
2025-12-15,2025-12,Reddit,Scholarships,Vietnam,14,91,10,1,3
2025-12-15,2025-12,Reddit,Scholarships,Malaysia,11,89,8,1,2
2025-12-15,2025-12,Reddit,Campus Safety,India,4,22,3,0,1
2025-12-15,2025-12,Reddit,Campus Safety,China,19,160,12,2,5
2025-12-15,2025-12,Reddit,Campus Safety,Vietnam,15,122,10,1,4
2025-12-15,2025-12,Reddit,Campus Safety,Malaysia,3,23,2,0,1
2025-12-15,2025-12,Reddit,Course Quality,India,30,254,19,5,6
2025-12-15,2025-12,Reddit,Course Quality,China,11,71,7,2,2
2025-12-15,2025-12,Reddit,Course Quality,Vietnam,13,111,8,3,2
2025-12-15,2025-12,Reddit,Course Quality,Malaysia,14,123,9,1,4
2025-12-15,2025-12,Reddit,Career Outcomes,India,16,103,9,3,4
2025-12-15,2025-12,Reddit,Career Outcomes,China,9,42,5,2,2
2025-12-15,2025-12,Reddit,Career Outcomes,Vietnam,4,33,3,0,1
2025-12-15,2025-12,Reddit,Career Outcomes,Malaysia,12,90,7,1,4
2025-12-15,2025-12,Reddit,Part-Time Work Rights,India,23,121,10,5,8
2025-12-15,2025-12,Reddit,Part-Time Work Rights,China,10,71,4,3,3
2025-12-15,2025-12,Reddit,Part-Time Work Rights,Vietnam,7,42,3,1,3
2025-12-15,2025-12,Reddit,Part-Time Work Rights,Malaysia,3,18,1,1,1
2025-12-15,2025-12,Reddit,Campus Life,India,15,99,10,2,3
2025-12-15,2025-12,Reddit,Campus Life,China,11,91,8,1,2
2025-12-15,2025-12,Reddit,Campus Life,Vietnam,15,135,10,1,4
2025-12-15,2025-12,Reddit,Campus Life,Malaysia,3,16,2,0,1
2025-12-15,2025-12,Reddit,Application Process,China,16,145,10,2,4
2025-12-15,2025-12,Reddit,Application Process,Vietnam,5,40,3,1,1
2025-12-15,2025-12,Reddit,Application Process,Malaysia,9,43,6,1,2
2025-12-15,2025-12,Reddit,Support Services,India,16,100,8,3,5
2025-12-15,2025-12,Reddit,Support Services,China,6,34,3,1,2
2025-12-15,2025-12,Reddit,Support Services,Malaysia,5,42,3,1,1
2025-12-15,2025-12,X (Twitter),Visa Processing,India,22,64,6,6,10
2025-12-15,2025-12,X (Twitter),Visa Processing,China,14,30,4,3,7
2025-12-15,2025-12,X (Twitter),Visa Processing,Vietnam,28,73,8,6,14
2025-12-15,2025-12,X (Twitter),Visa Processing,Malaysia,17,25,4,3,10
2025-12-15,2025-12,X (Twitter),Accommodation Cost,India,13,36,3,4,6
2025-12-15,2025-12,X (Twitter),Accommodation Cost,China,28,48,6,7,15
2025-12-15,2025-12,X (Twitter),Accommodation Cost,Vietnam,7,12,1,3,3
2025-12-15,2025-12,X (Twitter),Accommodation Cost,Malaysia,13,25,2,4,7
2025-12-15,2025-12,X (Twitter),Scholarships,India,5,11,3,1,1
2025-12-15,2025-12,X (Twitter),Scholarships,China,2,4,1,1,0
2025-12-15,2025-12,X (Twitter),Scholarships,Vietnam,1,3,1,0,0
2025-12-15,2025-12,X (Twitter),Scholarships,Malaysia,15,24,10,1,4
2025-12-15,2025-12,X (Twitter),Campus Safety,India,17,31,12,2,3
2025-12-15,2025-12,X (Twitter),Campus Safety,China,13,19,9,2,2
2025-12-15,2025-12,X (Twitter),Campus Safety,Vietnam,13,23,9,1,3
2025-12-15,2025-12,X (Twitter),Campus Safety,Malaysia,4,6,3,0,1
2025-12-15,2025-12,X (Twitter),Course Quality,India,20,41,13,3,4
2025-12-15,2025-12,X (Twitter),Course Quality,Vietnam,5,10,3,1,1
2025-12-15,2025-12,X (Twitter),Course Quality,Malaysia,19,34,12,3,4
2025-12-15,2025-12,X (Twitter),Career Outcomes,India,15,39,9,3,3
2025-12-15,2025-12,X (Twitter),Career Outcomes,China,7,11,4,2,1
2025-12-15,2025-12,X (Twitter),Career Outcomes,Vietnam,10,29,6,2,2
2025-12-15,2025-12,X (Twitter),Career Outcomes,Malaysia,7,12,5,0,2
2025-12-15,2025-12,X (Twitter),Part-Time Work Rights,India,4,10,2,0,2
2025-12-15,2025-12,X (Twitter),Part-Time Work Rights,China,9,16,4,2,3
2025-12-15,2025-12,X (Twitter),Part-Time Work Rights,Vietnam,3,8,1,1,1
2025-12-15,2025-12,X (Twitter),Part-Time Work Rights,Malaysia,2,5,1,0,1
2025-12-15,2025-12,X (Twitter),Campus Life,India,18,48,13,1,4
2025-12-15,2025-12,X (Twitter),Campus Life,China,11,17,8,1,2
2025-12-15,2025-12,X (Twitter),Campus Life,Vietnam,9,25,6,1,2
2025-12-15,2025-12,X (Twitter),Campus Life,Malaysia,4,6,3,0,1
2025-12-15,2025-12,X (Twitter),Application Process,India,17,38,11,2,4
2025-12-15,2025-12,X (Twitter),Application Process,China,14,39,9,2,3
2025-12-15,2025-12,X (Twitter),Application Process,Vietnam,5,11,3,1,1
2025-12-15,2025-12,X (Twitter),Application Process,Malaysia,6,12,4,1,1
2025-12-15,2025-12,X (Twitter),Support Services,India,13,38,7,3,3
2025-12-15,2025-12,X (Twitter),Support Services,China,11,18,5,3,3
2025-12-15,2025-12,X (Twitter),Support Services,Vietnam,5,13,3,0,2
2025-12-15,2025-12,X (Twitter),Support Services,Malaysia,8,21,4,1,3
2025-12-15,2025-12,News,Visa Processing,India,8,5,2,2,4
2025-12-15,2025-12,News,Visa Processing,Vietnam,4,3,1,1,2
2025-12-15,2025-12,News,Visa Processing,Malaysia,5,3,2,0,3
2025-12-15,2025-12,News,Accommodation Cost,India,3,2,1,0,2
2025-12-15,2025-12,News,Accommodation Cost,China,5,5,1,1,3
2025-12-15,2025-12,News,Accommodation Cost,Vietnam,5,3,1,2,2
2025-12-15,2025-12,News,Accommodation Cost,Malaysia,3,2,1,0,2
2025-12-15,2025-12,News,Scholarships,India,8,5,5,1,2
2025-12-15,2025-12,News,Scholarships,China,5,3,3,1,1
2025-12-15,2025-12,News,Scholarships,Vietnam,5,5,3,1,1
2025-12-15,2025-12,News,Scholarships,Malaysia,2,2,1,1,0
2025-12-15,2025-12,News,Campus Safety,India,7,7,5,0,2
2025-12-15,2025-12,News,Campus Safety,China,1,1,1,0,0
2025-12-15,2025-12,News,Campus Safety,Vietnam,2,2,1,1,0
2025-12-15,2025-12,News,Campus Safety,Malaysia,4,3,3,0,1
2025-12-15,2025-12,News,Course Quality,India,9,10,6,1,2
2025-12-15,2025-12,News,Course Quality,China,3,3,2,0,1
2025-12-15,2025-12,News,Course Quality,Malaysia,2,1,1,1,0
2025-12-15,2025-12,News,Career Outcomes,India,5,3,3,1,1
2025-12-15,2025-12,News,Career Outcomes,China,1,1,1,0,0
2025-12-15,2025-12,News,Career Outcomes,Vietnam,3,3,2,0,1
2025-12-15,2025-12,News,Career Outcomes,Malaysia,3,3,2,0,1
2025-12-15,2025-12,News,Part-Time Work Rights,India,5,5,2,1,2
2025-12-15,2025-12,News,Part-Time Work Rights,China,2,2,1,0,1
2025-12-15,2025-12,News,Part-Time Work Rights,Vietnam,2,2,1,0,1
2025-12-15,2025-12,News,Part-Time Work Rights,Malaysia,1,1,0,1,0
2025-12-15,2025-12,News,Campus Life,China,6,4,4,1,1
2025-12-15,2025-12,News,Campus Life,Vietnam,2,2,1,1,0
2025-12-15,2025-12,News,Campus Life,Malaysia,3,2,2,0,1
2025-12-15,2025-12,News,Application Process,China,4,2,2,1,1
2025-12-15,2025-12,News,Application Process,Vietnam,1,1,1,0,0
2025-12-15,2025-12,News,Support Services,India,4,4,2,1,1
2025-12-15,2025-12,News,Support Services,China,4,3,2,1,1
2025-12-15,2025-12,News,Support Services,Vietnam,2,2,1,1,0
2025-12-15,2025-12,Forums,Visa Processing,India,7,24,2,1,4
2025-12-15,2025-12,Forums,Visa Processing,China,11,36,3,4,4
2025-12-15,2025-12,Forums,Visa Processing,Vietnam,7,34,2,1,4
2025-12-15,2025-12,Forums,Visa Processing,Malaysia,9,47,3,1,5
2025-12-15,2025-12,Forums,Accommodation Cost,India,14,53,3,5,6
2025-12-15,2025-12,Forums,Accommodation Cost,China,11,61,2,4,5
2025-12-15,2025-12,Forums,Accommodation Cost,Malaysia,7,23,1,2,4
2025-12-15,2025-12,Forums,Scholarships,India,6,26,4,0,2
2025-12-15,2025-12,Forums,Scholarships,China,6,17,4,1,1
2025-12-15,2025-12,Forums,Scholarships,Vietnam,6,22,4,1,1
2025-12-15,2025-12,Forums,Scholarships,Malaysia,9,36,6,1,2
2025-12-15,2025-12,Forums,Campus Safety,India,9,32,6,1,2
2025-12-15,2025-12,Forums,Campus Safety,China,4,13,3,0,1
2025-12-15,2025-12,Forums,Campus Safety,Vietnam,4,18,3,0,1
2025-12-15,2025-12,Forums,Campus Safety,Malaysia,3,9,2,0,1
2025-12-15,2025-12,Forums,Course Quality,India,4,18,3,0,1
2025-12-15,2025-12,Forums,Course Quality,China,5,17,3,1,1
2025-12-15,2025-12,Forums,Course Quality,Vietnam,8,23,5,1,2
2025-12-15,2025-12,Forums,Course Quality,Malaysia,3,11,2,0,1
2025-12-15,2025-12,Forums,Career Outcomes,India,14,44,8,3,3
2025-12-15,2025-12,Forums,Career Outcomes,China,6,21,4,1,1
2025-12-15,2025-12,Forums,Career Outcomes,Vietnam,3,12,2,0,1
2025-12-15,2025-12,Forums,Part-Time Work Rights,India,5,14,2,1,2
2025-12-15,2025-12,Forums,Part-Time Work Rights,China,6,30,3,1,2
2025-12-15,2025-12,Forums,Part-Time Work Rights,Vietnam,2,6,1,0,1
2025-12-15,2025-12,Forums,Part-Time Work Rights,Malaysia,3,16,1,1,1
2025-12-15,2025-12,Forums,Campus Life,India,6,19,4,1,1
2025-12-15,2025-12,Forums,Campus Life,China,9,33,6,1,2
2025-12-15,2025-12,Forums,Campus Life,Vietnam,11,56,7,1,3
2025-12-15,2025-12,Forums,Campus Life,Malaysia,2,7,1,1,0
2025-12-15,2025-12,Forums,Application Process,India,3,13,2,0,1
2025-12-15,2025-12,Forums,Application Process,China,10,27,6,2,2
2025-12-15,2025-12,Forums,Application Process,Vietnam,3,9,2,0,1
2025-12-15,2025-12,Forums,Application Process,Malaysia,5,27,3,1,1
2025-12-15,2025-12,Forums,Support Services,India,8,28,4,2,2
2025-12-15,2025-12,Forums,Support Services,China,5,21,3,0,2
2025-12-15,2025-12,Forums,Support Services,Vietnam,4,16,2,1,1
2025-12-15,2025-12,Forums,Support Services,Malaysia,3,10,2,0,1
2025-12-22,2025-12,TikTok,Visa Processing,India,30,118,10,9,11
2025-12-22,2025-12,TikTok,Visa Processing,China,28,104,11,5,12
2025-12-22,2025-12,TikTok,Visa Processing,Vietnam,3,12,1,1,1
2025-12-22,2025-12,TikTok,Visa Processing,Malaysia,15,39,5,3,7
2025-12-22,2025-12,TikTok,Accommodation Cost,China,32,138,12,8,12
2025-12-22,2025-12,TikTok,Accommodation Cost,Vietnam,9,34,3,2,4
2025-12-22,2025-12,TikTok,Accommodation Cost,Malaysia,19,68,7,3,9
2025-12-22,2025-12,TikTok,Scholarships,India,35,152,23,5,7
2025-12-22,2025-12,TikTok,Scholarships,China,12,43,8,1,3
2025-12-22,2025-12,TikTok,Scholarships,Vietnam,30,83,19,2,9
2025-12-22,2025-12,TikTok,Scholarships,Malaysia,17,55,11,2,4
2025-12-22,2025-12,TikTok,Campus Safety,India,11,32,7,1,3
2025-12-22,2025-12,TikTok,Campus Safety,China,19,44,13,3,3
2025-12-22,2025-12,TikTok,Campus Safety,Vietnam,13,48,9,1,3
2025-12-22,2025-12,TikTok,Campus Safety,Malaysia,9,40,6,1,2
2025-12-22,2025-12,TikTok,Course Quality,India,15,40,9,2,4
2025-12-22,2025-12,TikTok,Course Quality,China,16,43,10,2,4
2025-12-22,2025-12,TikTok,Course Quality,Malaysia,10,43,6,2,2
2025-12-22,2025-12,TikTok,Career Outcomes,India,27,120,21,3,3
2025-12-22,2025-12,TikTok,Career Outcomes,China,7,22,5,1,1
2025-12-22,2025-12,TikTok,Career Outcomes,Vietnam,8,21,6,1,1
2025-12-22,2025-12,TikTok,Career Outcomes,Malaysia,14,61,10,1,3
2025-12-22,2025-12,TikTok,Part-Time Work Rights,India,18,55,9,3,6
2025-12-22,2025-12,TikTok,Part-Time Work Rights,China,16,60,8,2,6
2025-12-22,2025-12,TikTok,Part-Time Work Rights,Vietnam,11,45,6,1,4
2025-12-22,2025-12,TikTok,Part-Time Work Rights,Malaysia,9,27,4,2,3
2025-12-22,2025-12,TikTok,Campus Life,India,23,98,21,0,2
2025-12-22,2025-12,TikTok,Campus Life,Vietnam,4,12,4,0,0
2025-12-22,2025-12,TikTok,Campus Life,Malaysia,12,31,11,0,1
2025-12-22,2025-12,TikTok,Application Process,India,8,30,6,1,1
2025-12-22,2025-12,TikTok,Application Process,Vietnam,14,61,10,2,2
2025-12-22,2025-12,TikTok,Application Process,Malaysia,17,61,12,2,3
2025-12-22,2025-12,TikTok,Support Services,India,17,41,10,2,5
2025-12-22,2025-12,TikTok,Support Services,China,10,22,6,1,3
2025-12-22,2025-12,TikTok,Support Services,Vietnam,14,60,9,1,4
2025-12-22,2025-12,TikTok,Support Services,Malaysia,1,2,1,0,0
2025-12-22,2025-12,Reddit,Visa Processing,India,35,211,13,7,15
2025-12-22,2025-12,Reddit,Visa Processing,China,17,116,6,2,9
2025-12-22,2025-12,Reddit,Visa Processing,Vietnam,28,198,10,5,13
2025-12-22,2025-12,Reddit,Visa Processing,Malaysia,19,98,8,4,7
2025-12-22,2025-12,Reddit,Accommodation Cost,India,16,68,6,4,6
2025-12-22,2025-12,Reddit,Accommodation Cost,China,34,223,13,7,14
2025-12-22,2025-12,Reddit,Accommodation Cost,Vietnam,28,150,11,4,13
2025-12-22,2025-12,Reddit,Accommodation Cost,Malaysia,11,78,4,2,5
2025-12-22,2025-12,Reddit,Scholarships,India,14,61,9,2,3
2025-12-22,2025-12,Reddit,Scholarships,China,26,188,17,4,5
2025-12-22,2025-12,Reddit,Scholarships,Vietnam,7,50,4,1,2
2025-12-22,2025-12,Reddit,Scholarships,Malaysia,5,45,3,1,1
2025-12-22,2025-12,Reddit,Campus Safety,India,19,108,13,2,4
2025-12-22,2025-12,Reddit,Campus Safety,China,4,20,3,0,1
2025-12-22,2025-12,Reddit,Campus Safety,Vietnam,19,138,13,1,5
2025-12-22,2025-12,Reddit,Campus Safety,Malaysia,2,11,1,1,0
2025-12-22,2025-12,Reddit,Course Quality,India,22,112,14,2,6
2025-12-22,2025-12,Reddit,Course Quality,China,18,86,12,2,4
2025-12-22,2025-12,Reddit,Course Quality,Vietnam,9,49,5,2,2
2025-12-22,2025-12,Reddit,Course Quality,Malaysia,5,24,3,0,2
2025-12-22,2025-12,Reddit,Career Outcomes,China,8,65,6,1,1
2025-12-22,2025-12,Reddit,Career Outcomes,Vietnam,5,34,4,0,1
2025-12-22,2025-12,Reddit,Career Outcomes,Malaysia,4,30,3,0,1
2025-12-22,2025-12,Reddit,Part-Time Work Rights,China,6,41,3,1,2
2025-12-22,2025-12,Reddit,Part-Time Work Rights,Vietnam,11,82,5,2,4
2025-12-22,2025-12,Reddit,Campus Life,India,18,149,17,0,1
2025-12-22,2025-12,Reddit,Campus Life,China,5,42,4,1,0
2025-12-22,2025-12,Reddit,Campus Life,Vietnam,11,92,10,0,1
2025-12-22,2025-12,Reddit,Campus Life,Malaysia,15,112,13,1,1
2025-12-22,2025-12,Reddit,Application Process,India,29,206,19,4,6
2025-12-22,2025-12,Reddit,Application Process,China,9,56,6,1,2
2025-12-22,2025-12,Reddit,Application Process,Vietnam,13,75,8,2,3
2025-12-22,2025-12,Reddit,Support Services,China,10,45,6,2,2
2025-12-22,2025-12,Reddit,Support Services,Vietnam,8,34,5,1,2
2025-12-22,2025-12,Reddit,Support Services,Malaysia,1,5,1,0,0
2025-12-22,2025-12,X (Twitter),Visa Processing,India,39,75,14,8,17
2025-12-22,2025-12,X (Twitter),Visa Processing,China,14,38,5,4,5
2025-12-22,2025-12,X (Twitter),Visa Processing,Vietnam,18,45,7,4,7
2025-12-22,2025-12,X (Twitter),Visa Processing,Malaysia,20,37,7,4,9
2025-12-22,2025-12,X (Twitter),Accommodation Cost,India,16,47,6,3,7
2025-12-22,2025-12,X (Twitter),Accommodation Cost,China,25,55,9,4,12
2025-12-22,2025-12,X (Twitter),Accommodation Cost,Malaysia,14,32,6,2,6
2025-12-22,2025-12,X (Twitter),Scholarships,India,20,56,12,2,6
2025-12-22,2025-12,X (Twitter),Scholarships,China,15,27,10,2,3
2025-12-22,2025-12,X (Twitter),Scholarships,Vietnam,12,24,8,1,3
2025-12-22,2025-12,X (Twitter),Campus Safety,India,17,43,12,1,4
2025-12-22,2025-12,X (Twitter),Campus Safety,China,3,5,2,1,0
2025-12-22,2025-12,X (Twitter),Campus Safety,Vietnam,12,22,8,1,3
2025-12-22,2025-12,X (Twitter),Campus Safety,Malaysia,6,13,4,1,1
2025-12-22,2025-12,X (Twitter),Course Quality,India,32,82,21,3,8
2025-12-22,2025-12,X (Twitter),Course Quality,China,14,31,8,3,3
2025-12-22,2025-12,X (Twitter),Course Quality,Vietnam,19,50,13,2,4
2025-12-22,2025-12,X (Twitter),Course Quality,Malaysia,4,7,3,0,1
2025-12-22,2025-12,X (Twitter),Career Outcomes,India,26,72,20,2,4
2025-12-22,2025-12,X (Twitter),Career Outcomes,China,6,16,4,1,1
2025-12-22,2025-12,X (Twitter),Career Outcomes,Vietnam,3,6,2,1,0
2025-12-22,2025-12,X (Twitter),Part-Time Work Rights,India,15,39,7,3,5
2025-12-22,2025-12,X (Twitter),Part-Time Work Rights,China,2,5,1,0,1
2025-12-22,2025-12,X (Twitter),Part-Time Work Rights,Vietnam,2,3,1,0,1
2025-12-22,2025-12,X (Twitter),Part-Time Work Rights,Malaysia,9,23,4,1,4
2025-12-22,2025-12,X (Twitter),Campus Life,India,7,16,7,0,0
2025-12-22,2025-12,X (Twitter),Campus Life,China,4,9,4,0,0
2025-12-22,2025-12,X (Twitter),Campus Life,Vietnam,14,36,13,0,1
2025-12-22,2025-12,X (Twitter),Campus Life,Malaysia,8,22,7,0,1
2025-12-22,2025-12,X (Twitter),Application Process,India,15,40,11,1,3
2025-12-22,2025-12,X (Twitter),Application Process,Vietnam,10,17,7,1,2
2025-12-22,2025-12,X (Twitter),Application Process,Malaysia,6,10,4,1,1
2025-12-22,2025-12,X (Twitter),Support Services,India,18,27,11,3,4
2025-12-22,2025-12,X (Twitter),Support Services,China,17,30,10,2,5
2025-12-22,2025-12,X (Twitter),Support Services,Vietnam,4,7,2,1,1
2025-12-22,2025-12,X (Twitter),Support Services,Malaysia,5,10,3,1,1
2025-12-22,2025-12,News,Visa Processing,India,14,13,5,3,6
2025-12-22,2025-12,News,Visa Processing,China,4,4,2,0,2
2025-12-22,2025-12,News,Visa Processing,Vietnam,2,1,1,0,1
2025-12-22,2025-12,News,Visa Processing,Malaysia,8,8,3,2,3
2025-12-22,2025-12,News,Accommodation Cost,India,11,10,4,2,5
2025-12-22,2025-12,News,Accommodation Cost,China,8,6,3,2,3
2025-12-22,2025-12,News,Accommodation Cost,Vietnam,1,1,0,1,0
2025-12-22,2025-12,News,Accommodation Cost,Malaysia,4,3,2,0,2
2025-12-22,2025-12,News,Scholarships,India,8,8,5,1,2
2025-12-22,2025-12,News,Scholarships,China,8,5,5,1,2
2025-12-22,2025-12,News,Scholarships,Vietnam,7,5,5,1,1
2025-12-22,2025-12,News,Scholarships,Malaysia,4,3,3,0,1
2025-12-22,2025-12,News,Campus Safety,India,7,6,5,1,1
2025-12-22,2025-12,News,Campus Safety,China,2,1,1,1,0
2025-12-22,2025-12,News,Campus Safety,Vietnam,3,3,2,0,1
2025-12-22,2025-12,News,Campus Safety,Malaysia,3,3,2,0,1
2025-12-22,2025-12,News,Course Quality,China,3,2,2,0,1
2025-12-22,2025-12,News,Course Quality,Vietnam,2,1,1,0,1
2025-12-22,2025-12,News,Course Quality,Malaysia,1,1,1,0,0
2025-12-22,2025-12,News,Career Outcomes,India,8,5,6,1,1
2025-12-22,2025-12,News,Career Outcomes,China,3,3,2,1,0
2025-12-22,2025-12,News,Career Outcomes,Vietnam,1,1,1,0,0
2025-12-22,2025-12,News,Career Outcomes,Malaysia,3,2,2,0,1
2025-12-22,2025-12,News,Part-Time Work Rights,India,7,6,3,2,2
2025-12-22,2025-12,News,Part-Time Work Rights,China,4,4,2,1,1
2025-12-22,2025-12,News,Part-Time Work Rights,Vietnam,2,2,1,0,1
2025-12-22,2025-12,News,Part-Time Work Rights,Malaysia,1,1,1,0,0
2025-12-22,2025-12,News,Campus Life,India,4,2,4,0,0
2025-12-22,2025-12,News,Campus Life,China,5,3,5,0,0
2025-12-22,2025-12,News,Campus Life,Vietnam,3,3,3,0,0
2025-12-22,2025-12,News,Campus Life,Malaysia,3,2,3,0,0
2025-12-22,2025-12,News,Application Process,India,4,3,3,0,1
2025-12-22,2025-12,News,Application Process,China,3,3,2,0,1
2025-12-22,2025-12,News,Application Process,Vietnam,2,1,1,1,0
2025-12-22,2025-12,News,Application Process,Malaysia,2,2,1,1,0
2025-12-22,2025-12,News,Support Services,India,4,4,2,1,1
2025-12-22,2025-12,News,Support Services,China,2,2,1,1,0
2025-12-22,2025-12,News,Support Services,Vietnam,2,2,1,0,1
2025-12-22,2025-12,News,Support Services,Malaysia,2,1,1,1,0
2025-12-22,2025-12,Forums,Visa Processing,China,17,48,6,5,6
2025-12-22,2025-12,Forums,Visa Processing,Vietnam,14,49,5,3,6
2025-12-22,2025-12,Forums,Visa Processing,Malaysia,12,33,4,4,4
2025-12-22,2025-12,Forums,Accommodation Cost,India,16,72,6,3,7
2025-12-22,2025-12,Forums,Accommodation Cost,China,6,25,2,2,2
2025-12-22,2025-12,Forums,Accommodation Cost,Vietnam,8,43,3,2,3
2025-12-22,2025-12,Forums,Accommodation Cost,Malaysia,3,12,1,1,1
2025-12-22,2025-12,Forums,Scholarships,India,10,40,6,2,2
2025-12-22,2025-12,Forums,Scholarships,China,9,36,6,1,2
2025-12-22,2025-12,Forums,Scholarships,Vietnam,3,13,2,0,1
2025-12-22,2025-12,Forums,Scholarships,Malaysia,6,18,4,1,1
2025-12-22,2025-12,Forums,Campus Safety,China,8,26,5,1,2
2025-12-22,2025-12,Forums,Campus Safety,Vietnam,8,29,6,1,1
2025-12-22,2025-12,Forums,Campus Safety,Malaysia,5,18,4,0,1
2025-12-22,2025-12,Forums,Course Quality,India,2,8,1,1,0
2025-12-22,2025-12,Forums,Course Quality,Vietnam,1,4,1,0,0
2025-12-22,2025-12,Forums,Course Quality,Malaysia,6,27,4,0,2
2025-12-22,2025-12,Forums,Career Outcomes,China,7,27,6,0,1
2025-12-22,2025-12,Forums,Career Outcomes,Vietnam,2,8,2,0,0
2025-12-22,2025-12,Forums,Career Outcomes,Malaysia,2,9,1,1,0
2025-12-22,2025-12,Forums,Part-Time Work Rights,India,7,39,3,2,2
2025-12-22,2025-12,Forums,Part-Time Work Rights,China,5,14,2,1,2
2025-12-22,2025-12,Forums,Part-Time Work Rights,Vietnam,5,14,2,1,2
2025-12-22,2025-12,Forums,Campus Life,India,12,53,11,1,0
2025-12-22,2025-12,Forums,Campus Life,China,8,30,7,0,1
2025-12-22,2025-12,Forums,Campus Life,Vietnam,7,29,7,0,0
2025-12-22,2025-12,Forums,Campus Life,Malaysia,3,14,3,0,0
2025-12-22,2025-12,Forums,Application Process,India,12,65,8,2,2
2025-12-22,2025-12,Forums,Application Process,China,2,9,1,1,0
2025-12-22,2025-12,Forums,Application Process,Vietnam,4,16,3,0,1
2025-12-22,2025-12,Forums,Application Process,Malaysia,7,22,5,1,1
2025-12-22,2025-12,Forums,Support Services,India,6,28,3,1,2
2025-12-22,2025-12,Forums,Support Services,China,5,18,3,1,1
2025-12-22,2025-12,Forums,Support Services,Vietnam,3,14,2,0,1
2025-12-22,2025-12,Forums,Support Services,Malaysia,1,4,1,0,0
2025-12-29,2025-12,TikTok,Visa Processing,India,48,174,9,9,30
2025-12-29,2025-12,TikTok,Visa Processing,Vietnam,29,88,7,5,17
2025-12-29,2025-12,TikTok,Visa Processing,Malaysia,32,130,8,8,16
2025-12-29,2025-12,TikTok,Accommodation Cost,China,23,66,14,2,7
2025-12-29,2025-12,TikTok,Accommodation Cost,Vietnam,29,85,17,6,6
2025-12-29,2025-12,TikTok,Accommodation Cost,Malaysia,27,64,16,3,8
2025-12-29,2025-12,TikTok,Scholarships,China,24,83,16,3,5
2025-12-29,2025-12,TikTok,Campus Safety,India,13,29,9,2,2
2025-12-29,2025-12,TikTok,Campus Safety,Vietnam,19,50,12,3,4
2025-12-29,2025-12,TikTok,Campus Safety,Malaysia,16,64,10,2,4
2025-12-29,2025-12,TikTok,Course Quality,India,7,28,3,1,3
2025-12-29,2025-12,TikTok,Course Quality,China,21,81,10,4,7
2025-12-29,2025-12,TikTok,Course Quality,Malaysia,13,34,7,1,5
2025-12-29,2025-12,TikTok,Career Outcomes,India,20,89,17,1,2
2025-12-29,2025-12,TikTok,Career Outcomes,China,14,44,11,1,2
2025-12-29,2025-12,TikTok,Career Outcomes,Malaysia,13,30,11,1,1
2025-12-29,2025-12,TikTok,Part-Time Work Rights,India,25,85,16,3,6
2025-12-29,2025-12,TikTok,Part-Time Work Rights,Vietnam,2,6,1,0,1
2025-12-29,2025-12,TikTok,Part-Time Work Rights,Malaysia,8,25,5,1,2
2025-12-29,2025-12,TikTok,Campus Life,China,14,32,12,1,1
2025-12-29,2025-12,TikTok,Campus Life,Vietnam,14,42,13,0,1
2025-12-29,2025-12,TikTok,Application Process,India,28,115,26,1,1
2025-12-29,2025-12,TikTok,Application Process,China,29,120,25,1,3
2025-12-29,2025-12,TikTok,Application Process,Vietnam,14,39,12,1,1
2025-12-29,2025-12,TikTok,Application Process,Malaysia,16,38,15,0,1
2025-12-29,2025-12,TikTok,Support Services,India,20,83,13,3,4
2025-12-29,2025-12,TikTok,Support Services,China,12,39,8,1,3
2025-12-29,2025-12,TikTok,Support Services,Vietnam,11,42,7,2,2
2025-12-29,2025-12,TikTok,Support Services,Malaysia,4,14,3,0,1
2025-12-29,2025-12,Reddit,Visa Processing,India,58,473,12,12,34
2025-12-29,2025-12,Reddit,Visa Processing,China,42,194,11,7,24
2025-12-29,2025-12,Reddit,Visa Processing,Vietnam,22,103,4,8,10
2025-12-29,2025-12,Reddit,Visa Processing,Malaysia,16,135,4,4,8
2025-12-29,2025-12,Reddit,Accommodation Cost,India,41,370,26,7,8
2025-12-29,2025-12,Reddit,Accommodation Cost,China,21,178,12,2,7
2025-12-29,2025-12,Reddit,Accommodation Cost,Vietnam,7,63,4,1,2
2025-12-29,2025-12,Reddit,Accommodation Cost,Malaysia,7,30,4,1,2
2025-12-29,2025-12,Reddit,Scholarships,India,30,244,18,5,7
2025-12-29,2025-12,Reddit,Scholarships,China,11,82,7,1,3
2025-12-29,2025-12,Reddit,Scholarships,Vietnam,7,57,5,0,2
2025-12-29,2025-12,Reddit,Scholarships,Malaysia,11,70,7,2,2
2025-12-29,2025-12,Reddit,Campus Safety,India,29,138,19,4,6
2025-12-29,2025-12,Reddit,Campus Safety,China,10,52,7,1,2
2025-12-29,2025-12,Reddit,Campus Safety,Vietnam,5,27,3,1,1
2025-12-29,2025-12,Reddit,Course Quality,India,24,171,12,3,9
2025-12-29,2025-12,Reddit,Course Quality,China,11,62,6,2,3
2025-12-29,2025-12,Reddit,Course Quality,Vietnam,5,39,3,0,2
2025-12-29,2025-12,Reddit,Career Outcomes,India,29,192,23,1,5
2025-12-29,2025-12,Reddit,Career Outcomes,Vietnam,11,73,9,1,1
2025-12-29,2025-12,Reddit,Career Outcomes,Malaysia,3,19,2,1,0
2025-12-29,2025-12,Reddit,Part-Time Work Rights,India,8,39,5,0,3
2025-12-29,2025-12,Reddit,Part-Time Work Rights,Vietnam,15,117,9,2,4
2025-12-29,2025-12,Reddit,Part-Time Work Rights,Malaysia,5,26,3,1,1
2025-12-29,2025-12,Reddit,Campus Life,India,13,70,12,1,0
2025-12-29,2025-12,Reddit,Campus Life,China,4,30,4,0,0
2025-12-29,2025-12,Reddit,Campus Life,Malaysia,9,67,9,0,0
2025-12-29,2025-12,Reddit,Application Process,China,18,117,16,1,1
2025-12-29,2025-12,Reddit,Application Process,Vietnam,8,59,7,1,0
2025-12-29,2025-12,Reddit,Application Process,Malaysia,5,31,5,0,0
2025-12-29,2025-12,Reddit,Support Services,India,18,149,12,2,4
2025-12-29,2025-12,Reddit,Support Services,China,8,49,5,2,1
2025-12-29,2025-12,Reddit,Support Services,Vietnam,3,23,2,0,1
2025-12-29,2025-12,X (Twitter),Visa Processing,India,33,62,8,12,13
2025-12-29,2025-12,X (Twitter),Visa Processing,China,31,60,7,10,14
2025-12-29,2025-12,X (Twitter),Visa Processing,Vietnam,15,43,3,4,8
2025-12-29,2025-12,X (Twitter),Visa Processing,Malaysia,11,16,3,3,5
2025-12-29,2025-12,X (Twitter),Accommodation Cost,India,46,112,28,9,9
2025-12-29,2025-12,X (Twitter),Accommodation Cost,China,9,17,5,2,2
2025-12-29,2025-12,X (Twitter),Accommodation Cost,Vietnam,14,30,8,2,4
2025-12-29,2025-12,X (Twitter),Accommodation Cost,Malaysia,7,16,5,0,2
2025-12-29,2025-12,X (Twitter),Scholarships,India,36,69,23,6,7
2025-12-29,2025-12,X (Twitter),Scholarships,China,20,58,12,3,5
2025-12-29,2025-12,X (Twitter),Scholarships,Malaysia,13,33,8,3,2
2025-12-29,2025-12,X (Twitter),Campus Safety,India,3,6,2,1,0
2025-12-29,2025-12,X (Twitter),Campus Safety,China,7,14,4,1,2
2025-12-29,2025-12,X (Twitter),Campus Safety,Vietnam,14,29,9,1,4
2025-12-29,2025-12,X (Twitter),Campus Safety,Malaysia,5,12,3,1,1
2025-12-29,2025-12,X (Twitter),Course Quality,India,23,63,13,2,8
2025-12-29,2025-12,X (Twitter),Course Quality,China,4,11,2,1,1
2025-12-29,2025-12,X (Twitter),Course Quality,Vietnam,11,28,6,2,3
2025-12-29,2025-12,X (Twitter),Course Quality,Malaysia,8,18,4,2,2
2025-12-29,2025-12,X (Twitter),Career Outcomes,Vietnam,11,30,9,1,1
2025-12-29,2025-12,X (Twitter),Career Outcomes,Malaysia,10,23,8,1,1
2025-12-29,2025-12,X (Twitter),Part-Time Work Rights,India,15,27,9,1,5
2025-12-29,2025-12,X (Twitter),Part-Time Work Rights,China,11,16,7,1,3
2025-12-29,2025-12,X (Twitter),Part-Time Work Rights,Vietnam,3,7,2,0,1
2025-12-29,2025-12,X (Twitter),Part-Time Work Rights,Malaysia,5,14,3,1,1
2025-12-29,2025-12,X (Twitter),Campus Life,India,12,22,11,0,1
2025-12-29,2025-12,X (Twitter),Campus Life,China,12,19,11,1,0
2025-12-29,2025-12,X (Twitter),Campus Life,Vietnam,6,10,6,0,0
2025-12-29,2025-12,X (Twitter),Campus Life,Malaysia,15,32,14,0,1
2025-12-29,2025-12,X (Twitter),Application Process,India,20,38,17,2,1
2025-12-29,2025-12,X (Twitter),Application Process,China,14,41,12,1,1
2025-12-29,2025-12,X (Twitter),Application Process,Vietnam,6,14,6,0,0
2025-12-29,2025-12,X (Twitter),Application Process,Malaysia,6,15,5,1,0
2025-12-29,2025-12,X (Twitter),Support Services,India,17,26,11,3,3
2025-12-29,2025-12,X (Twitter),Support Services,China,13,24,9,1,3
2025-12-29,2025-12,X (Twitter),Support Services,Vietnam,10,29,7,1,2
2025-12-29,2025-12,X (Twitter),Support Services,Malaysia,4,11,3,0,1
2025-12-29,2025-12,News,Visa Processing,India,8,5,2,2,4
2025-12-29,2025-12,News,Visa Processing,China,7,6,1,2,4
2025-12-29,2025-12,News,Visa Processing,Vietnam,9,9,2,3,4
2025-12-29,2025-12,News,Visa Processing,Malaysia,4,3,1,1,2
2025-12-29,2025-12,News,Accommodation Cost,India,10,8,6,1,3
2025-12-29,2025-12,News,Accommodation Cost,China,6,5,4,1,1
2025-12-29,2025-12,News,Accommodation Cost,Vietnam,7,5,4,1,2
2025-12-29,2025-12,News,Accommodation Cost,Malaysia,4,3,2,1,1
2025-12-29,2025-12,News,Scholarships,India,6,4,4,1,1
2025-12-29,2025-12,News,Scholarships,China,4,3,3,0,1
2025-12-29,2025-12,News,Scholarships,Malaysia,4,3,3,0,1
2025-12-29,2025-12,News,Campus Safety,China,3,2,2,0,1
2025-12-29,2025-12,News,Campus Safety,Vietnam,5,6,3,1,1
2025-12-29,2025-12,News,Campus Safety,Malaysia,6,6,4,1,1
2025-12-29,2025-12,News,Course Quality,India,10,10,5,2,3
2025-12-29,2025-12,News,Course Quality,China,9,8,5,1,3
2025-12-29,2025-12,News,Course Quality,Vietnam,3,2,2,0,1
2025-12-29,2025-12,News,Course Quality,Malaysia,3,3,2,0,1
2025-12-29,2025-12,News,Career Outcomes,India,5,3,4,0,1
2025-12-29,2025-12,News,Career Outcomes,China,6,7,5,0,1
2025-12-29,2025-12,News,Career Outcomes,Vietnam,3,2,2,1,0
2025-12-29,2025-12,News,Part-Time Work Rights,India,3,3,2,0,1
2025-12-29,2025-12,News,Part-Time Work Rights,China,6,3,4,1,1
2025-12-29,2025-12,News,Part-Time Work Rights,Vietnam,2,2,1,1,0
2025-12-29,2025-12,News,Part-Time Work Rights,Malaysia,1,1,1,0,0
2025-12-29,2025-12,News,Campus Life,India,6,5,6,0,0
2025-12-29,2025-12,News,Campus Life,China,5,4,5,0,0
2025-12-29,2025-12,News,Campus Life,Malaysia,3,3,3,0,0
2025-12-29,2025-12,News,Application Process,China,1,1,1,0,0
2025-12-29,2025-12,News,Application Process,Vietnam,5,4,4,1,0
2025-12-29,2025-12,News,Application Process,Malaysia,3,3,3,0,0
2025-12-29,2025-12,News,Support Services,India,5,4,3,1,1
2025-12-29,2025-12,News,Support Services,China,3,2,2,0,1
2025-12-29,2025-12,News,Support Services,Vietnam,3,3,2,0,1
2025-12-29,2025-12,News,Support Services,Malaysia,1,1,1,0,0
2025-12-29,2025-12,Forums,Visa Processing,India,21,72,4,8,9
2025-12-29,2025-12,Forums,Visa Processing,Vietnam,13,70,3,2,8
2025-12-29,2025-12,Forums,Visa Processing,Malaysia,5,23,1,1,3
2025-12-29,2025-12,Forums,Accommodation Cost,India,16,62,10,1,5
2025-12-29,2025-12,Forums,Accommodation Cost,China,9,39,6,1,2
2025-12-29,2025-12,Forums,Accommodation Cost,Vietnam,13,52,8,2,3
2025-12-29,2025-12,Forums,Accommodation Cost,Malaysia,1,4,1,0,0
2025-12-29,2025-12,Forums,Scholarships,India,8,22,5,1,2
2025-12-29,2025-12,Forums,Scholarships,China,11,31,7,1,3
2025-12-29,2025-12,Forums,Scholarships,Vietnam,2,8,1,0,1
2025-12-29,2025-12,Forums,Scholarships,Malaysia,3,11,2,0,1
2025-12-29,2025-12,Forums,Campus Safety,India,1,4,1,0,0
2025-12-29,2025-12,Forums,Campus Safety,China,4,16,3,0,1
2025-12-29,2025-12,Forums,Campus Safety,Vietnam,5,15,3,1,1
2025-12-29,2025-12,Forums,Campus Safety,Malaysia,5,21,3,1,1
2025-12-29,2025-12,Forums,Course Quality,India,15,42,7,2,6
2025-12-29,2025-12,Forums,Course Quality,China,5,23,3,0,2
2025-12-29,2025-12,Forums,Course Quality,Malaysia,5,25,3,0,2
2025-12-29,2025-12,Forums,Career Outcomes,India,10,53,8,1,1
2025-12-29,2025-12,Forums,Career Outcomes,China,3,10,2,1,0
2025-12-29,2025-12,Forums,Career Outcomes,Vietnam,8,43,7,0,1
2025-12-29,2025-12,Forums,Career Outcomes,Malaysia,3,15,2,1,0
2025-12-29,2025-12,Forums,Part-Time Work Rights,India,8,23,5,1,2
2025-12-29,2025-12,Forums,Part-Time Work Rights,China,2,8,1,1,0
2025-12-29,2025-12,Forums,Part-Time Work Rights,Vietnam,4,11,2,1,1
2025-12-29,2025-12,Forums,Part-Time Work Rights,Malaysia,4,15,2,1,1
2025-12-29,2025-12,Forums,Campus Life,India,14,44,13,1,0
2025-12-29,2025-12,Forums,Campus Life,Vietnam,4,14,4,0,0
2025-12-29,2025-12,Forums,Campus Life,Malaysia,4,21,4,0,0
2025-12-29,2025-12,Forums,Application Process,China,7,39,6,0,1
2025-12-29,2025-12,Forums,Application Process,Vietnam,3,12,3,0,0
2025-12-29,2025-12,Forums,Support Services,India,3,10,2,0,1
2025-12-29,2025-12,Forums,Support Services,China,9,24,6,1,2
2025-12-29,2025-12,Forums,Support Services,Vietnam,4,16,3,0,1
2025-12-29,2025-12,Forums,Support Services,Malaysia,3,12,2,0,1
2026-01-05,2026-01,TikTok,Visa Processing,China,63,271,8,26,29
2026-01-05,2026-01,TikTok,Visa Processing,Vietnam,16,49,1,8,7
2026-01-05,2026-01,TikTok,Visa Processing,Malaysia,10,35,1,4,5
2026-01-05,2026-01,TikTok,Accommodation Cost,India,32,86,21,4,7
2026-01-05,2026-01,TikTok,Accommodation Cost,China,20,66,13,2,5
2026-01-05,2026-01,TikTok,Accommodation Cost,Vietnam,15,65,10,1,4
2026-01-05,2026-01,TikTok,Accommodation Cost,Malaysia,17,45,11,3,3
2026-01-05,2026-01,TikTok,Scholarships,India,37,106,24,5,8
2026-01-05,2026-01,TikTok,Scholarships,China,31,97,22,4,5
2026-01-05,2026-01,TikTok,Scholarships,Vietnam,24,86,17,2,5
2026-01-05,2026-01,TikTok,Scholarships,Malaysia,6,25,4,1,1
2026-01-05,2026-01,TikTok,Campus Safety,India,20,85,13,2,5
2026-01-05,2026-01,TikTok,Campus Safety,China,8,30,5,1,2
2026-01-05,2026-01,TikTok,Campus Safety,Vietnam,12,45,8,2,2
2026-01-05,2026-01,TikTok,Course Quality,India,12,31,5,2,5
2026-01-05,2026-01,TikTok,Course Quality,China,23,79,8,5,10
2026-01-05,2026-01,TikTok,Course Quality,Vietnam,17,61,6,5,6
2026-01-05,2026-01,TikTok,Course Quality,Malaysia,8,21,3,3,2
2026-01-05,2026-01,TikTok,Career Outcomes,India,25,108,24,0,1
2026-01-05,2026-01,TikTok,Career Outcomes,China,6,17,5,1,0
2026-01-05,2026-01,TikTok,Career Outcomes,Vietnam,14,57,13,1,0
2026-01-05,2026-01,TikTok,Career Outcomes,Malaysia,7,28,6,0,1
2026-01-05,2026-01,TikTok,Part-Time Work Rights,India,21,69,13,2,6
2026-01-05,2026-01,TikTok,Part-Time Work Rights,China,5,20,3,1,1
2026-01-05,2026-01,TikTok,Part-Time Work Rights,Vietnam,15,51,8,2,5
2026-01-05,2026-01,TikTok,Part-Time Work Rights,Malaysia,8,27,5,0,3
2026-01-05,2026-01,TikTok,Campus Life,India,3,11,3,0,0
2026-01-05,2026-01,TikTok,Campus Life,China,10,26,9,0,1
2026-01-05,2026-01,TikTok,Campus Life,Vietnam,9,23,8,1,0
2026-01-05,2026-01,TikTok,Campus Life,Malaysia,11,27,10,0,1
2026-01-05,2026-01,TikTok,Application Process,India,15,61,10,2,3
2026-01-05,2026-01,TikTok,Application Process,China,24,92,17,2,5
2026-01-05,2026-01,TikTok,Application Process,Vietnam,14,38,10,1,3
2026-01-05,2026-01,TikTok,Application Process,Malaysia,14,46,10,2,2
2026-01-05,2026-01,TikTok,Support Services,India,8,17,6,0,2
2026-01-05,2026-01,TikTok,Support Services,China,5,20,4,0,1
2026-01-05,2026-01,TikTok,Support Services,Vietnam,4,16,3,0,1
2026-01-05,2026-01,TikTok,Support Services,Malaysia,3,13,2,1,0
2026-01-05,2026-01,Reddit,Visa Processing,India,8,56,1,2,5
2026-01-05,2026-01,Reddit,Visa Processing,China,32,146,3,10,19
2026-01-05,2026-01,Reddit,Visa Processing,Vietnam,5,33,0,3,2
2026-01-05,2026-01,Reddit,Visa Processing,Malaysia,7,52,1,1,5
2026-01-05,2026-01,Reddit,Accommodation Cost,India,28,250,17,3,8
2026-01-05,2026-01,Reddit,Accommodation Cost,China,25,223,17,4,4
2026-01-05,2026-01,Reddit,Accommodation Cost,Vietnam,8,35,5,1,2
2026-01-05,2026-01,Reddit,Accommodation Cost,Malaysia,23,172,15,2,6
2026-01-05,2026-01,Reddit,Scholarships,India,8,64,6,0,2
2026-01-05,2026-01,Reddit,Scholarships,China,14,125,10,1,3
2026-01-05,2026-01,Reddit,Scholarships,Vietnam,8,62,6,1,1
2026-01-05,2026-01,Reddit,Scholarships,Malaysia,15,136,11,1,3
2026-01-05,2026-01,Reddit,Campus Safety,India,19,113,12,3,4
2026-01-05,2026-01,Reddit,Campus Safety,China,13,93,9,1,3
2026-01-05,2026-01,Reddit,Campus Safety,Vietnam,18,82,12,1,5
2026-01-05,2026-01,Reddit,Campus Safety,Malaysia,4,19,3,0,1
2026-01-05,2026-01,Reddit,Course Quality,India,25,209,10,5,10
2026-01-05,2026-01,Reddit,Course Quality,China,20,151,7,6,7
2026-01-05,2026-01,Reddit,Course Quality,Vietnam,12,73,4,2,6
2026-01-05,2026-01,Reddit,Course Quality,Malaysia,6,43,2,1,3
2026-01-05,2026-01,Reddit,Career Outcomes,India,7,61,6,1,0
2026-01-05,2026-01,Reddit,Career Outcomes,China,19,127,18,0,1
2026-01-05,2026-01,Reddit,Career Outcomes,Vietnam,14,78,13,0,1
2026-01-05,2026-01,Reddit,Career Outcomes,Malaysia,9,61,9,0,0
2026-01-05,2026-01,Reddit,Part-Time Work Rights,India,14,93,8,1,5
2026-01-05,2026-01,Reddit,Part-Time Work Rights,China,7,33,4,1,2
2026-01-05,2026-01,Reddit,Part-Time Work Rights,Vietnam,7,30,4,1,2
2026-01-05,2026-01,Reddit,Part-Time Work Rights,Malaysia,11,64,7,1,3
2026-01-05,2026-01,Reddit,Campus Life,India,10,89,9,0,1
2026-01-05,2026-01,Reddit,Campus Life,China,18,96,16,1,1
2026-01-05,2026-01,Reddit,Campus Life,Vietnam,8,51,7,0,1
2026-01-05,2026-01,Reddit,Campus Life,Malaysia,5,30,4,1,0
2026-01-05,2026-01,Reddit,Application Process,India,30,135,22,1,7
2026-01-05,2026-01,Reddit,Application Process,China,8,47,5,1,2
2026-01-05,2026-01,Reddit,Application Process,Vietnam,3,24,2,0,1
2026-01-05,2026-01,Reddit,Application Process,Malaysia,1,6,1,0,0
2026-01-05,2026-01,Reddit,Support Services,India,18,162,13,1,4
2026-01-05,2026-01,Reddit,Support Services,China,2,11,2,0,0
2026-01-05,2026-01,Reddit,Support Services,Vietnam,11,88,8,2,1
2026-01-05,2026-01,Reddit,Support Services,Malaysia,7,44,5,1,1
2026-01-05,2026-01,X (Twitter),Visa Processing,India,52,86,5,19,28
2026-01-05,2026-01,X (Twitter),Visa Processing,China,11,15,1,3,7
2026-01-05,2026-01,X (Twitter),Visa Processing,Vietnam,7,11,1,3,3
2026-01-05,2026-01,X (Twitter),Visa Processing,Malaysia,17,45,2,7,8
2026-01-05,2026-01,X (Twitter),Accommodation Cost,India,24,35,17,2,5
2026-01-05,2026-01,X (Twitter),Accommodation Cost,China,23,39,15,3,5
2026-01-05,2026-01,X (Twitter),Accommodation Cost,Vietnam,7,18,5,1,1
2026-01-05,2026-01,X (Twitter),Accommodation Cost,Malaysia,1,2,1,0,0
2026-01-05,2026-01,X (Twitter),Scholarships,India,26,69,17,3,6
2026-01-05,2026-01,X (Twitter),Scholarships,China,13,28,9,2,2
2026-01-05,2026-01,X (Twitter),Scholarships,Malaysia,16,35,11,2,3
2026-01-05,2026-01,X (Twitter),Campus Safety,China,10,22,6,2,2
2026-01-05,2026-01,X (Twitter),Campus Safety,Vietnam,15,22,10,2,3
2026-01-05,2026-01,X (Twitter),Campus Safety,Malaysia,5,7,3,1,1
2026-01-05,2026-01,X (Twitter),Course Quality,India,20,36,8,5,7
2026-01-05,2026-01,X (Twitter),Course Quality,China,13,30,5,4,4
2026-01-05,2026-01,X (Twitter),Course Quality,Vietnam,16,44,6,5,5
2026-01-05,2026-01,X (Twitter),Course Quality,Malaysia,5,8,2,1,2
2026-01-05,2026-01,X (Twitter),Career Outcomes,India,6,12,6,0,0
2026-01-05,2026-01,X (Twitter),Career Outcomes,China,15,38,14,1,0
2026-01-05,2026-01,X (Twitter),Career Outcomes,Vietnam,11,30,10,1,0
2026-01-05,2026-01,X (Twitter),Career Outcomes,Malaysia,9,20,8,0,1
2026-01-05,2026-01,X (Twitter),Part-Time Work Rights,India,19,34,11,3,5
2026-01-05,2026-01,X (Twitter),Part-Time Work Rights,China,5,15,3,1,1
2026-01-05,2026-01,X (Twitter),Part-Time Work Rights,Vietnam,10,27,6,2,2
2026-01-05,2026-01,X (Twitter),Part-Time Work Rights,Malaysia,8,22,4,2,2
2026-01-05,2026-01,X (Twitter),Campus Life,India,6,9,5,1,0
2026-01-05,2026-01,X (Twitter),Campus Life,China,8,17,7,0,1
2026-01-05,2026-01,X (Twitter),Campus Life,Vietnam,8,16,7,1,0
2026-01-05,2026-01,X (Twitter),Campus Life,Malaysia,5,7,5,0,0
2026-01-05,2026-01,X (Twitter),Application Process,India,11,22,8,1,2
2026-01-05,2026-01,X (Twitter),Application Process,Vietnam,8,14,6,0,2
2026-01-05,2026-01,X (Twitter),Application Process,Malaysia,10,28,7,2,1
2026-01-05,2026-01,X (Twitter),Support Services,India,18,27,13,1,4
2026-01-05,2026-01,X (Twitter),Support Services,China,9,20,6,1,2
2026-01-05,2026-01,X (Twitter),Support Services,Vietnam,9,16,6,2,1
2026-01-05,2026-01,X (Twitter),Support Services,Malaysia,5,11,4,0,1
2026-01-05,2026-01,News,Visa Processing,India,11,10,1,4,6
2026-01-05,2026-01,News,Visa Processing,Vietnam,11,11,1,3,7
2026-01-05,2026-01,News,Visa Processing,Malaysia,4,3,0,2,2
2026-01-05,2026-01,News,Accommodation Cost,India,4,3,3,0,1
2026-01-05,2026-01,News,Accommodation Cost,China,7,5,4,1,2
2026-01-05,2026-01,News,Accommodation Cost,Vietnam,2,2,1,1,0
2026-01-05,2026-01,News,Accommodation Cost,Malaysia,3,3,2,0,1
2026-01-05,2026-01,News,Scholarships,China,6,4,4,1,1
2026-01-05,2026-01,News,Scholarships,Vietnam,3,2,2,0,1
2026-01-05,2026-01,News,Scholarships,Malaysia,2,2,1,1,0
2026-01-05,2026-01,News,Campus Safety,India,9,7,6,1,2
2026-01-05,2026-01,News,Campus Safety,China,3,2,2,0,1
2026-01-05,2026-01,News,Campus Safety,Vietnam,3,3,2,0,1
2026-01-05,2026-01,News,Campus Safety,Malaysia,3,3,2,0,1
2026-01-05,2026-01,News,Course Quality,India,6,4,2,1,3
2026-01-05,2026-01,News,Course Quality,China,2,2,1,0,1
2026-01-05,2026-01,News,Course Quality,Vietnam,5,5,2,1,2
2026-01-05,2026-01,News,Course Quality,Malaysia,4,4,1,1,2
2026-01-05,2026-01,News,Career Outcomes,India,3,2,3,0,0
2026-01-05,2026-01,News,Career Outcomes,China,4,2,4,0,0
2026-01-05,2026-01,News,Career Outcomes,Vietnam,3,3,3,0,0
2026-01-05,2026-01,News,Career Outcomes,Malaysia,1,1,1,0,0
2026-01-05,2026-01,News,Part-Time Work Rights,India,4,3,2,1,1
2026-01-05,2026-01,News,Part-Time Work Rights,China,3,2,2,0,1
2026-01-05,2026-01,News,Part-Time Work Rights,Vietnam,4,4,2,1,1
2026-01-05,2026-01,News,Part-Time Work Rights,Malaysia,2,1,1,0,1
2026-01-05,2026-01,News,Campus Life,India,2,1,2,0,0
2026-01-05,2026-01,News,Campus Life,Vietnam,3,2,3,0,0
2026-01-05,2026-01,News,Campus Life,Malaysia,2,2,2,0,0
2026-01-05,2026-01,News,Application Process,China,3,2,2,1,0
2026-01-05,2026-01,News,Application Process,Vietnam,4,4,3,0,1
2026-01-05,2026-01,News,Application Process,Malaysia,2,2,1,1,0
2026-01-05,2026-01,News,Support Services,India,6,4,4,1,1
2026-01-05,2026-01,News,Support Services,China,2,2,1,1,0
2026-01-05,2026-01,News,Support Services,Vietnam,2,2,1,1,0
2026-01-05,2026-01,News,Support Services,Malaysia,2,1,1,1,0
2026-01-05,2026-01,Forums,Visa Processing,India,12,61,2,5,5
2026-01-05,2026-01,Forums,Visa Processing,China,5,22,1,1,3
2026-01-05,2026-01,Forums,Visa Processing,Vietnam,10,32,1,2,7
2026-01-05,2026-01,Forums,Visa Processing,Malaysia,9,45,1,2,6
2026-01-05,2026-01,Forums,Accommodation Cost,India,13,35,9,1,3
2026-01-05,2026-01,Forums,Accommodation Cost,China,7,33,4,1,2
2026-01-05,2026-01,Forums,Accommodation Cost,Vietnam,5,17,3,1,1
2026-01-05,2026-01,Forums,Accommodation Cost,Malaysia,1,5,1,0,0
2026-01-05,2026-01,Forums,Scholarships,India,6,27,4,1,1
2026-01-05,2026-01,Forums,Scholarships,Vietnam,1,3,1,0,0
2026-01-05,2026-01,Forums,Scholarships,Malaysia,10,43,7,1,2
2026-01-05,2026-01,Forums,Campus Safety,India,4,16,3,0,1
2026-01-05,2026-01,Forums,Campus Safety,China,2,9,1,1,0
2026-01-05,2026-01,Forums,Campus Safety,Vietnam,3,15,2,0,1
2026-01-05,2026-01,Forums,Campus Safety,Malaysia,2,10,1,1,0
2026-01-05,2026-01,Forums,Course Quality,India,7,31,3,1,3
2026-01-05,2026-01,Forums,Course Quality,China,3,12,1,1,1
2026-01-05,2026-01,Forums,Course Quality,Vietnam,9,47,3,3,3
2026-01-05,2026-01,Forums,Course Quality,Malaysia,2,6,1,0,1
2026-01-05,2026-01,Forums,Career Outcomes,India,13,35,12,0,1
2026-01-05,2026-01,Forums,Career Outcomes,China,5,27,5,0,0
2026-01-05,2026-01,Forums,Career Outcomes,Malaysia,3,16,3,0,0
2026-01-05,2026-01,Forums,Part-Time Work Rights,India,6,30,4,1,1
2026-01-05,2026-01,Forums,Part-Time Work Rights,Vietnam,3,11,2,0,1
2026-01-05,2026-01,Forums,Part-Time Work Rights,Malaysia,2,8,1,0,1
2026-01-05,2026-01,Forums,Campus Life,China,9,46,8,0,1
2026-01-05,2026-01,Forums,Campus Life,Vietnam,6,18,5,0,1
2026-01-05,2026-01,Forums,Campus Life,Malaysia,3,14,3,0,0
2026-01-05,2026-01,Forums,Application Process,India,14,40,10,2,2
2026-01-05,2026-01,Forums,Application Process,China,1,3,1,0,0
2026-01-05,2026-01,Forums,Application Process,Vietnam,6,28,4,1,1
2026-01-05,2026-01,Forums,Application Process,Malaysia,6,24,4,1,1
2026-01-05,2026-01,Forums,Support Services,India,8,42,6,0,2
2026-01-05,2026-01,Forums,Support Services,Vietnam,5,27,3,1,1
2026-01-05,2026-01,Forums,Support Services,Malaysia,4,12,3,0,1
2026-01-12,2026-01,TikTok,Visa Processing,India,41,104,4,10,27
2026-01-12,2026-01,TikTok,Visa Processing,China,49,124,3,17,29
2026-01-12,2026-01,TikTok,Visa Processing,Vietnam,29,101,3,10,16
2026-01-12,2026-01,TikTok,Visa Processing,Malaysia,16,58,1,7,8
2026-01-12,2026-01,TikTok,Accommodation Cost,China,20,60,17,1,2
2026-01-12,2026-01,TikTok,Accommodation Cost,Vietnam,12,44,9,1,2
2026-01-12,2026-01,TikTok,Accommodation Cost,Malaysia,12,26,10,1,1
2026-01-12,2026-01,TikTok,Scholarships,India,29,125,20,4,5
2026-01-12,2026-01,TikTok,Scholarships,China,25,89,15,5,5
2026-01-12,2026-01,TikTok,Scholarships,Vietnam,26,107,17,3,6
2026-01-12,2026-01,TikTok,Scholarships,Malaysia,10,39,6,2,2
2026-01-12,2026-01,TikTok,Campus Safety,India,11,28,7,2,2
2026-01-12,2026-01,TikTok,Campus Safety,China,7,27,4,1,2
2026-01-12,2026-01,TikTok,Campus Safety,Vietnam,5,17,3,1,1
2026-01-12,2026-01,TikTok,Campus Safety,Malaysia,7,15,4,1,2
2026-01-12,2026-01,TikTok,Course Quality,India,31,86,11,8,12
2026-01-12,2026-01,TikTok,Course Quality,Malaysia,9,22,3,2,4
2026-01-12,2026-01,TikTok,Career Outcomes,India,22,58,17,2,3
2026-01-12,2026-01,TikTok,Career Outcomes,China,18,53,14,2,2
2026-01-12,2026-01,TikTok,Career Outcomes,Malaysia,9,28,7,1,1
2026-01-12,2026-01,TikTok,Part-Time Work Rights,India,25,79,16,2,7
2026-01-12,2026-01,TikTok,Part-Time Work Rights,China,13,53,8,1,4
2026-01-12,2026-01,TikTok,Part-Time Work Rights,Vietnam,12,28,8,2,2
2026-01-12,2026-01,TikTok,Part-Time Work Rights,Malaysia,10,35,6,2,2
2026-01-12,2026-01,TikTok,Campus Life,India,15,67,14,0,1
2026-01-12,2026-01,TikTok,Campus Life,China,17,45,15,1,1
2026-01-12,2026-01,TikTok,Campus Life,Vietnam,3,12,3,0,0
2026-01-12,2026-01,TikTok,Campus Life,Malaysia,13,31,12,1,0
2026-01-12,2026-01,TikTok,Application Process,India,10,30,6,1,3
2026-01-12,2026-01,TikTok,Application Process,China,12,39,7,2,3
2026-01-12,2026-01,TikTok,Application Process,Vietnam,17,68,11,1,5
2026-01-12,2026-01,TikTok,Application Process,Malaysia,7,17,4,1,2
2026-01-12,2026-01,TikTok,Support Services,India,22,75,12,5,5
2026-01-12,2026-01,TikTok,Support Services,China,3,9,2,0,1
2026-01-12,2026-01,TikTok,Support Services,Vietnam,15,63,9,1,5
2026-01-12,2026-01,TikTok,Support Services,Malaysia,6,13,4,0,2
2026-01-12,2026-01,Reddit,Visa Processing,India,35,205,3,16,16
2026-01-12,2026-01,Reddit,Visa Processing,China,22,143,2,5,15
2026-01-12,2026-01,Reddit,Visa Processing,Vietnam,25,217,3,5,17
2026-01-12,2026-01,Reddit,Visa Processing,Malaysia,20,112,2,7,11
2026-01-12,2026-01,Reddit,Accommodation Cost,India,33,237,28,1,4
2026-01-12,2026-01,Reddit,Accommodation Cost,China,19,136,16,1,2
2026-01-12,2026-01,Reddit,Accommodation Cost,Vietnam,14,72,12,1,1
2026-01-12,2026-01,Reddit,Accommodation Cost,Malaysia,12,92,10,1,1
2026-01-12,2026-01,Reddit,Scholarships,India,4,23,3,0,1
2026-01-12,2026-01,Reddit,Scholarships,China,12,66,8,2,2
2026-01-12,2026-01,Reddit,Scholarships,Vietnam,14,96,10,1,3
2026-01-12,2026-01,Reddit,Scholarships,Malaysia,13,92,9,1,3
2026-01-12,2026-01,Reddit,Campus Safety,India,15,97,9,2,4
2026-01-12,2026-01,Reddit,Campus Safety,China,4,36,2,1,1
2026-01-12,2026-01,Reddit,Campus Safety,Vietnam,6,25,4,1,1
2026-01-12,2026-01,Reddit,Campus Safety,Malaysia,8,66,5,1,2
2026-01-12,2026-01,Reddit,Course Quality,India,11,87,3,3,5
2026-01-12,2026-01,Reddit,Course Quality,China,17,115,6,5,6
2026-01-12,2026-01,Reddit,Course Quality,Vietnam,8,55,2,3,3
2026-01-12,2026-01,Reddit,Course Quality,Malaysia,14,75,5,2,7
2026-01-12,2026-01,Reddit,Career Outcomes,India,23,155,18,1,4
2026-01-12,2026-01,Reddit,Career Outcomes,China,8,50,7,0,1
2026-01-12,2026-01,Reddit,Career Outcomes,Vietnam,2,15,2,0,0
2026-01-12,2026-01,Reddit,Career Outcomes,Malaysia,3,26,2,1,0
2026-01-12,2026-01,Reddit,Part-Time Work Rights,India,20,149,13,2,5
2026-01-12,2026-01,Reddit,Part-Time Work Rights,China,2,14,1,1,0
2026-01-12,2026-01,Reddit,Part-Time Work Rights,Vietnam,9,62,6,1,2
2026-01-12,2026-01,Reddit,Part-Time Work Rights,Malaysia,6,38,4,1,1
2026-01-12,2026-01,Reddit,Campus Life,India,10,76,9,0,1
2026-01-12,2026-01,Reddit,Campus Life,China,12,100,11,1,0
2026-01-12,2026-01,Reddit,Application Process,India,9,81,5,2,2
2026-01-12,2026-01,Reddit,Application Process,China,23,143,13,3,7
2026-01-12,2026-01,Reddit,Application Process,Vietnam,7,50,4,1,2
2026-01-12,2026-01,Reddit,Support Services,India,13,77,8,2,3
2026-01-12,2026-01,Reddit,Support Services,China,6,43,4,0,2
2026-01-12,2026-01,Reddit,Support Services,Vietnam,7,50,4,0,3
2026-01-12,2026-01,Reddit,Support Services,Malaysia,4,20,2,1,1
2026-01-12,2026-01,X (Twitter),Visa Processing,India,17,40,1,6,10
2026-01-12,2026-01,X (Twitter),Visa Processing,China,12,29,1,5,6
2026-01-12,2026-01,X (Twitter),Visa Processing,Vietnam,3,6,0,2,1
2026-01-12,2026-01,X (Twitter),Visa Processing,Malaysia,8,19,1,3,4
2026-01-12,2026-01,X (Twitter),Accommodation Cost,India,23,67,19,2,2
2026-01-12,2026-01,X (Twitter),Accommodation Cost,China,17,50,14,1,2
2026-01-12,2026-01,X (Twitter),Accommodation Cost,Vietnam,12,22,10,1,1
2026-01-12,2026-01,X (Twitter),Accommodation Cost,Malaysia,9,25,7,1,1
2026-01-12,2026-01,X (Twitter),Scholarships,India,23,50,14,3,6
2026-01-12,2026-01,X (Twitter),Scholarships,Vietnam,14,24,10,1,3
2026-01-12,2026-01,X (Twitter),Scholarships,Malaysia,7,19,5,1,1
2026-01-12,2026-01,X (Twitter),Campus Safety,India,9,17,5,2,2
2026-01-12,2026-01,X (Twitter),Campus Safety,China,20,56,11,4,5
2026-01-12,2026-01,X (Twitter),Campus Safety,Malaysia,9,17,5,1,3
2026-01-12,2026-01,X (Twitter),Course Quality,India,16,37,5,5,6
2026-01-12,2026-01,X (Twitter),Course Quality,China,8,16,3,2,3
2026-01-12,2026-01,X (Twitter),Course Quality,Vietnam,8,23,3,1,4
2026-01-12,2026-01,X (Twitter),Course Quality,Malaysia,8,18,2,2,4
2026-01-12,2026-01,X (Twitter),Career Outcomes,China,13,37,11,1,1
2026-01-12,2026-01,X (Twitter),Career Outcomes,Vietnam,11,23,9,1,1
2026-01-12,2026-01,X (Twitter),Career Outcomes,Malaysia,9,18,7,1,1
2026-01-12,2026-01,X (Twitter),Part-Time Work Rights,India,19,30,12,3,4
2026-01-12,2026-01,X (Twitter),Part-Time Work Rights,Vietnam,14,40,8,3,3
2026-01-12,2026-01,X (Twitter),Part-Time Work Rights,Malaysia,9,24,5,2,2
2026-01-12,2026-01,X (Twitter),Campus Life,India,10,16,9,0,1
2026-01-12,2026-01,X (Twitter),Campus Life,China,5,8,5,0,0
2026-01-12,2026-01,X (Twitter),Campus Life,Vietnam,7,17,7,0,0
2026-01-12,2026-01,X (Twitter),Campus Life,Malaysia,12,20,11,0,1
2026-01-12,2026-01,X (Twitter),Application Process,India,21,51,13,3,5
2026-01-12,2026-01,X (Twitter),Application Process,Vietnam,5,14,3,1,1
2026-01-12,2026-01,X (Twitter),Application Process,Malaysia,11,27,6,2,3
2026-01-12,2026-01,X (Twitter),Support Services,India,17,25,9,2,6
2026-01-12,2026-01,X (Twitter),Support Services,China,10,25,5,2,3
2026-01-12,2026-01,X (Twitter),Support Services,Malaysia,2,5,1,0,1
2026-01-12,2026-01,News,Visa Processing,India,5,4,1,1,3
2026-01-12,2026-01,News,Visa Processing,China,4,3,0,2,2
2026-01-12,2026-01,News,Visa Processing,Malaysia,6,5,1,2,3
2026-01-12,2026-01,News,Accommodation Cost,China,9,6,8,0,1
2026-01-12,2026-01,News,Accommodation Cost,Malaysia,3,2,2,1,0
2026-01-12,2026-01,News,Scholarships,India,10,7,7,1,2
2026-01-12,2026-01,News,Scholarships,China,3,2,2,0,1
2026-01-12,2026-01,News,Campus Safety,India,6,5,4,0,2
2026-01-12,2026-01,News,Campus Safety,China,3,3,2,0,1
2026-01-12,2026-01,News,Campus Safety,Vietnam,5,4,3,1,1
2026-01-12,2026-01,News,Course Quality,China,3,2,1,1,1
2026-01-12,2026-01,News,Course Quality,Vietnam,2,2,1,0,1
2026-01-12,2026-01,News,Career Outcomes,India,9,5,7,1,1
2026-01-12,2026-01,News,Career Outcomes,China,5,5,4,0,1
2026-01-12,2026-01,News,Career Outcomes,Vietnam,3,2,2,1,0
2026-01-12,2026-01,News,Career Outcomes,Malaysia,3,2,2,1,0
2026-01-12,2026-01,News,Part-Time Work Rights,India,4,4,3,0,1
2026-01-12,2026-01,News,Part-Time Work Rights,China,1,1,1,0,0
2026-01-12,2026-01,News,Part-Time Work Rights,Vietnam,4,4,2,1,1
2026-01-12,2026-01,News,Part-Time Work Rights,Malaysia,3,2,2,0,1
2026-01-12,2026-01,News,Campus Life,India,2,2,2,0,0
2026-01-12,2026-01,News,Campus Life,China,2,1,2,0,0
2026-01-12,2026-01,News,Campus Life,Malaysia,2,1,2,0,0
2026-01-12,2026-01,News,Application Process,India,11,7,7,1,3
2026-01-12,2026-01,News,Application Process,China,5,3,3,0,2
2026-01-12,2026-01,News,Application Process,Vietnam,3,2,2,0,1
2026-01-12,2026-01,News,Application Process,Malaysia,3,2,2,0,1
2026-01-12,2026-01,News,Support Services,India,5,3,3,0,2
2026-01-12,2026-01,News,Support Services,China,4,4,2,1,1
2026-01-12,2026-01,News,Support Services,Vietnam,1,1,1,0,0
2026-01-12,2026-01,Forums,Visa Processing,India,17,68,1,6,10
2026-01-12,2026-01,Forums,Visa Processing,China,11,61,1,4,6
2026-01-12,2026-01,Forums,Visa Processing,Vietnam,8,32,0,3,5
2026-01-12,2026-01,Forums,Visa Processing,Malaysia,16,80,2,4,10
2026-01-12,2026-01,Forums,Accommodation Cost,India,17,72,14,2,1
2026-01-12,2026-01,Forums,Accommodation Cost,China,12,41,10,0,2
2026-01-12,2026-01,Forums,Accommodation Cost,Malaysia,6,24,5,0,1
2026-01-12,2026-01,Forums,Scholarships,India,13,53,9,1,3
2026-01-12,2026-01,Forums,Scholarships,China,7,32,5,0,2
2026-01-12,2026-01,Forums,Scholarships,Malaysia,4,12,3,0,1
2026-01-12,2026-01,Forums,Campus Safety,India,9,49,5,1,3
2026-01-12,2026-01,Forums,Campus Safety,China,4,16,2,1,1
2026-01-12,2026-01,Forums,Campus Safety,Malaysia,4,17,2,1,1
2026-01-12,2026-01,Forums,Course Quality,India,11,32,4,2,5
2026-01-12,2026-01,Forums,Course Quality,China,10,37,3,3,4
2026-01-12,2026-01,Forums,Course Quality,Vietnam,10,30,3,3,4
2026-01-12,2026-01,Forums,Career Outcomes,India,7,29,6,0,1
2026-01-12,2026-01,Forums,Career Outcomes,China,5,21,4,0,1
2026-01-12,2026-01,Forums,Career Outcomes,Vietnam,2,11,2,0,0
2026-01-12,2026-01,Forums,Career Outcomes,Malaysia,5,21,4,0,1
2026-01-12,2026-01,Forums,Part-Time Work Rights,India,1,4,1,0,0
2026-01-12,2026-01,Forums,Part-Time Work Rights,China,6,19,4,1,1
2026-01-12,2026-01,Forums,Part-Time Work Rights,Vietnam,6,27,4,1,1
2026-01-12,2026-01,Forums,Part-Time Work Rights,Malaysia,5,17,3,1,1
2026-01-12,2026-01,Forums,Campus Life,China,12,67,11,0,1
2026-01-12,2026-01,Forums,Campus Life,Vietnam,4,19,4,0,0
2026-01-12,2026-01,Forums,Campus Life,Malaysia,6,22,6,0,0
2026-01-12,2026-01,Forums,Application Process,China,3,11,2,0,1
2026-01-12,2026-01,Forums,Application Process,Vietnam,9,44,5,1,3
2026-01-12,2026-01,Forums,Application Process,Malaysia,8,36,5,1,2
2026-01-12,2026-01,Forums,Support Services,India,3,8,2,0,1
2026-01-12,2026-01,Forums,Support Services,China,5,13,3,0,2
2026-01-12,2026-01,Forums,Support Services,Malaysia,5,26,3,1,1
2026-01-19,2026-01,TikTok,Visa Processing,India,18,47,6,4,8
2026-01-19,2026-01,TikTok,Visa Processing,China,38,165,11,7,20
2026-01-19,2026-01,TikTok,Visa Processing,Vietnam,27,92,7,9,11
2026-01-19,2026-01,TikTok,Visa Processing,Malaysia,23,94,7,6,10
2026-01-19,2026-01,TikTok,Accommodation Cost,India,24,76,17,1,6
2026-01-19,2026-01,TikTok,Accommodation Cost,Vietnam,27,66,20,3,4
2026-01-19,2026-01,TikTok,Accommodation Cost,Malaysia,6,21,4,1,1
2026-01-19,2026-01,TikTok,Scholarships,India,34,77,23,4,7
2026-01-19,2026-01,TikTok,Scholarships,China,14,48,9,2,3
2026-01-19,2026-01,TikTok,Scholarships,Vietnam,22,96,14,2,6
2026-01-19,2026-01,TikTok,Scholarships,Malaysia,7,22,5,1,1
2026-01-19,2026-01,TikTok,Campus Safety,India,24,74,13,5,6
2026-01-19,2026-01,TikTok,Campus Safety,China,16,68,9,2,5
2026-01-19,2026-01,TikTok,Campus Safety,Vietnam,10,25,6,1,3
2026-01-19,2026-01,TikTok,Campus Safety,Malaysia,8,35,4,2,2
2026-01-19,2026-01,TikTok,Course Quality,India,37,125,14,11,12
2026-01-19,2026-01,TikTok,Course Quality,China,2,7,1,0,1
2026-01-19,2026-01,TikTok,Course Quality,Vietnam,13,30,5,2,6
2026-01-19,2026-01,TikTok,Course Quality,Malaysia,10,24,4,3,3
2026-01-19,2026-01,TikTok,Career Outcomes,India,26,74,23,1,2
2026-01-19,2026-01,TikTok,Career Outcomes,China,5,13,4,1,0
2026-01-19,2026-01,TikTok,Career Outcomes,Vietnam,18,52,16,1,1
2026-01-19,2026-01,TikTok,Part-Time Work Rights,India,28,117,18,3,7
2026-01-19,2026-01,TikTok,Part-Time Work Rights,China,19,51,12,2,5
2026-01-19,2026-01,TikTok,Part-Time Work Rights,Vietnam,12,30,7,2,3
2026-01-19,2026-01,TikTok,Part-Time Work Rights,Malaysia,9,28,5,1,3
2026-01-19,2026-01,TikTok,Campus Life,India,26,98,24,1,1
2026-01-19,2026-01,TikTok,Campus Life,China,24,106,23,0,1
2026-01-19,2026-01,TikTok,Campus Life,Vietnam,18,72,16,1,1
2026-01-19,2026-01,TikTok,Campus Life,Malaysia,6,18,5,1,0
2026-01-19,2026-01,TikTok,Application Process,India,11,27,5,2,4
2026-01-19,2026-01,TikTok,Application Process,China,21,85,9,5,7
2026-01-19,2026-01,TikTok,Application Process,Vietnam,5,12,2,1,2
2026-01-19,2026-01,TikTok,Application Process,Malaysia,7,16,3,1,3
2026-01-19,2026-01,TikTok,Support Services,India,3,12,2,1,0
2026-01-19,2026-01,TikTok,Support Services,China,18,66,15,2,1
2026-01-19,2026-01,TikTok,Support Services,Vietnam,12,52,10,1,1
2026-01-19,2026-01,TikTok,Support Services,Malaysia,6,13,5,0,1
2026-01-19,2026-01,Reddit,Visa Processing,India,28,171,8,7,13
2026-01-19,2026-01,Reddit,Visa Processing,China,43,320,14,13,16
2026-01-19,2026-01,Reddit,Visa Processing,Vietnam,29,209,8,9,12
2026-01-19,2026-01,Reddit,Visa Processing,Malaysia,23,199,7,3,13
2026-01-19,2026-01,Reddit,Accommodation Cost,India,35,257,26,4,5
2026-01-19,2026-01,Reddit,Accommodation Cost,China,13,101,9,1,3
2026-01-19,2026-01,Reddit,Accommodation Cost,Vietnam,16,107,12,1,3
2026-01-19,2026-01,Reddit,Accommodation Cost,Malaysia,11,53,8,1,2
2026-01-19,2026-01,Reddit,Scholarships,India,15,134,10,2,3
2026-01-19,2026-01,Reddit,Scholarships,China,31,190,20,4,7
2026-01-19,2026-01,Reddit,Scholarships,Vietnam,18,104,12,2,4
2026-01-19,2026-01,Reddit,Scholarships,Malaysia,15,101,9,2,4
2026-01-19,2026-01,Reddit,Campus Safety,India,28,184,16,5,7
2026-01-19,2026-01,Reddit,Campus Safety,China,22,157,12,3,7
2026-01-19,2026-01,Reddit,Campus Safety,Vietnam,5,32,3,1,1
2026-01-19,2026-01,Reddit,Campus Safety,Malaysia,6,37,4,0,2
2026-01-19,2026-01,Reddit,Course Quality,India,14,120,6,2,6
2026-01-19,2026-01,Reddit,Course Quality,China,7,52,3,1,3
2026-01-19,2026-01,Reddit,Course Quality,Vietnam,4,22,2,0,2
2026-01-19,2026-01,Reddit,Course Quality,Malaysia,10,68,4,2,4
2026-01-19,2026-01,Reddit,Career Outcomes,India,18,149,16,1,1
2026-01-19,2026-01,Reddit,Career Outcomes,China,4,30,4,0,0
2026-01-19,2026-01,Reddit,Career Outcomes,Vietnam,15,135,13,1,1
2026-01-19,2026-01,Reddit,Career Outcomes,Malaysia,3,24,3,0,0
2026-01-19,2026-01,Reddit,Part-Time Work Rights,India,5,30,3,1,1
2026-01-19,2026-01,Reddit,Part-Time Work Rights,China,15,91,9,3,3
2026-01-19,2026-01,Reddit,Part-Time Work Rights,Vietnam,3,18,2,0,1
2026-01-19,2026-01,Reddit,Part-Time Work Rights,Malaysia,8,73,5,1,2
2026-01-19,2026-01,Reddit,Campus Life,India,7,45,7,0,0
2026-01-19,2026-01,Reddit,Campus Life,China,9,79,9,0,0
2026-01-19,2026-01,Reddit,Campus Life,Vietnam,8,68,8,0,0
2026-01-19,2026-01,Reddit,Campus Life,Malaysia,5,28,5,0,0
2026-01-19,2026-01,Reddit,Application Process,India,23,115,10,4,9
2026-01-19,2026-01,Reddit,Application Process,China,11,85,5,3,3
2026-01-19,2026-01,Reddit,Application Process,Vietnam,14,120,6,2,6
2026-01-19,2026-01,Reddit,Application Process,Malaysia,9,54,4,2,3
2026-01-19,2026-01,Reddit,Support Services,India,14,67,12,0,2
2026-01-19,2026-01,Reddit,Support Services,China,7,31,6,1,0
2026-01-19,2026-01,X (Twitter),Visa Processing,India,27,42,8,8,11
2026-01-19,2026-01,X (Twitter),Visa Processing,China,28,50,9,9,10
2026-01-19,2026-01,X (Twitter),Visa Processing,Vietnam,21,31,6,6,9
2026-01-19,2026-01,X (Twitter),Visa Processing,Malaysia,17,32,5,5,7
2026-01-19,2026-01,X (Twitter),Accommodation Cost,India,34,69,25,3,6
2026-01-19,2026-01,X (Twitter),Accommodation Cost,China,12,32,9,1,2
2026-01-19,2026-01,X (Twitter),Accommodation Cost,Vietnam,17,28,12,1,4
2026-01-19,2026-01,X (Twitter),Accommodation Cost,Malaysia,12,28,8,1,3
2026-01-19,2026-01,X (Twitter),Scholarships,Vietnam,8,14,5,1,2
2026-01-19,2026-01,X (Twitter),Scholarships,Malaysia,11,20,7,2,2
2026-01-19,2026-01,X (Twitter),Campus Safety,India,11,31,6,2,3
2026-01-19,2026-01,X (Twitter),Campus Safety,China,9,26,5,1,3
2026-01-19,2026-01,X (Twitter),Campus Safety,Malaysia,6,17,3,2,1
2026-01-19,2026-01,X (Twitter),Course Quality,India,20,52,8,3,9
2026-01-19,2026-01,X (Twitter),Course Quality,China,16,45,6,3,7
2026-01-19,2026-01,X (Twitter),Course Quality,Vietnam,12,29,4,3,5
2026-01-19,2026-01,X (Twitter),Course Quality,Malaysia,11,20,4,3,4
2026-01-19,2026-01,X (Twitter),Career Outcomes,India,22,33,18,2,2
2026-01-19,2026-01,X (Twitter),Career Outcomes,China,20,41,18,1,1
2026-01-19,2026-01,X (Twitter),Career Outcomes,Vietnam,11,22,9,1,1
2026-01-19,2026-01,X (Twitter),Career Outcomes,Malaysia,5,12,4,0,1
2026-01-19,2026-01,X (Twitter),Part-Time Work Rights,India,10,19,6,2,2
2026-01-19,2026-01,X (Twitter),Part-Time Work Rights,China,8,17,5,1,2
2026-01-19,2026-01,X (Twitter),Part-Time Work Rights,Vietnam,6,17,4,1,1
2026-01-19,2026-01,X (Twitter),Campus Life,India,18,27,17,0,1
2026-01-19,2026-01,X (Twitter),Campus Life,Vietnam,2,3,2,0,0
2026-01-19,2026-01,X (Twitter),Campus Life,Malaysia,6,9,5,1,0
2026-01-19,2026-01,X (Twitter),Application Process,India,19,52,9,4,6
2026-01-19,2026-01,X (Twitter),Application Process,China,12,18,5,3,4
2026-01-19,2026-01,X (Twitter),Application Process,Vietnam,10,24,4,2,4
2026-01-19,2026-01,X (Twitter),Support Services,India,13,25,11,1,1
2026-01-19,2026-01,X (Twitter),Support Services,China,6,11,5,0,1
2026-01-19,2026-01,X (Twitter),Support Services,Vietnam,9,23,8,0,1
2026-01-19,2026-01,X (Twitter),Support Services,Malaysia,3,5,3,0,0
2026-01-19,2026-01,News,Visa Processing,India,15,8,4,5,6
2026-01-19,2026-01,News,Visa Processing,Vietnam,4,2,1,1,2
2026-01-19,2026-01,News,Visa Processing,Malaysia,4,2,1,2,1
2026-01-19,2026-01,News,Accommodation Cost,India,9,8,7,0,2
2026-01-19,2026-01,News,Accommodation Cost,China,3,2,2,0,1
2026-01-19,2026-01,News,Accommodation Cost,Malaysia,5,5,4,0,1
2026-01-19,2026-01,News,Scholarships,Vietnam,4,2,3,0,1
2026-01-19,2026-01,News,Scholarships,Malaysia,2,2,1,1,0
2026-01-19,2026-01,News,Campus Safety,India,11,11,6,2,3
2026-01-19,2026-01,News,Campus Safety,China,6,7,3,2,1
2026-01-19,2026-01,News,Campus Safety,Vietnam,2,1,1,0,1
2026-01-19,2026-01,News,Campus Safety,Malaysia,4,4,2,1,1
2026-01-19,2026-01,News,Course Quality,China,3,3,1,1,1
2026-01-19,2026-01,News,Course Quality,Vietnam,1,1,0,1,0
2026-01-19,2026-01,News,Career Outcomes,India,5,4,4,0,1
2026-01-19,2026-01,News,Career Outcomes,China,1,1,1,0,0
2026-01-19,2026-01,News,Career Outcomes,Vietnam,2,1,2,0,0
2026-01-19,2026-01,News,Career Outcomes,Malaysia,2,1,2,0,0
2026-01-19,2026-01,News,Part-Time Work Rights,India,4,4,2,1,1
2026-01-19,2026-01,News,Part-Time Work Rights,China,6,4,3,2,1
2026-01-19,2026-01,News,Part-Time Work Rights,Vietnam,3,3,2,0,1
2026-01-19,2026-01,News,Campus Life,India,8,6,7,0,1
2026-01-19,2026-01,News,Campus Life,China,7,5,6,1,0
2026-01-19,2026-01,News,Campus Life,Vietnam,3,2,3,0,0
2026-01-19,2026-01,News,Application Process,India,5,4,2,1,2
2026-01-19,2026-01,News,Application Process,China,7,5,3,2,2
2026-01-19,2026-01,News,Application Process,Vietnam,4,2,2,1,1
2026-01-19,2026-01,News,Application Process,Malaysia,2,1,1,0,1
2026-01-19,2026-01,News,Support Services,India,2,2,2,0,0
2026-01-19,2026-01,News,Support Services,China,2,2,2,0,0
2026-01-19,2026-01,News,Support Services,Vietnam,3,2,2,1,0
2026-01-19,2026-01,News,Support Services,Malaysia,2,2,2,0,0
2026-01-19,2026-01,Forums,Visa Processing,India,22,112,6,5,11
2026-01-19,2026-01,Forums,Visa Processing,China,17,63,5,3,9
2026-01-19,2026-01,Forums,Visa Processing,Vietnam,7,34,2,1,4
2026-01-19,2026-01,Forums,Visa Processing,Malaysia,9,43,3,1,5
2026-01-19,2026-01,Forums,Accommodation Cost,India,15,60,11,2,2
2026-01-19,2026-01,Forums,Accommodation Cost,China,4,18,3,0,1
2026-01-19,2026-01,Forums,Accommodation Cost,Vietnam,8,35,6,0,2
2026-01-19,2026-01,Forums,Scholarships,China,10,48,6,2,2
2026-01-19,2026-01,Forums,Scholarships,Vietnam,11,59,7,2,2
2026-01-19,2026-01,Forums,Scholarships,Malaysia,7,30,5,0,2
2026-01-19,2026-01,Forums,Campus Safety,India,7,37,4,1,2
2026-01-19,2026-01,Forums,Campus Safety,China,6,30,3,1,2
2026-01-19,2026-01,Forums,Campus Safety,Vietnam,3,13,2,0,1
2026-01-19,2026-01,Forums,Campus Safety,Malaysia,5,17,3,0,2
2026-01-19,2026-01,Forums,Course Quality,India,7,22,3,1,3
2026-01-19,2026-01,Forums,Course Quality,China,6,34,2,1,3
2026-01-19,2026-01,Forums,Course Quality,Vietnam,5,22,2,1,2
2026-01-19,2026-01,Forums,Career Outcomes,India,6,20,5,0,1
2026-01-19,2026-01,Forums,Career Outcomes,China,7,29,6,1,0
2026-01-19,2026-01,Forums,Career Outcomes,Vietnam,5,23,4,0,1
2026-01-19,2026-01,Forums,Career Outcomes,Malaysia,3,8,3,0,0
2026-01-19,2026-01,Forums,Part-Time Work Rights,India,9,31,6,1,2
2026-01-19,2026-01,Forums,Part-Time Work Rights,China,6,27,4,1,1
2026-01-19,2026-01,Forums,Part-Time Work Rights,Vietnam,4,22,2,1,1
2026-01-19,2026-01,Forums,Part-Time Work Rights,Malaysia,2,7,1,0,1
2026-01-19,2026-01,Forums,Campus Life,India,14,39,13,0,1
2026-01-19,2026-01,Forums,Campus Life,China,5,14,4,1,0
2026-01-19,2026-01,Forums,Campus Life,Vietnam,2,9,2,0,0
2026-01-19,2026-01,Forums,Campus Life,Malaysia,4,20,4,0,0
2026-01-19,2026-01,Forums,Application Process,India,17,49,7,4,6
2026-01-19,2026-01,Forums,Application Process,China,11,36,5,2,4
2026-01-19,2026-01,Forums,Application Process,Vietnam,7,30,3,1,3
2026-01-19,2026-01,Forums,Support Services,India,8,30,7,0,1
2026-01-19,2026-01,Forums,Support Services,China,7,38,6,1,0
2026-01-19,2026-01,Forums,Support Services,Vietnam,6,18,5,1,0
2026-01-19,2026-01,Forums,Support Services,Malaysia,4,15,3,1,0
2026-01-26,2026-01,TikTok,Visa Processing,China,11,30,3,3,5
2026-01-26,2026-01,TikTok,Visa Processing,Vietnam,16,38,4,3,9
2026-01-26,2026-01,TikTok,Visa Processing,Malaysia,21,55,5,7,9
2026-01-26,2026-01,TikTok,Accommodation Cost,India,29,93,20,4,5
2026-01-26,2026-01,TikTok,Accommodation Cost,China,34,141,22,5,7
2026-01-26,2026-01,TikTok,Accommodation Cost,Vietnam,20,52,14,3,3
2026-01-26,2026-01,TikTok,Accommodation Cost,Malaysia,16,34,10,2,4
2026-01-26,2026-01,TikTok,Scholarships,India,22,60,14,3,5
2026-01-26,2026-01,TikTok,Scholarships,China,25,90,17,2,6
2026-01-26,2026-01,TikTok,Scholarships,Vietnam,17,52,12,2,3
2026-01-26,2026-01,TikTok,Scholarships,Malaysia,20,66,13,3,4
2026-01-26,2026-01,TikTok,Campus Safety,India,20,74,7,4,9
2026-01-26,2026-01,TikTok,Campus Safety,Vietnam,6,14,2,2,2
2026-01-26,2026-01,TikTok,Campus Safety,Malaysia,10,23,3,3,4
2026-01-26,2026-01,TikTok,Course Quality,India,15,64,5,5,5
2026-01-26,2026-01,TikTok,Course Quality,China,19,58,8,4,7
2026-01-26,2026-01,TikTok,Course Quality,Vietnam,27,116,10,4,13
2026-01-26,2026-01,TikTok,Course Quality,Malaysia,23,92,10,5,8
2026-01-26,2026-01,TikTok,Career Outcomes,China,7,28,5,1,1
2026-01-26,2026-01,TikTok,Career Outcomes,Vietnam,20,72,14,1,5
2026-01-26,2026-01,TikTok,Career Outcomes,Malaysia,7,21,5,1,1
2026-01-26,2026-01,TikTok,Part-Time Work Rights,India,7,21,4,1,2
2026-01-26,2026-01,TikTok,Part-Time Work Rights,China,11,24,6,2,3
2026-01-26,2026-01,TikTok,Part-Time Work Rights,Vietnam,7,16,4,1,2
2026-01-26,2026-01,TikTok,Part-Time Work Rights,Malaysia,8,25,4,1,3
2026-01-26,2026-01,TikTok,Campus Life,India,23,86,19,1,3
2026-01-26,2026-01,TikTok,Campus Life,China,26,93,21,1,4
2026-01-26,2026-01,TikTok,Campus Life,Malaysia,12,29,9,1,2
2026-01-26,2026-01,TikTok,Application Process,India,22,86,8,7,7
2026-01-26,2026-01,TikTok,Application Process,China,23,54,9,4,10
2026-01-26,2026-01,TikTok,Application Process,Vietnam,20,80,8,6,6
2026-01-26,2026-01,TikTok,Support Services,India,23,87,20,1,2
2026-01-26,2026-01,TikTok,Support Services,China,10,45,9,0,1
2026-01-26,2026-01,TikTok,Support Services,Vietnam,13,56,12,0,1
2026-01-26,2026-01,Reddit,Visa Processing,India,43,300,10,8,25
2026-01-26,2026-01,Reddit,Visa Processing,China,20,132,5,6,9
2026-01-26,2026-01,Reddit,Visa Processing,Malaysia,17,141,5,5,7
2026-01-26,2026-01,Reddit,Accommodation Cost,India,12,98,8,2,2
2026-01-26,2026-01,Reddit,Accommodation Cost,China,21,153,14,3,4
2026-01-26,2026-01,Reddit,Accommodation Cost,Vietnam,18,142,13,1,4
2026-01-26,2026-01,Reddit,Accommodation Cost,Malaysia,20,131,13,2,5
2026-01-26,2026-01,Reddit,Scholarships,China,20,168,13,2,5
2026-01-26,2026-01,Reddit,Scholarships,Vietnam,16,105,10,2,4
2026-01-26,2026-01,Reddit,Scholarships,Malaysia,17,141,12,1,4
2026-01-26,2026-01,Reddit,Campus Safety,India,14,67,4,3,7
2026-01-26,2026-01,Reddit,Campus Safety,Vietnam,4,31,1,1,2
2026-01-26,2026-01,Reddit,Campus Safety,Malaysia,5,31,2,0,3
2026-01-26,2026-01,Reddit,Course Quality,India,26,209,10,5,11
2026-01-26,2026-01,Reddit,Course Quality,China,15,132,5,4,6
2026-01-26,2026-01,Reddit,Course Quality,Vietnam,18,102,7,3,8
2026-01-26,2026-01,Reddit,Course Quality,Malaysia,11,65,4,3,4
2026-01-26,2026-01,Reddit,Career Outcomes,India,22,175,16,3,3
2026-01-26,2026-01,Reddit,Career Outcomes,China,19,123,13,2,4
2026-01-26,2026-01,Reddit,Career Outcomes,Vietnam,9,63,7,0,2
2026-01-26,2026-01,Reddit,Career Outcomes,Malaysia,7,53,5,1,1
2026-01-26,2026-01,Reddit,Part-Time Work Rights,India,11,84,6,2,3
2026-01-26,2026-01,Reddit,Part-Time Work Rights,China,20,154,11,3,6
2026-01-26,2026-01,Reddit,Part-Time Work Rights,Vietnam,6,37,3,1,2
2026-01-26,2026-01,Reddit,Part-Time Work Rights,Malaysia,4,36,2,1,1
2026-01-26,2026-01,Reddit,Campus Life,China,9,71,7,1,1
2026-01-26,2026-01,Reddit,Campus Life,Vietnam,5,22,4,0,1
2026-01-26,2026-01,Reddit,Campus Life,Malaysia,13,84,10,1,2
2026-01-26,2026-01,Reddit,Application Process,India,20,165,8,3,9
2026-01-26,2026-01,Reddit,Application Process,China,10,90,4,2,4
2026-01-26,2026-01,Reddit,Application Process,Vietnam,8,71,3,1,4
2026-01-26,2026-01,Reddit,Application Process,Malaysia,9,49,4,2,3
2026-01-26,2026-01,Reddit,Support Services,India,16,107,15,0,1
2026-01-26,2026-01,Reddit,Support Services,China,17,100,15,1,1
2026-01-26,2026-01,Reddit,Support Services,Vietnam,14,85,12,1,1
2026-01-26,2026-01,Reddit,Support Services,Malaysia,8,36,7,0,1
2026-01-26,2026-01,X (Twitter),Visa Processing,India,31,56,8,9,14
2026-01-26,2026-01,X (Twitter),Visa Processing,China,26,69,7,6,13
2026-01-26,2026-01,X (Twitter),Visa Processing,Vietnam,16,24,5,5,6
2026-01-26,2026-01,X (Twitter),Visa Processing,Malaysia,12,29,3,2,7
2026-01-26,2026-01,X (Twitter),Accommodation Cost,India,11,18,8,0,3
2026-01-26,2026-01,X (Twitter),Accommodation Cost,China,8,17,5,1,2
2026-01-26,2026-01,X (Twitter),Accommodation Cost,Malaysia,6,8,4,1,1
2026-01-26,2026-01,X (Twitter),Scholarships,India,8,14,5,1,2
2026-01-26,2026-01,X (Twitter),Scholarships,China,11,20,7,1,3
2026-01-26,2026-01,X (Twitter),Scholarships,Vietnam,14,26,10,2,2
2026-01-26,2026-01,X (Twitter),Scholarships,Malaysia,13,25,8,2,3
2026-01-26,2026-01,X (Twitter),Campus Safety,India,12,20,3,4,5
2026-01-26,2026-01,X (Twitter),Campus Safety,China,4,10,1,1,2
2026-01-26,2026-01,X (Twitter),Campus Safety,Vietnam,7,17,3,1,3
2026-01-26,2026-01,X (Twitter),Campus Safety,Malaysia,12,27,4,2,6
2026-01-26,2026-01,X (Twitter),Course Quality,India,15,42,6,4,5
2026-01-26,2026-01,X (Twitter),Course Quality,China,20,30,7,5,8
2026-01-26,2026-01,X (Twitter),Course Quality,Vietnam,7,20,2,2,3
2026-01-26,2026-01,X (Twitter),Career Outcomes,India,17,39,12,2,3
2026-01-26,2026-01,X (Twitter),Career Outcomes,China,7,14,5,1,1
2026-01-26,2026-01,X (Twitter),Career Outcomes,Vietnam,9,26,6,2,1
2026-01-26,2026-01,X (Twitter),Career Outcomes,Malaysia,4,9,3,0,1
2026-01-26,2026-01,X (Twitter),Part-Time Work Rights,India,12,27,7,2,3
2026-01-26,2026-01,X (Twitter),Part-Time Work Rights,China,12,27,7,2,3
2026-01-26,2026-01,X (Twitter),Part-Time Work Rights,Vietnam,12,18,7,3,2
2026-01-26,2026-01,X (Twitter),Part-Time Work Rights,Malaysia,7,16,4,1,2
2026-01-26,2026-01,X (Twitter),Campus Life,Vietnam,3,6,2,1,0
2026-01-26,2026-01,X (Twitter),Campus Life,Malaysia,9,15,7,1,1
2026-01-26,2026-01,X (Twitter),Application Process,India,6,9,2,2,2
2026-01-26,2026-01,X (Twitter),Application Process,China,7,16,3,1,3
2026-01-26,2026-01,X (Twitter),Application Process,Vietnam,13,20,6,2,5
2026-01-26,2026-01,X (Twitter),Application Process,Malaysia,7,13,3,1,3
2026-01-26,2026-01,X (Twitter),Support Services,India,13,21,11,1,1
2026-01-26,2026-01,X (Twitter),Support Services,China,8,19,7,1,0
2026-01-26,2026-01,X (Twitter),Support Services,Vietnam,7,14,6,0,1
2026-01-26,2026-01,X (Twitter),Support Services,Malaysia,7,20,7,0,0
2026-01-26,2026-01,News,Visa Processing,India,13,12,3,3,7
2026-01-26,2026-01,News,Visa Processing,China,4,4,1,1,2
2026-01-26,2026-01,News,Visa Processing,Vietnam,10,10,3,3,4
2026-01-26,2026-01,News,Visa Processing,Malaysia,5,4,1,1,3
2026-01-26,2026-01,News,Accommodation Cost,India,2,2,1,1,0
2026-01-26,2026-01,News,Accommodation Cost,Vietnam,7,6,5,0,2
2026-01-26,2026-01,News,Accommodation Cost,Malaysia,3,2,2,1,0
2026-01-26,2026-01,News,Scholarships,India,4,4,3,0,1
2026-01-26,2026-01,News,Scholarships,China,8,7,5,1,2
2026-01-26,2026-01,News,Scholarships,Vietnam,3,2,2,0,1
2026-01-26,2026-01,News,Scholarships,Malaysia,5,5,3,1,1
2026-01-26,2026-01,News,Campus Safety,India,9,9,3,1,5
2026-01-26,2026-01,News,Campus Safety,China,3,2,1,0,2
2026-01-26,2026-01,News,Campus Safety,Vietnam,4,3,1,1,2
2026-01-26,2026-01,News,Campus Safety,Malaysia,1,1,0,1,0
2026-01-26,2026-01,News,Course Quality,India,3,2,1,1,1
2026-01-26,2026-01,News,Course Quality,Vietnam,2,2,1,0,1
2026-01-26,2026-01,News,Course Quality,Malaysia,4,4,1,2,1
2026-01-26,2026-01,News,Career Outcomes,India,7,6,5,1,1
2026-01-26,2026-01,News,Career Outcomes,China,3,2,2,0,1
2026-01-26,2026-01,News,Career Outcomes,Malaysia,2,2,1,1,0
2026-01-26,2026-01,News,Part-Time Work Rights,India,6,5,4,0,2
2026-01-26,2026-01,News,Part-Time Work Rights,Vietnam,1,1,1,0,0
2026-01-26,2026-01,News,Campus Life,India,9,6,7,1,1
2026-01-26,2026-01,News,Campus Life,China,3,2,2,0,1
2026-01-26,2026-01,News,Campus Life,Vietnam,1,1,1,0,0
2026-01-26,2026-01,News,Campus Life,Malaysia,3,3,2,0,1
2026-01-26,2026-01,News,Application Process,India,6,7,3,1,2
2026-01-26,2026-01,News,Application Process,China,2,2,1,0,1
2026-01-26,2026-01,News,Application Process,Malaysia,4,4,2,1,1
2026-01-26,2026-01,News,Support Services,India,2,2,2,0,0
2026-01-26,2026-01,News,Support Services,Vietnam,2,2,2,0,0
2026-01-26,2026-01,News,Support Services,Malaysia,2,1,2,0,0
2026-01-26,2026-01,Forums,Visa Processing,China,11,48,3,2,6
2026-01-26,2026-01,Forums,Visa Processing,Vietnam,2,10,1,0,1
2026-01-26,2026-01,Forums,Visa Processing,Malaysia,14,76,3,3,8
2026-01-26,2026-01,Forums,Accommodation Cost,India,15,65,10,2,3
2026-01-26,2026-01,Forums,Accommodation Cost,China,4,15,3,0,1
2026-01-26,2026-01,Forums,Accommodation Cost,Vietnam,7,36,5,1,1
2026-01-26,2026-01,Forums,Scholarships,India,3,11,2,0,1
2026-01-26,2026-01,Forums,Scholarships,China,2,7,1,1,0
2026-01-26,2026-01,Forums,Scholarships,Vietnam,3,15,2,0,1
2026-01-26,2026-01,Forums,Scholarships,Malaysia,6,18,4,1,1
2026-01-26,2026-01,Forums,Campus Safety,India,14,70,5,4,5
2026-01-26,2026-01,Forums,Campus Safety,China,7,27,2,2,3
2026-01-26,2026-01,Forums,Campus Safety,Vietnam,6,33,2,1,3
2026-01-26,2026-01,Forums,Campus Safety,Malaysia,6,21,2,1,3
2026-01-26,2026-01,Forums,Course Quality,India,9,41,3,3,3
2026-01-26,2026-01,Forums,Course Quality,Vietnam,7,29,3,2,2
2026-01-26,2026-01,Forums,Course Quality,Malaysia,6,25,2,2,2
2026-01-26,2026-01,Forums,Career Outcomes,India,9,38,6,1,2
2026-01-26,2026-01,Forums,Career Outcomes,Vietnam,6,29,4,1,1
2026-01-26,2026-01,Forums,Part-Time Work Rights,India,9,33,5,1,3
2026-01-26,2026-01,Forums,Part-Time Work Rights,China,5,17,3,1,1
2026-01-26,2026-01,Forums,Part-Time Work Rights,Vietnam,4,11,2,1,1
2026-01-26,2026-01,Forums,Part-Time Work Rights,Malaysia,5,28,3,0,2
2026-01-26,2026-01,Forums,Campus Life,China,10,37,8,0,2
2026-01-26,2026-01,Forums,Campus Life,Vietnam,6,17,5,0,1
2026-01-26,2026-01,Forums,Campus Life,Malaysia,5,14,4,0,1
2026-01-26,2026-01,Forums,Application Process,India,14,50,6,2,6
2026-01-26,2026-01,Forums,Application Process,China,10,51,4,3,3
2026-01-26,2026-01,Forums,Application Process,Vietnam,5,17,2,1,2
2026-01-26,2026-01,Forums,Application Process,Malaysia,4,21,2,0,2
2026-01-26,2026-01,Forums,Support Services,India,8,21,7,0,1
2026-01-26,2026-01,Forums,Support Services,China,5,17,4,1,0
2026-01-26,2026-01,Forums,Support Services,Vietnam,5,16,4,1,0
2026-01-26,2026-01,Forums,Support Services,Malaysia,2,9,2,0,0
2026-02-02,2026-02,TikTok,Visa Processing,India,34,80,8,10,16
2026-02-02,2026-02,TikTok,Visa Processing,China,24,67,6,5,13
2026-02-02,2026-02,TikTok,Visa Processing,Vietnam,19,59,4,7,8
2026-02-02,2026-02,TikTok,Visa Processing,Malaysia,16,68,4,3,9
2026-02-02,2026-02,TikTok,Accommodation Cost,India,43,150,33,5,5
2026-02-02,2026-02,TikTok,Accommodation Cost,China,28,125,21,3,4
2026-02-02,2026-02,TikTok,Accommodation Cost,Vietnam,24,104,17,3,4
2026-02-02,2026-02,TikTok,Accommodation Cost,Malaysia,18,67,13,1,4
2026-02-02,2026-02,TikTok,Scholarships,India,38,121,26,5,7
2026-02-02,2026-02,TikTok,Scholarships,China,21,51,14,3,4
2026-02-02,2026-02,TikTok,Scholarships,Vietnam,26,108,19,3,4
2026-02-02,2026-02,TikTok,Campus Safety,China,15,46,5,3,7
2026-02-02,2026-02,TikTok,Campus Safety,Vietnam,17,51,5,5,7
2026-02-02,2026-02,TikTok,Campus Safety,Malaysia,7,30,2,1,4
2026-02-02,2026-02,TikTok,Course Quality,India,21,94,7,4,10
2026-02-02,2026-02,TikTok,Course Quality,Malaysia,3,10,1,1,1
2026-02-02,2026-02,TikTok,Career Outcomes,India,13,54,10,1,2
2026-02-02,2026-02,TikTok,Career Outcomes,China,15,36,13,0,2
2026-02-02,2026-02,TikTok,Career Outcomes,Vietnam,8,33,7,0,1
2026-02-02,2026-02,TikTok,Career Outcomes,Malaysia,7,16,6,0,1
2026-02-02,2026-02,TikTok,Part-Time Work Rights,India,26,75,12,3,11
2026-02-02,2026-02,TikTok,Part-Time Work Rights,China,16,39,8,4,4
2026-02-02,2026-02,TikTok,Part-Time Work Rights,Vietnam,9,26,5,1,3
2026-02-02,2026-02,TikTok,Campus Life,China,14,57,11,1,2
2026-02-02,2026-02,TikTok,Campus Life,Vietnam,6,16,5,0,1
2026-02-02,2026-02,TikTok,Campus Life,Malaysia,5,21,4,0,1
2026-02-02,2026-02,TikTok,Application Process,India,28,71,11,4,13
2026-02-02,2026-02,TikTok,Application Process,China,14,60,7,3,4
2026-02-02,2026-02,TikTok,Application Process,Vietnam,14,47,6,2,6
2026-02-02,2026-02,TikTok,Support Services,India,11,40,9,1,1
2026-02-02,2026-02,TikTok,Support Services,China,12,44,10,1,1
2026-02-02,2026-02,TikTok,Support Services,Vietnam,8,29,7,0,1
2026-02-02,2026-02,TikTok,Support Services,Malaysia,8,24,7,0,1
2026-02-02,2026-02,Reddit,Visa Processing,India,47,238,12,14,21
2026-02-02,2026-02,Reddit,Visa Processing,China,6,43,1,3,2
2026-02-02,2026-02,Reddit,Visa Processing,Vietnam,17,114,5,4,8
2026-02-02,2026-02,Reddit,Visa Processing,Malaysia,11,68,3,2,6
2026-02-02,2026-02,Reddit,Accommodation Cost,India,32,180,22,5,5
2026-02-02,2026-02,Reddit,Accommodation Cost,China,18,130,13,1,4
2026-02-02,2026-02,Reddit,Accommodation Cost,Vietnam,17,94,12,2,3
2026-02-02,2026-02,Reddit,Accommodation Cost,Malaysia,8,65,6,0,2
2026-02-02,2026-02,Reddit,Scholarships,India,24,140,16,3,5
2026-02-02,2026-02,Reddit,Scholarships,China,26,221,17,4,5
2026-02-02,2026-02,Reddit,Scholarships,Vietnam,20,90,14,3,3
2026-02-02,2026-02,Reddit,Scholarships,Malaysia,7,39,5,1,1
2026-02-02,2026-02,Reddit,Campus Safety,India,18,106,6,4,8
2026-02-02,2026-02,Reddit,Campus Safety,China,19,156,6,6,7
2026-02-02,2026-02,Reddit,Campus Safety,Vietnam,7,44,2,1,4
2026-02-02,2026-02,Reddit,Course Quality,India,30,218,9,8,13
2026-02-02,2026-02,Reddit,Course Quality,China,14,84,4,2,8
2026-02-02,2026-02,Reddit,Course Quality,Vietnam,10,54,3,2,5
2026-02-02,2026-02,Reddit,Course Quality,Malaysia,8,72,3,2,3
2026-02-02,2026-02,Reddit,Career Outcomes,India,14,113,12,0,2
2026-02-02,2026-02,Reddit,Career Outcomes,China,10,53,8,0,2
2026-02-02,2026-02,Reddit,Career Outcomes,Malaysia,8,70,7,0,1
2026-02-02,2026-02,Reddit,Part-Time Work Rights,India,17,145,9,3,5
2026-02-02,2026-02,Reddit,Part-Time Work Rights,China,13,59,6,3,4
2026-02-02,2026-02,Reddit,Part-Time Work Rights,Vietnam,11,51,6,1,4
2026-02-02,2026-02,Reddit,Part-Time Work Rights,Malaysia,9,46,4,2,3
2026-02-02,2026-02,Reddit,Campus Life,India,19,136,15,1,3
2026-02-02,2026-02,Reddit,Campus Life,China,13,83,11,0,2
2026-02-02,2026-02,Reddit,Campus Life,Vietnam,10,47,8,1,1
2026-02-02,2026-02,Reddit,Campus Life,Malaysia,5,43,4,0,1
2026-02-02,2026-02,Reddit,Application Process,India,18,141,8,2,8
2026-02-02,2026-02,Reddit,Application Process,China,13,77,6,3,4
2026-02-02,2026-02,Reddit,Application Process,Vietnam,11,70,5,2,4
2026-02-02,2026-02,Reddit,Application Process,Malaysia,9,53,4,2,3
2026-02-02,2026-02,Reddit,Support Services,India,19,104,16,1,2
2026-02-02,2026-02,Reddit,Support Services,China,10,74,9,0,1
2026-02-02,2026-02,Reddit,Support Services,Vietnam,4,35,3,1,0
2026-02-02,2026-02,Reddit,Support Services,Malaysia,4,17,3,1,0
2026-02-02,2026-02,X (Twitter),Visa Processing,India,21,29,5,6,10
2026-02-02,2026-02,X (Twitter),Visa Processing,China,4,7,1,1,2
2026-02-02,2026-02,X (Twitter),Visa Processing,Vietnam,21,49,5,7,9
2026-02-02,2026-02,X (Twitter),Visa Processing,Malaysia,7,17,2,2,3
2026-02-02,2026-02,X (Twitter),Accommodation Cost,India,24,37,17,3,4
2026-02-02,2026-02,X (Twitter),Accommodation Cost,China,5,14,4,0,1
2026-02-02,2026-02,X (Twitter),Accommodation Cost,Vietnam,13,37,10,1,2
2026-02-02,2026-02,X (Twitter),Accommodation Cost,Malaysia,4,11,3,0,1
2026-02-02,2026-02,X (Twitter),Scholarships,India,29,61,20,2,7
2026-02-02,2026-02,X (Twitter),Scholarships,China,19,37,12,2,5
2026-02-02,2026-02,X (Twitter),Scholarships,Vietnam,6,9,4,1,1
2026-02-02,2026-02,X (Twitter),Scholarships,Malaysia,13,18,9,1,3
2026-02-02,2026-02,X (Twitter),Campus Safety,China,13,23,4,2,7
2026-02-02,2026-02,X (Twitter),Campus Safety,Vietnam,5,11,1,2,2
2026-02-02,2026-02,X (Twitter),Campus Safety,Malaysia,11,29,4,2,5
2026-02-02,2026-02,X (Twitter),Course Quality,India,20,30,6,5,9
2026-02-02,2026-02,X (Twitter),Course Quality,China,10,28,3,2,5
2026-02-02,2026-02,X (Twitter),Course Quality,Vietnam,15,43,5,3,7
2026-02-02,2026-02,X (Twitter),Career Outcomes,India,14,40,11,2,1
2026-02-02,2026-02,X (Twitter),Career Outcomes,China,9,18,7,1,1
2026-02-02,2026-02,X (Twitter),Career Outcomes,Malaysia,8,16,6,1,1
2026-02-02,2026-02,X (Twitter),Part-Time Work Rights,India,13,29,6,3,4
2026-02-02,2026-02,X (Twitter),Part-Time Work Rights,China,14,22,7,3,4
2026-02-02,2026-02,X (Twitter),Part-Time Work Rights,Vietnam,4,11,2,0,2
2026-02-02,2026-02,X (Twitter),Part-Time Work Rights,Malaysia,3,4,1,1,1
2026-02-02,2026-02,X (Twitter),Campus Life,India,15,39,12,1,2
2026-02-02,2026-02,X (Twitter),Campus Life,Vietnam,13,30,11,0,2
2026-02-02,2026-02,X (Twitter),Campus Life,Malaysia,9,14,7,1,1
2026-02-02,2026-02,X (Twitter),Application Process,India,5,9,2,2,1
2026-02-02,2026-02,X (Twitter),Application Process,China,20,50,9,4,7
2026-02-02,2026-02,X (Twitter),Application Process,Vietnam,7,18,3,1,3
2026-02-02,2026-02,X (Twitter),Application Process,Malaysia,12,20,5,2,5
2026-02-02,2026-02,X (Twitter),Support Services,India,4,7,4,0,0
2026-02-02,2026-02,X (Twitter),Support Services,China,8,13,7,0,1
2026-02-02,2026-02,X (Twitter),Support Services,Vietnam,8,17,7,0,1
2026-02-02,2026-02,News,Visa Processing,India,2,2,0,1,1
2026-02-02,2026-02,News,Visa Processing,China,6,6,1,3,2
2026-02-02,2026-02,News,Visa Processing,Vietnam,7,5,2,1,4
2026-02-02,2026-02,News,Visa Processing,Malaysia,5,5,1,2,2
2026-02-02,2026-02,News,Accommodation Cost,India,8,5,6,1,1
2026-02-02,2026-02,News,Accommodation Cost,China,2,2,1,1,0
2026-02-02,2026-02,News,Accommodation Cost,Vietnam,3,3,2,0,1
2026-02-02,2026-02,News,Accommodation Cost,Malaysia,4,4,3,0,1
2026-02-02,2026-02,News,Scholarships,China,2,2,1,1,0
2026-02-02,2026-02,News,Scholarships,Vietnam,3,3,2,1,0
2026-02-02,2026-02,News,Scholarships,Malaysia,2,2,1,1,0
2026-02-02,2026-02,News,Campus Safety,India,5,4,2,1,2
2026-02-02,2026-02,News,Campus Safety,China,4,4,1,1,2
2026-02-02,2026-02,News,Campus Safety,Vietnam,3,2,1,1,1
2026-02-02,2026-02,News,Campus Safety,Malaysia,2,2,1,0,1
2026-02-02,2026-02,News,Course Quality,India,11,12,4,3,4
2026-02-02,2026-02,News,Course Quality,China,2,1,1,0,1
2026-02-02,2026-02,News,Course Quality,Vietnam,3,2,1,1,1
2026-02-02,2026-02,News,Course Quality,Malaysia,2,2,1,0,1
2026-02-02,2026-02,News,Career Outcomes,India,6,6,5,0,1
2026-02-02,2026-02,News,Career Outcomes,China,6,6,5,0,1
2026-02-02,2026-02,News,Career Outcomes,Vietnam,2,2,2,0,0
2026-02-02,2026-02,News,Part-Time Work Rights,India,4,2,2,1,1
2026-02-02,2026-02,News,Part-Time Work Rights,Vietnam,4,2,2,1,1
2026-02-02,2026-02,News,Part-Time Work Rights,Malaysia,2,2,1,0,1
2026-02-02,2026-02,News,Campus Life,India,1,1,1,0,0
2026-02-02,2026-02,News,Campus Life,China,3,2,2,1,0
2026-02-02,2026-02,News,Campus Life,Vietnam,3,3,2,1,0
2026-02-02,2026-02,News,Campus Life,Malaysia,2,1,2,0,0
2026-02-02,2026-02,News,Application Process,India,3,2,1,1,1
2026-02-02,2026-02,News,Application Process,China,2,1,1,0,1
2026-02-02,2026-02,News,Application Process,Vietnam,3,2,1,1,1
2026-02-02,2026-02,News,Application Process,Malaysia,3,2,1,1,1
2026-02-02,2026-02,News,Support Services,China,3,3,3,0,0
2026-02-02,2026-02,News,Support Services,Vietnam,1,1,1,0,0
2026-02-02,2026-02,News,Support Services,Malaysia,3,2,2,1,0
2026-02-02,2026-02,Forums,Visa Processing,India,23,87,6,4,13
2026-02-02,2026-02,Forums,Visa Processing,China,6,26,1,2,3
2026-02-02,2026-02,Forums,Visa Processing,Vietnam,8,37,2,2,4
2026-02-02,2026-02,Forums,Accommodation Cost,India,10,44,7,1,2
2026-02-02,2026-02,Forums,Accommodation Cost,Vietnam,11,56,8,1,2
2026-02-02,2026-02,Forums,Accommodation Cost,Malaysia,3,14,2,0,1
2026-02-02,2026-02,Forums,Scholarships,India,8,25,5,1,2
2026-02-02,2026-02,Forums,Scholarships,China,8,24,5,2,1
2026-02-02,2026-02,Forums,Scholarships,Vietnam,10,28,7,1,2
2026-02-02,2026-02,Forums,Scholarships,Malaysia,1,4,1,0,0
2026-02-02,2026-02,Forums,Campus Safety,India,10,52,3,2,5
2026-02-02,2026-02,Forums,Campus Safety,China,4,11,1,1,2
2026-02-02,2026-02,Forums,Campus Safety,Vietnam,5,18,1,1,3
2026-02-02,2026-02,Forums,Campus Safety,Malaysia,6,27,2,1,3
2026-02-02,2026-02,Forums,Course Quality,India,10,26,3,3,4
2026-02-02,2026-02,Forums,Course Quality,China,8,24,3,2,3
2026-02-02,2026-02,Forums,Course Quality,Vietnam,4,16,1,1,2
2026-02-02,2026-02,Forums,Course Quality,Malaysia,4,20,1,1,2
2026-02-02,2026-02,Forums,Career Outcomes,India,11,49,9,1,1
2026-02-02,2026-02,Forums,Career Outcomes,China,3,9,3,0,0
2026-02-02,2026-02,Forums,Career Outcomes,Vietnam,7,33,5,1,1
2026-02-02,2026-02,Forums,Part-Time Work Rights,India,6,26,3,1,2
2026-02-02,2026-02,Forums,Part-Time Work Rights,China,4,13,2,1,1
2026-02-02,2026-02,Forums,Part-Time Work Rights,Vietnam,6,24,3,1,2
2026-02-02,2026-02,Forums,Part-Time Work Rights,Malaysia,4,11,2,1,1
2026-02-02,2026-02,Forums,Campus Life,India,15,73,12,1,2
2026-02-02,2026-02,Forums,Campus Life,China,2,11,2,0,0
2026-02-02,2026-02,Forums,Campus Life,Vietnam,1,4,1,0,0
2026-02-02,2026-02,Forums,Campus Life,Malaysia,6,25,5,0,1
2026-02-02,2026-02,Forums,Application Process,India,13,70,6,2,5
2026-02-02,2026-02,Forums,Application Process,Vietnam,6,23,3,1,2
2026-02-02,2026-02,Forums,Application Process,Malaysia,5,22,2,1,2
2026-02-02,2026-02,Forums,Support Services,India,6,23,5,0,1
2026-02-02,2026-02,Forums,Support Services,China,5,19,4,1,0
2026-02-02,2026-02,Forums,Support Services,Vietnam,4,22,3,1,0
2026-02-02,2026-02,Forums,Support Services,Malaysia,2,7,2,0,0
2026-02-09,2026-02,TikTok,Visa Processing,India,48,170,18,8,22
2026-02-09,2026-02,TikTok,Visa Processing,China,44,155,17,10,17
2026-02-09,2026-02,TikTok,Visa Processing,Vietnam,22,62,8,5,9
2026-02-09,2026-02,TikTok,Visa Processing,Malaysia,8,26,3,1,4
2026-02-09,2026-02,TikTok,Accommodation Cost,India,17,63,11,2,4
2026-02-09,2026-02,TikTok,Accommodation Cost,China,22,96,14,3,5
2026-02-09,2026-02,TikTok,Accommodation Cost,Malaysia,14,61,9,1,4
2026-02-09,2026-02,TikTok,Scholarships,India,15,53,12,1,2
2026-02-09,2026-02,TikTok,Scholarships,China,18,47,14,2,2
2026-02-09,2026-02,TikTok,Scholarships,Vietnam,26,106,20,3,3
2026-02-09,2026-02,TikTok,Scholarships,Malaysia,5,13,4,0,1
2026-02-09,2026-02,TikTok,Campus Safety,India,17,54,7,5,5
2026-02-09,2026-02,TikTok,Campus Safety,China,7,31,3,1,3
2026-02-09,2026-02,TikTok,Campus Safety,Vietnam,16,63,7,2,7
2026-02-09,2026-02,TikTok,Campus Safety,Malaysia,3,7,1,1,1
2026-02-09,2026-02,TikTok,Course Quality,India,27,113,8,8,11
2026-02-09,2026-02,TikTok,Course Quality,China,19,54,6,4,9
2026-02-09,2026-02,TikTok,Course Quality,Malaysia,14,47,4,3,7
2026-02-09,2026-02,TikTok,Career Outcomes,India,21,73,16,2,3
2026-02-09,2026-02,TikTok,Career Outcomes,Vietnam,7,18,5,1,1
2026-02-09,2026-02,TikTok,Career Outcomes,Malaysia,3,8,2,0,1
2026-02-09,2026-02,TikTok,Part-Time Work Rights,India,20,76,8,4,8
2026-02-09,2026-02,TikTok,Part-Time Work Rights,China,12,26,5,3,4
2026-02-09,2026-02,TikTok,Part-Time Work Rights,Vietnam,2,5,1,0,1
2026-02-09,2026-02,TikTok,Part-Time Work Rights,Malaysia,7,30,3,1,3
2026-02-09,2026-02,TikTok,Campus Life,India,22,55,19,1,2
2026-02-09,2026-02,TikTok,Campus Life,China,2,7,2,0,0
2026-02-09,2026-02,TikTok,Campus Life,Vietnam,11,39,9,1,1
2026-02-09,2026-02,TikTok,Campus Life,Malaysia,4,9,3,1,0
2026-02-09,2026-02,TikTok,Application Process,India,29,85,10,8,11
2026-02-09,2026-02,TikTok,Application Process,China,15,52,5,5,5
2026-02-09,2026-02,TikTok,Application Process,Vietnam,11,40,4,2,5
2026-02-09,2026-02,TikTok,Application Process,Malaysia,3,9,1,1,1
2026-02-09,2026-02,TikTok,Support Services,India,11,45,9,1,1
2026-02-09,2026-02,TikTok,Support Services,China,8,23,7,0,1
2026-02-09,2026-02,TikTok,Support Services,Vietnam,12,26,10,1,1
2026-02-09,2026-02,TikTok,Support Services,Malaysia,10,36,8,1,1
2026-02-09,2026-02,Reddit,Visa Processing,India,35,259,13,8,14
2026-02-09,2026-02,Reddit,Visa Processing,China,10,83,4,2,4
2026-02-09,2026-02,Reddit,Visa Processing,Vietnam,16,100,6,3,7
2026-02-09,2026-02,Reddit,Visa Processing,Malaysia,7,39,3,1,3
2026-02-09,2026-02,Reddit,Accommodation Cost,China,30,153,19,3,8
2026-02-09,2026-02,Reddit,Accommodation Cost,Vietnam,20,136,12,2,6
2026-02-09,2026-02,Reddit,Accommodation Cost,Malaysia,10,75,6,1,3
2026-02-09,2026-02,Reddit,Scholarships,China,22,167,16,2,4
2026-02-09,2026-02,Reddit,Scholarships,Vietnam,13,89,10,1,2
2026-02-09,2026-02,Reddit,Scholarships,Malaysia,7,61,5,1,1
2026-02-09,2026-02,Reddit,Campus Safety,China,6,33,2,1,3
2026-02-09,2026-02,Reddit,Campus Safety,Vietnam,7,44,3,2,2
2026-02-09,2026-02,Reddit,Course Quality,India,34,172,10,7,17
2026-02-09,2026-02,Reddit,Course Quality,China,11,86,3,2,6
2026-02-09,2026-02,Reddit,Course Quality,Malaysia,15,112,4,5,6
2026-02-09,2026-02,Reddit,Career Outcomes,India,7,33,5,1,1
2026-02-09,2026-02,Reddit,Career Outcomes,China,14,122,10,2,2
2026-02-09,2026-02,Reddit,Career Outcomes,Vietnam,11,91,8,1,2
2026-02-09,2026-02,Reddit,Part-Time Work Rights,India,8,34,4,1,3
2026-02-09,2026-02,Reddit,Part-Time Work Rights,China,9,65,4,1,4
2026-02-09,2026-02,Reddit,Part-Time Work Rights,Vietnam,7,51,3,2,2
2026-02-09,2026-02,Reddit,Part-Time Work Rights,Malaysia,3,16,1,1,1
2026-02-09,2026-02,Reddit,Campus Life,India,17,110,15,1,1
2026-02-09,2026-02,Reddit,Campus Life,China,13,81,11,1,1
2026-02-09,2026-02,Reddit,Campus Life,Vietnam,13,95,11,1,1
2026-02-09,2026-02,Reddit,Application Process,India,23,144,8,6,9
2026-02-09,2026-02,Reddit,Application Process,China,11,69,3,3,5
2026-02-09,2026-02,Reddit,Application Process,Vietnam,7,40,2,2,3
2026-02-09,2026-02,Reddit,Support Services,India,10,85,8,1,1
2026-02-09,2026-02,Reddit,Support Services,China,8,62,6,1,1
2026-02-09,2026-02,Reddit,Support Services,Vietnam,3,23,2,1,0
2026-02-09,2026-02,Reddit,Support Services,Malaysia,6,28,5,0,1
2026-02-09,2026-02,X (Twitter),Visa Processing,China,32,53,12,4,16
2026-02-09,2026-02,X (Twitter),Visa Processing,Vietnam,17,37,5,4,8
2026-02-09,2026-02,X (Twitter),Visa Processing,Malaysia,9,21,3,2,4
2026-02-09,2026-02,X (Twitter),Accommodation Cost,India,25,37,16,2,7
2026-02-09,2026-02,X (Twitter),Accommodation Cost,China,19,50,12,2,5
2026-02-09,2026-02,X (Twitter),Accommodation Cost,Vietnam,24,37,15,3,6
2026-02-09,2026-02,X (Twitter),Accommodation Cost,Malaysia,9,21,5,1,3
2026-02-09,2026-02,X (Twitter),Scholarships,India,26,64,20,2,4
2026-02-09,2026-02,X (Twitter),Scholarships,China,27,40,21,1,5
2026-02-09,2026-02,X (Twitter),Scholarships,Vietnam,16,30,12,2,2
2026-02-09,2026-02,X (Twitter),Scholarships,Malaysia,15,44,11,2,2
2026-02-09,2026-02,X (Twitter),Campus Safety,India,25,73,10,5,10
2026-02-09,2026-02,X (Twitter),Campus Safety,China,10,25,4,3,3
2026-02-09,2026-02,X (Twitter),Campus Safety,Vietnam,7,10,3,1,3
2026-02-09,2026-02,X (Twitter),Campus Safety,Malaysia,11,23,5,3,3
2026-02-09,2026-02,X (Twitter),Course Quality,India,16,37,5,2,9
2026-02-09,2026-02,X (Twitter),Course Quality,China,13,21,3,3,7
2026-02-09,2026-02,X (Twitter),Course Quality,Malaysia,15,24,4,3,8
2026-02-09,2026-02,X (Twitter),Career Outcomes,India,16,23,12,1,3
2026-02-09,2026-02,X (Twitter),Career Outcomes,China,14,24,10,1,3
2026-02-09,2026-02,X (Twitter),Career Outcomes,Vietnam,9,18,7,1,1
2026-02-09,2026-02,X (Twitter),Career Outcomes,Malaysia,5,10,4,0,1
2026-02-09,2026-02,X (Twitter),Part-Time Work Rights,Vietnam,7,19,3,2,2
2026-02-09,2026-02,X (Twitter),Part-Time Work Rights,Malaysia,8,17,3,2,3
2026-02-09,2026-02,X (Twitter),Campus Life,India,16,40,13,1,2
2026-02-09,2026-02,X (Twitter),Campus Life,China,13,37,11,1,1
2026-02-09,2026-02,X (Twitter),Campus Life,Vietnam,10,28,8,1,1
2026-02-09,2026-02,X (Twitter),Campus Life,Malaysia,9,24,8,0,1
2026-02-09,2026-02,X (Twitter),Application Process,India,12,21,4,2,6
2026-02-09,2026-02,X (Twitter),Application Process,China,14,35,4,3,7
2026-02-09,2026-02,X (Twitter),Application Process,Vietnam,11,22,4,2,5
2026-02-09,2026-02,X (Twitter),Application Process,Malaysia,5,14,2,0,3
2026-02-09,2026-02,X (Twitter),Support Services,China,9,19,7,1,1
2026-02-09,2026-02,X (Twitter),Support Services,Vietnam,7,14,6,0,1
2026-02-09,2026-02,X (Twitter),Support Services,Malaysia,2,6,2,0,0
2026-02-09,2026-02,News,Visa Processing,India,16,12,6,5,5
2026-02-09,2026-02,News,Visa Processing,China,4,4,2,0,2
2026-02-09,2026-02,News,Visa Processing,Vietnam,8,8,3,1,4
2026-02-09,2026-02,News,Visa Processing,Malaysia,6,7,2,2,2
2026-02-09,2026-02,News,Accommodation Cost,India,6,5,4,0,2
2026-02-09,2026-02,News,Accommodation Cost,China,5,3,3,1,1
2026-02-09,2026-02,News,Accommodation Cost,Vietnam,3,2,2,0,1
2026-02-09,2026-02,News,Accommodation Cost,Malaysia,5,5,3,1,1
2026-02-09,2026-02,News,Scholarships,India,6,7,5,0,1
2026-02-09,2026-02,News,Scholarships,China,7,4,5,1,1
2026-02-09,2026-02,News,Scholarships,Vietnam,8,6,6,1,1
2026-02-09,2026-02,News,Scholarships,Malaysia,6,3,5,0,1
2026-02-09,2026-02,News,Campus Safety,India,6,6,2,2,2
2026-02-09,2026-02,News,Campus Safety,China,5,4,2,1,2
2026-02-09,2026-02,News,Campus Safety,Vietnam,1,1,0,1,0
2026-02-09,2026-02,News,Campus Safety,Malaysia,4,4,2,0,2
2026-02-09,2026-02,News,Course Quality,India,3,3,1,0,2
2026-02-09,2026-02,News,Course Quality,China,6,6,2,1,3
2026-02-09,2026-02,News,Course Quality,Vietnam,5,6,1,2,2
2026-02-09,2026-02,News,Course Quality,Malaysia,2,1,0,1,1
2026-02-09,2026-02,News,Career Outcomes,India,6,6,4,1,1
2026-02-09,2026-02,News,Career Outcomes,China,2,2,1,1,0
2026-02-09,2026-02,News,Career Outcomes,Vietnam,4,3,3,0,1
2026-02-09,2026-02,News,Career Outcomes,Malaysia,2,2,1,1,0
2026-02-09,2026-02,News,Part-Time Work Rights,India,6,6,3,0,3
2026-02-09,2026-02,News,Part-Time Work Rights,China,5,4,2,1,2
2026-02-09,2026-02,News,Part-Time Work Rights,Vietnam,3,3,1,1,1
2026-02-09,2026-02,News,Part-Time Work Rights,Malaysia,1,1,0,1,0
2026-02-09,2026-02,News,Campus Life,India,9,8,8,0,1
2026-02-09,2026-02,News,Campus Life,Vietnam,3,3,3,0,0
2026-02-09,2026-02,News,Campus Life,Malaysia,3,3,3,0,0
2026-02-09,2026-02,News,Application Process,India,3,2,1,1,1
2026-02-09,2026-02,News,Application Process,China,3,3,1,1,1
2026-02-09,2026-02,News,Application Process,Malaysia,2,2,1,0,1
2026-02-09,2026-02,News,Support Services,India,5,3,4,0,1
2026-02-09,2026-02,News,Support Services,China,3,3,2,1,0
2026-02-09,2026-02,News,Support Services,Vietnam,1,1,1,0,0
2026-02-09,2026-02,News,Support Services,Malaysia,1,1,1,0,0
2026-02-09,2026-02,Forums,Visa Processing,India,17,58,7,3,7
2026-02-09,2026-02,Forums,Visa Processing,China,18,72,6,3,9
2026-02-09,2026-02,Forums,Visa Processing,Vietnam,9,31,4,2,3
2026-02-09,2026-02,Forums,Visa Processing,Malaysia,5,15,2,1,2
2026-02-09,2026-02,Forums,Accommodation Cost,India,7,18,4,1,2
2026-02-09,2026-02,Forums,Accommodation Cost,China,12,64,7,2,3
2026-02-09,2026-02,Forums,Accommodation Cost,Vietnam,9,42,5,2,2
2026-02-09,2026-02,Forums,Accommodation Cost,Malaysia,9,50,5,2,2
2026-02-09,2026-02,Forums,Scholarships,India,9,31,7,0,2
2026-02-09,2026-02,Forums,Scholarships,China,8,22,6,1,1
2026-02-09,2026-02,Forums,Scholarships,Vietnam,5,16,4,0,1
2026-02-09,2026-02,Forums,Scholarships,Malaysia,5,19,4,0,1
2026-02-09,2026-02,Forums,Campus Safety,India,3,14,1,1,1
2026-02-09,2026-02,Forums,Campus Safety,China,7,24,3,1,3
2026-02-09,2026-02,Forums,Campus Safety,Vietnam,5,19,2,1,2
2026-02-09,2026-02,Forums,Campus Safety,Malaysia,3,13,1,1,1
2026-02-09,2026-02,Forums,Course Quality,China,7,36,2,2,3
2026-02-09,2026-02,Forums,Course Quality,Vietnam,8,37,2,3,3
2026-02-09,2026-02,Forums,Course Quality,Malaysia,5,26,1,2,2
2026-02-09,2026-02,Forums,Career Outcomes,India,9,33,7,1,1
2026-02-09,2026-02,Forums,Career Outcomes,China,4,14,3,0,1
2026-02-09,2026-02,Forums,Career Outcomes,Vietnam,5,20,4,0,1
2026-02-09,2026-02,Forums,Career Outcomes,Malaysia,3,9,2,0,1
2026-02-09,2026-02,Forums,Part-Time Work Rights,India,6,25,2,2,2
2026-02-09,2026-02,Forums,Part-Time Work Rights,China,2,6,1,0,1
2026-02-09,2026-02,Forums,Part-Time Work Rights,Vietnam,4,13,2,1,1
2026-02-09,2026-02,Forums,Part-Time Work Rights,Malaysia,5,15,2,1,2
2026-02-09,2026-02,Forums,Campus Life,India,12,37,10,1,1
2026-02-09,2026-02,Forums,Campus Life,China,7,25,6,0,1
2026-02-09,2026-02,Forums,Campus Life,Malaysia,4,21,3,1,0
2026-02-09,2026-02,Forums,Application Process,India,15,62,5,3,7
2026-02-09,2026-02,Forums,Application Process,China,7,26,3,1,3
2026-02-09,2026-02,Forums,Application Process,Vietnam,6,26,2,2,2
2026-02-09,2026-02,Forums,Application Process,Malaysia,6,32,2,1,3
2026-02-09,2026-02,Forums,Support Services,India,9,31,7,1,1
2026-02-09,2026-02,Forums,Support Services,China,2,9,2,0,0
2026-02-09,2026-02,Forums,Support Services,Vietnam,3,13,3,0,0
2026-02-16,2026-02,TikTok,Visa Processing,India,55,217,20,16,19
2026-02-16,2026-02,TikTok,Visa Processing,China,50,199,22,8,20
2026-02-16,2026-02,TikTok,Visa Processing,Vietnam,32,129,14,7,11
2026-02-16,2026-02,TikTok,Visa Processing,Malaysia,6,19,3,1,2
2026-02-16,2026-02,TikTok,Accommodation Cost,India,33,108,20,4,9
2026-02-16,2026-02,TikTok,Accommodation Cost,China,18,57,12,1,5
2026-02-16,2026-02,TikTok,Accommodation Cost,Vietnam,10,22,7,1,2
2026-02-16,2026-02,TikTok,Accommodation Cost,Malaysia,21,52,14,3,4
2026-02-16,2026-02,TikTok,Scholarships,China,19,56,14,2,3
2026-02-16,2026-02,TikTok,Scholarships,Vietnam,26,86,18,3,5
2026-02-16,2026-02,TikTok,Scholarships,Malaysia,9,39,7,1,1
2026-02-16,2026-02,TikTok,Campus Safety,India,6,13,3,1,2
2026-02-16,2026-02,TikTok,Campus Safety,China,16,60,7,3,6
2026-02-16,2026-02,TikTok,Campus Safety,Vietnam,9,22,4,2,3
2026-02-16,2026-02,TikTok,Campus Safety,Malaysia,6,21,2,2,2
2026-02-16,2026-02,TikTok,Course Quality,India,19,45,5,3,11
2026-02-16,2026-02,TikTok,Course Quality,China,5,21,1,1,3
2026-02-16,2026-02,TikTok,Course Quality,Vietnam,25,71,7,9,9
2026-02-16,2026-02,TikTok,Career Outcomes,India,8,27,4,1,3
2026-02-16,2026-02,TikTok,Career Outcomes,China,13,44,5,2,6
2026-02-16,2026-02,TikTok,Career Outcomes,Vietnam,10,33,5,1,4
2026-02-16,2026-02,TikTok,Career Outcomes,Malaysia,7,20,3,1,3
2026-02-16,2026-02,TikTok,Part-Time Work Rights,India,26,74,7,6,13
2026-02-16,2026-02,TikTok,Part-Time Work Rights,China,16,60,4,6,6
2026-02-16,2026-02,TikTok,Part-Time Work Rights,Vietnam,14,30,4,5,5
2026-02-16,2026-02,TikTok,Part-Time Work Rights,Malaysia,7,28,2,2,3
2026-02-16,2026-02,TikTok,Campus Life,India,12,34,10,0,2
2026-02-16,2026-02,TikTok,Campus Life,China,18,68,15,1,2
2026-02-16,2026-02,TikTok,Campus Life,Vietnam,5,19,4,1,0
2026-02-16,2026-02,TikTok,Campus Life,Malaysia,9,21,7,1,1
2026-02-16,2026-02,TikTok,Application Process,India,11,31,4,3,4
2026-02-16,2026-02,TikTok,Application Process,China,10,41,3,2,5
2026-02-16,2026-02,TikTok,Application Process,Vietnam,10,41,3,2,5
2026-02-16,2026-02,TikTok,Application Process,Malaysia,9,34,3,2,4
2026-02-16,2026-02,TikTok,Support Services,India,15,33,11,2,2
2026-02-16,2026-02,TikTok,Support Services,China,14,61,11,1,2
2026-02-16,2026-02,TikTok,Support Services,Vietnam,17,63,13,1,3
2026-02-16,2026-02,TikTok,Support Services,Malaysia,9,20,7,1,1
2026-02-16,2026-02,Reddit,Visa Processing,India,26,171,10,6,10
2026-02-16,2026-02,Reddit,Visa Processing,China,35,158,15,8,12
2026-02-16,2026-02,Reddit,Visa Processing,Vietnam,23,151,10,6,7
2026-02-16,2026-02,Reddit,Visa Processing,Malaysia,7,49,3,2,2
2026-02-16,2026-02,Reddit,Accommodation Cost,India,31,186,21,3,7
2026-02-16,2026-02,Reddit,Accommodation Cost,China,16,97,10,3,3
2026-02-16,2026-02,Reddit,Accommodation Cost,Vietnam,24,146,16,3,5
2026-02-16,2026-02,Reddit,Accommodation Cost,Malaysia,13,67,8,2,3
2026-02-16,2026-02,Reddit,Scholarships,China,22,107,16,3,3
2026-02-16,2026-02,Reddit,Scholarships,Vietnam,23,146,16,3,4
2026-02-16,2026-02,Reddit,Scholarships,Malaysia,7,47,5,1,1
2026-02-16,2026-02,Reddit,Campus Safety,India,17,108,7,3,7
2026-02-16,2026-02,Reddit,Campus Safety,China,13,102,5,2,6
2026-02-16,2026-02,Reddit,Campus Safety,Vietnam,12,56,5,2,5
2026-02-16,2026-02,Reddit,Course Quality,India,27,162,7,5,15
2026-02-16,2026-02,Reddit,Course Quality,China,19,97,5,7,7
2026-02-16,2026-02,Reddit,Course Quality,Vietnam,3,26,1,1,1
2026-02-16,2026-02,Reddit,Career Outcomes,India,14,61,7,3,4
2026-02-16,2026-02,Reddit,Career Outcomes,China,10,88,5,2,3
2026-02-16,2026-02,Reddit,Career Outcomes,Vietnam,8,68,4,1,3
2026-02-16,2026-02,Reddit,Part-Time Work Rights,India,24,118,6,6,12
2026-02-16,2026-02,Reddit,Part-Time Work Rights,Vietnam,6,50,2,2,2
2026-02-16,2026-02,Reddit,Part-Time Work Rights,Malaysia,8,35,2,3,3
2026-02-16,2026-02,Reddit,Campus Life,India,27,182,20,2,5
2026-02-16,2026-02,Reddit,Campus Life,China,8,39,6,1,1
2026-02-16,2026-02,Reddit,Campus Life,Vietnam,10,82,8,0,2
2026-02-16,2026-02,Reddit,Campus Life,Malaysia,9,80,7,1,1
2026-02-16,2026-02,Reddit,Application Process,India,8,56,3,1,4
2026-02-16,2026-02,Reddit,Application Process,Vietnam,10,45,3,2,5
2026-02-16,2026-02,Reddit,Application Process,Malaysia,12,60,4,2,6
2026-02-16,2026-02,Reddit,Support Services,India,14,103,11,1,2
2026-02-16,2026-02,Reddit,Support Services,China,9,79,7,1,1
2026-02-16,2026-02,Reddit,Support Services,Vietnam,6,42,4,1,1
2026-02-16,2026-02,Reddit,Support Services,Malaysia,8,64,6,1,1
2026-02-16,2026-02,X (Twitter),Visa Processing,India,21,42,8,3,10
2026-02-16,2026-02,X (Twitter),Visa Processing,China,13,28,5,2,6
2026-02-16,2026-02,X (Twitter),Visa Processing,Vietnam,28,49,11,6,11
2026-02-16,2026-02,X (Twitter),Visa Processing,Malaysia,18,44,7,3,8
2026-02-16,2026-02,X (Twitter),Accommodation Cost,China,10,18,7,1,2
2026-02-16,2026-02,X (Twitter),Accommodation Cost,Vietnam,23,32,15,2,6
2026-02-16,2026-02,X (Twitter),Accommodation Cost,Malaysia,13,36,9,2,2
2026-02-16,2026-02,X (Twitter),Scholarships,India,27,56,19,2,6
2026-02-16,2026-02,X (Twitter),Scholarships,China,14,23,10,1,3
2026-02-16,2026-02,X (Twitter),Scholarships,Vietnam,5,12,4,0,1
2026-02-16,2026-02,X (Twitter),Scholarships,Malaysia,5,14,4,0,1
2026-02-16,2026-02,X (Twitter),Campus Safety,India,14,27,6,4,4
2026-02-16,2026-02,X (Twitter),Campus Safety,China,5,12,2,1,2
2026-02-16,2026-02,X (Twitter),Campus Safety,Vietnam,12,28,5,3,4
2026-02-16,2026-02,X (Twitter),Campus Safety,Malaysia,3,6,1,1,1
2026-02-16,2026-02,X (Twitter),Course Quality,India,29,76,9,7,13
2026-02-16,2026-02,X (Twitter),Course Quality,China,10,15,3,3,4
2026-02-16,2026-02,X (Twitter),Course Quality,Vietnam,6,9,2,1,3
2026-02-16,2026-02,X (Twitter),Course Quality,Malaysia,9,23,2,2,5
2026-02-16,2026-02,X (Twitter),Career Outcomes,India,17,33,8,3,6
2026-02-16,2026-02,X (Twitter),Career Outcomes,China,5,14,2,1,2
2026-02-16,2026-02,X (Twitter),Career Outcomes,Vietnam,10,16,4,3,3
2026-02-16,2026-02,X (Twitter),Career Outcomes,Malaysia,8,16,3,2,3
2026-02-16,2026-02,X (Twitter),Part-Time Work Rights,India,10,23,2,3,5
2026-02-16,2026-02,X (Twitter),Part-Time Work Rights,China,11,21,3,3,5
2026-02-16,2026-02,X (Twitter),Part-Time Work Rights,Vietnam,7,13,2,2,3
2026-02-16,2026-02,X (Twitter),Part-Time Work Rights,Malaysia,7,16,2,2,3
2026-02-16,2026-02,X (Twitter),Campus Life,India,18,26,15,1,2
2026-02-16,2026-02,X (Twitter),Application Process,India,9,18,3,2,4
2026-02-16,2026-02,X (Twitter),Application Process,China,19,39,5,4,10
2026-02-16,2026-02,X (Twitter),Application Process,Vietnam,11,18,3,2,6
2026-02-16,2026-02,X (Twitter),Application Process,Malaysia,12,19,4,3,5
2026-02-16,2026-02,X (Twitter),Support Services,India,21,43,16,2,3
2026-02-16,2026-02,X (Twitter),Support Services,China,12,24,10,0,2
2026-02-16,2026-02,X (Twitter),Support Services,Vietnam,7,18,5,1,1
2026-02-16,2026-02,X (Twitter),Support Services,Malaysia,7,15,6,0,1
2026-02-16,2026-02,News,Visa Processing,India,20,11,9,2,9
2026-02-16,2026-02,News,Visa Processing,China,5,5,2,1,2
2026-02-16,2026-02,News,Visa Processing,Vietnam,6,7,3,0,3
2026-02-16,2026-02,News,Accommodation Cost,India,4,4,3,0,1
2026-02-16,2026-02,News,Accommodation Cost,Vietnam,6,5,4,1,1
2026-02-16,2026-02,News,Accommodation Cost,Malaysia,3,2,2,0,1
2026-02-16,2026-02,News,Scholarships,India,6,7,4,1,1
2026-02-16,2026-02,News,Scholarships,China,3,3,2,0,1
2026-02-16,2026-02,News,Scholarships,Vietnam,4,4,3,0,1
2026-02-16,2026-02,News,Scholarships,Malaysia,1,1,1,0,0
2026-02-16,2026-02,News,Campus Safety,India,7,5,3,1,3
2026-02-16,2026-02,News,Campus Safety,Vietnam,4,3,2,1,1
2026-02-16,2026-02,News,Course Quality,India,6,5,2,2,2
2026-02-16,2026-02,News,Course Quality,China,2,2,0,1,1
2026-02-16,2026-02,News,Course Quality,Malaysia,2,1,1,0,1
2026-02-16,2026-02,News,Career Outcomes,India,4,3,2,0,2
2026-02-16,2026-02,News,Career Outcomes,China,5,3,2,1,2
2026-02-16,2026-02,News,Career Outcomes,Vietnam,4,4,2,0,2
2026-02-16,2026-02,News,Career Outcomes,Malaysia,2,2,1,0,1
2026-02-16,2026-02,News,Part-Time Work Rights,India,2,1,0,1,1
2026-02-16,2026-02,News,Part-Time Work Rights,Vietnam,3,2,1,1,1
2026-02-16,2026-02,News,Part-Time Work Rights,Malaysia,3,3,1,1,1
2026-02-16,2026-02,News,Campus Life,India,7,7,6,0,1
2026-02-16,2026-02,News,Campus Life,China,4,3,3,0,1
2026-02-16,2026-02,News,Campus Life,Vietnam,3,2,2,1,0
2026-02-16,2026-02,News,Application Process,India,9,5,3,2,4
2026-02-16,2026-02,News,Application Process,China,1,1,0,1,0
2026-02-16,2026-02,News,Application Process,Vietnam,4,3,1,1,2
2026-02-16,2026-02,News,Support Services,India,5,3,4,0,1
2026-02-16,2026-02,News,Support Services,China,6,5,5,0,1
2026-02-16,2026-02,News,Support Services,Malaysia,1,1,1,0,0
2026-02-16,2026-02,Forums,Visa Processing,India,26,95,11,4,11
2026-02-16,2026-02,Forums,Visa Processing,China,9,33,3,2,4
2026-02-16,2026-02,Forums,Visa Processing,Vietnam,7,25,3,2,2
2026-02-16,2026-02,Forums,Visa Processing,Malaysia,6,30,2,2,2
2026-02-16,2026-02,Forums,Accommodation Cost,India,14,74,9,2,3
2026-02-16,2026-02,Forums,Accommodation Cost,Vietnam,5,26,3,1,1
2026-02-16,2026-02,Forums,Accommodation Cost,Malaysia,4,15,3,0,1
2026-02-16,2026-02,Forums,Scholarships,India,9,32,6,1,2
2026-02-16,2026-02,Forums,Scholarships,China,10,28,8,0,2
2026-02-16,2026-02,Forums,Scholarships,Vietnam,8,33,6,0,2
2026-02-16,2026-02,Forums,Scholarships,Malaysia,6,20,4,1,1
2026-02-16,2026-02,Forums,Campus Safety,India,7,25,3,1,3
2026-02-16,2026-02,Forums,Campus Safety,China,5,26,2,2,1
2026-02-16,2026-02,Forums,Campus Safety,Vietnam,5,25,2,1,2
2026-02-16,2026-02,Forums,Campus Safety,Malaysia,8,22,3,2,3
2026-02-16,2026-02,Forums,Course Quality,India,10,41,2,2,6
2026-02-16,2026-02,Forums,Course Quality,Vietnam,5,13,1,2,2
2026-02-16,2026-02,Forums,Course Quality,Malaysia,5,21,1,1,3
2026-02-16,2026-02,Forums,Career Outcomes,India,11,30,5,2,4
2026-02-16,2026-02,Forums,Career Outcomes,China,7,36,3,1,3
2026-02-16,2026-02,Forums,Career Outcomes,Malaysia,4,15,2,0,2
2026-02-16,2026-02,Forums,Part-Time Work Rights,India,4,11,1,1,2
2026-02-16,2026-02,Forums,Part-Time Work Rights,China,8,21,2,2,4
2026-02-16,2026-02,Forums,Part-Time Work Rights,Malaysia,4,14,1,1,2
2026-02-16,2026-02,Forums,Campus Life,India,8,31,6,1,1
2026-02-16,2026-02,Forums,Campus Life,China,8,36,6,1,1
2026-02-16,2026-02,Forums,Campus Life,Malaysia,6,23,5,0,1
2026-02-16,2026-02,Forums,Application Process,India,9,44,3,2,4
2026-02-16,2026-02,Forums,Application Process,Vietnam,4,20,1,1,2
2026-02-16,2026-02,Forums,Application Process,Malaysia,2,10,1,0,1
2026-02-16,2026-02,Forums,Support Services,India,9,43,7,0,2
2026-02-16,2026-02,Forums,Support Services,China,3,15,2,1,0
2026-02-16,2026-02,Forums,Support Services,Vietnam,5,22,4,0,1
2026-02-16,2026-02,Forums,Support Services,Malaysia,2,10,2,0,0
2026-02-23,2026-02,TikTok,Visa Processing,India,63,247,15,13,35
2026-02-23,2026-02,TikTok,Visa Processing,China,49,169,10,18,21
2026-02-23,2026-02,TikTok,Visa Processing,Vietnam,30,133,6,8,16
2026-02-23,2026-02,TikTok,Visa Processing,Malaysia,24,95,6,9,9
2026-02-23,2026-02,TikTok,Accommodation Cost,India,37,79,23,5,9
2026-02-23,2026-02,TikTok,Accommodation Cost,China,15,33,10,2,3
2026-02-23,2026-02,TikTok,Accommodation Cost,Malaysia,21,85,14,2,5
2026-02-23,2026-02,TikTok,Scholarships,India,6,26,4,0,2
2026-02-23,2026-02,TikTok,Scholarships,China,18,66,12,3,3
2026-02-23,2026-02,TikTok,Scholarships,Vietnam,16,49,10,2,4
2026-02-23,2026-02,TikTok,Scholarships,Malaysia,7,15,4,1,2
2026-02-23,2026-02,TikTok,Campus Safety,India,13,46,5,3,5
2026-02-23,2026-02,TikTok,Campus Safety,China,17,37,7,4,6
2026-02-23,2026-02,TikTok,Campus Safety,Vietnam,8,27,3,2,3
2026-02-23,2026-02,TikTok,Campus Safety,Malaysia,8,25,3,3,2
2026-02-23,2026-02,TikTok,Course Quality,India,19,75,4,3,12
2026-02-23,2026-02,TikTok,Course Quality,China,23,61,7,6,10
2026-02-23,2026-02,TikTok,Course Quality,Vietnam,22,74,5,6,11
2026-02-23,2026-02,TikTok,Career Outcomes,India,16,64,8,2,6
2026-02-23,2026-02,TikTok,Career Outcomes,China,7,18,4,1,2
2026-02-23,2026-02,TikTok,Career Outcomes,Vietnam,14,51,7,3,4
2026-02-23,2026-02,TikTok,Career Outcomes,Malaysia,9,33,5,2,2
2026-02-23,2026-02,TikTok,Part-Time Work Rights,India,23,88,11,5,7
2026-02-23,2026-02,TikTok,Part-Time Work Rights,China,7,28,3,1,3
2026-02-23,2026-02,TikTok,Part-Time Work Rights,Vietnam,9,22,4,2,3
2026-02-23,2026-02,TikTok,Campus Life,India,23,69,15,2,6
2026-02-23,2026-02,TikTok,Campus Life,China,8,18,5,1,2
2026-02-23,2026-02,TikTok,Campus Life,Vietnam,11,33,7,2,2
2026-02-23,2026-02,TikTok,Application Process,India,21,65,7,7,7
2026-02-23,2026-02,TikTok,Application Process,China,11,49,3,2,6
2026-02-23,2026-02,TikTok,Application Process,Vietnam,22,49,6,4,12
2026-02-23,2026-02,TikTok,Application Process,Malaysia,9,32,3,2,4
2026-02-23,2026-02,TikTok,Support Services,India,20,68,13,3,4
2026-02-23,2026-02,TikTok,Support Services,China,11,47,8,1,2
2026-02-23,2026-02,TikTok,Support Services,Vietnam,9,27,6,1,2
2026-02-23,2026-02,Reddit,Visa Processing,India,38,170,8,9,21
2026-02-23,2026-02,Reddit,Visa Processing,China,22,119,5,6,11
2026-02-23,2026-02,Reddit,Visa Processing,Vietnam,26,182,5,5,16
2026-02-23,2026-02,Reddit,Visa Processing,Malaysia,14,90,3,4,7
2026-02-23,2026-02,Reddit,Accommodation Cost,India,37,247,23,4,10
2026-02-23,2026-02,Reddit,Accommodation Cost,China,18,117,12,2,4
2026-02-23,2026-02,Reddit,Accommodation Cost,Vietnam,8,53,5,1,2
2026-02-23,2026-02,Reddit,Accommodation Cost,Malaysia,8,48,5,1,2
2026-02-23,2026-02,Reddit,Scholarships,India,36,263,22,6,8
2026-02-23,2026-02,Reddit,Scholarships,China,22,179,13,3,6
2026-02-23,2026-02,Reddit,Scholarships,Malaysia,17,143,11,3,3
2026-02-23,2026-02,Reddit,Campus Safety,India,14,79,6,3,5
2026-02-23,2026-02,Reddit,Campus Safety,China,11,73,5,2,4
2026-02-23,2026-02,Reddit,Campus Safety,Vietnam,4,22,2,1,1
2026-02-23,2026-02,Reddit,Campus Safety,Malaysia,4,22,2,0,2
2026-02-23,2026-02,Reddit,Course Quality,India,16,93,4,3,9
2026-02-23,2026-02,Reddit,Course Quality,China,12,61,3,4,5
2026-02-23,2026-02,Reddit,Course Quality,Vietnam,10,68,3,3,4
2026-02-23,2026-02,Reddit,Career Outcomes,India,16,134,8,2,6
2026-02-23,2026-02,Reddit,Career Outcomes,China,13,116,6,3,4
2026-02-23,2026-02,Reddit,Career Outcomes,Vietnam,2,11,1,0,1
2026-02-23,2026-02,Reddit,Career Outcomes,Malaysia,10,86,5,2,3
2026-02-23,2026-02,Reddit,Part-Time Work Rights,India,14,112,6,2,6
2026-02-23,2026-02,Reddit,Part-Time Work Rights,China,4,33,2,1,1
2026-02-23,2026-02,Reddit,Part-Time Work Rights,Vietnam,8,56,4,1,3
2026-02-23,2026-02,Reddit,Part-Time Work Rights,Malaysia,7,51,3,2,2
2026-02-23,2026-02,Reddit,Campus Life,China,15,75,10,2,3
2026-02-23,2026-02,Reddit,Campus Life,Vietnam,16,144,11,2,3
2026-02-23,2026-02,Reddit,Campus Life,Malaysia,12,99,8,2,2
2026-02-23,2026-02,Reddit,Application Process,India,2,16,1,0,1
2026-02-23,2026-02,Reddit,Application Process,China,22,171,7,4,11
2026-02-23,2026-02,Reddit,Application Process,Vietnam,13,93,4,4,5
2026-02-23,2026-02,Reddit,Support Services,India,17,86,11,3,3
2026-02-23,2026-02,Reddit,Support Services,China,11,50,7,1,3
2026-02-23,2026-02,Reddit,Support Services,Vietnam,15,64,10,1,4
2026-02-23,2026-02,Reddit,Support Services,Malaysia,11,72,8,1,2
2026-02-23,2026-02,X (Twitter),Visa Processing,India,34,67,7,13,14
2026-02-23,2026-02,X (Twitter),Visa Processing,China,30,77,7,5,18
2026-02-23,2026-02,X (Twitter),Visa Processing,Vietnam,24,70,6,5,13
2026-02-23,2026-02,X (Twitter),Visa Processing,Malaysia,20,57,4,8,8
2026-02-23,2026-02,X (Twitter),Accommodation Cost,India,17,36,12,2,3
2026-02-23,2026-02,X (Twitter),Accommodation Cost,China,14,39,9,1,4
2026-02-23,2026-02,X (Twitter),Accommodation Cost,Malaysia,17,39,11,2,4
2026-02-23,2026-02,X (Twitter),Scholarships,India,14,25,8,3,3
2026-02-23,2026-02,X (Twitter),Scholarships,China,13,36,8,2,3
2026-02-23,2026-02,X (Twitter),Scholarships,Vietnam,15,33,9,3,3
2026-02-23,2026-02,X (Twitter),Scholarships,Malaysia,4,10,3,0,1
2026-02-23,2026-02,X (Twitter),Campus Safety,India,15,43,5,4,6
2026-02-23,2026-02,X (Twitter),Campus Safety,Vietnam,10,15,4,2,4
2026-02-23,2026-02,X (Twitter),Campus Safety,Malaysia,3,7,1,1,1
2026-02-23,2026-02,X (Twitter),Course Quality,India,8,18,2,2,4
2026-02-23,2026-02,X (Twitter),Course Quality,China,20,57,5,6,9
2026-02-23,2026-02,X (Twitter),Course Quality,Malaysia,6,12,2,1,3
2026-02-23,2026-02,X (Twitter),Career Outcomes,India,12,25,6,2,4
2026-02-23,2026-02,X (Twitter),Career Outcomes,China,14,30,8,3,3
2026-02-23,2026-02,X (Twitter),Career Outcomes,Vietnam,5,8,3,0,2
2026-02-23,2026-02,X (Twitter),Career Outcomes,Malaysia,8,20,4,1,3
2026-02-23,2026-02,X (Twitter),Part-Time Work Rights,India,14,31,6,3,5
2026-02-23,2026-02,X (Twitter),Part-Time Work Rights,China,14,36,7,3,4
2026-02-23,2026-02,X (Twitter),Part-Time Work Rights,Vietnam,6,9,2,2,2
2026-02-23,2026-02,X (Twitter),Part-Time Work Rights,Malaysia,7,11,3,2,2
2026-02-23,2026-02,X (Twitter),Campus Life,India,21,48,14,3,4
2026-02-23,2026-02,X (Twitter),Campus Life,China,16,30,11,2,3
2026-02-23,2026-02,X (Twitter),Campus Life,Vietnam,8,18,5,1,2
2026-02-23,2026-02,X (Twitter),Campus Life,Malaysia,4,7,3,0,1
2026-02-23,2026-02,X (Twitter),Application Process,India,15,21,5,2,8
2026-02-23,2026-02,X (Twitter),Application Process,China,13,35,4,4,5
2026-02-23,2026-02,X (Twitter),Application Process,Vietnam,9,23,3,2,4
2026-02-23,2026-02,X (Twitter),Application Process,Malaysia,11,20,3,3,5
2026-02-23,2026-02,X (Twitter),Support Services,India,14,37,10,2,2
2026-02-23,2026-02,X (Twitter),Support Services,China,7,18,5,0,2
2026-02-23,2026-02,X (Twitter),Support Services,Malaysia,8,21,5,2,1
2026-02-23,2026-02,News,Visa Processing,India,5,3,1,1,3
2026-02-23,2026-02,News,Visa Processing,China,5,4,1,1,3
2026-02-23,2026-02,News,Visa Processing,Vietnam,5,4,1,2,2
2026-02-23,2026-02,News,Accommodation Cost,India,7,5,4,1,2
2026-02-23,2026-02,News,Accommodation Cost,China,5,5,3,1,1
2026-02-23,2026-02,News,Accommodation Cost,Vietnam,4,3,3,0,1
2026-02-23,2026-02,News,Accommodation Cost,Malaysia,4,4,3,0,1
2026-02-23,2026-02,News,Scholarships,India,4,2,2,1,1
2026-02-23,2026-02,News,Scholarships,China,1,1,1,0,0
2026-02-23,2026-02,News,Scholarships,Vietnam,5,3,3,1,1
2026-02-23,2026-02,News,Campus Safety,India,4,3,2,0,2
2026-02-23,2026-02,News,Campus Safety,China,5,3,2,1,2
2026-02-23,2026-02,News,Campus Safety,Malaysia,2,2,1,0,1
2026-02-23,2026-02,News,Course Quality,India,6,4,1,2,3
2026-02-23,2026-02,News,Course Quality,China,5,6,1,2,2
2026-02-23,2026-02,News,Course Quality,Malaysia,4,4,1,1,2
2026-02-23,2026-02,News,Career Outcomes,India,7,5,4,1,2
2026-02-23,2026-02,News,Career Outcomes,Vietnam,4,4,2,1,1
2026-02-23,2026-02,News,Part-Time Work Rights,India,3,2,1,1,1
2026-02-23,2026-02,News,Part-Time Work Rights,Vietnam,4,4,2,1,1
2026-02-23,2026-02,News,Part-Time Work Rights,Malaysia,1,1,0,1,0
2026-02-23,2026-02,News,Campus Life,India,7,5,4,1,2
2026-02-23,2026-02,News,Campus Life,China,7,4,4,1,2
2026-02-23,2026-02,News,Campus Life,Vietnam,5,5,3,1,1
2026-02-23,2026-02,News,Application Process,India,6,5,2,1,3
2026-02-23,2026-02,News,Application Process,China,5,6,1,1,3
2026-02-23,2026-02,News,Application Process,Vietnam,4,3,1,1,2
2026-02-23,2026-02,News,Support Services,India,4,3,3,0,1
2026-02-23,2026-02,News,Support Services,China,3,2,2,0,1
2026-02-23,2026-02,News,Support Services,Vietnam,3,2,2,0,1
2026-02-23,2026-02,News,Support Services,Malaysia,1,1,1,0,0
2026-02-23,2026-02,Forums,Visa Processing,India,26,87,6,8,12
2026-02-23,2026-02,Forums,Visa Processing,China,3,13,1,0,2
2026-02-23,2026-02,Forums,Visa Processing,Malaysia,4,16,1,1,2
2026-02-23,2026-02,Forums,Accommodation Cost,India,13,59,9,1,3
2026-02-23,2026-02,Forums,Accommodation Cost,China,7,26,4,1,2
2026-02-23,2026-02,Forums,Accommodation Cost,Vietnam,9,39,6,1,2
2026-02-23,2026-02,Forums,Accommodation Cost,Malaysia,7,21,5,0,2
2026-02-23,2026-02,Forums,Scholarships,India,9,42,6,0,3
2026-02-23,2026-02,Forums,Scholarships,China,13,35,8,2,3
2026-02-23,2026-02,Forums,Scholarships,Vietnam,9,24,6,1,2
2026-02-23,2026-02,Forums,Scholarships,Malaysia,3,14,2,0,1
2026-02-23,2026-02,Forums,Campus Safety,India,10,31,4,1,5
2026-02-23,2026-02,Forums,Campus Safety,China,4,22,2,0,2
2026-02-23,2026-02,Forums,Campus Safety,Vietnam,5,14,2,1,2
2026-02-23,2026-02,Forums,Campus Safety,Malaysia,4,15,2,0,2
2026-02-23,2026-02,Forums,Course Quality,India,13,38,4,4,5
2026-02-23,2026-02,Forums,Course Quality,China,3,10,1,0,2
2026-02-23,2026-02,Forums,Course Quality,Vietnam,6,28,1,2,3
2026-02-23,2026-02,Forums,Course Quality,Malaysia,2,7,1,0,1
2026-02-23,2026-02,Forums,Career Outcomes,India,5,18,2,1,2
2026-02-23,2026-02,Forums,Career Outcomes,China,4,15,2,1,1
2026-02-23,2026-02,Forums,Career Outcomes,Vietnam,5,21,3,1,1
2026-02-23,2026-02,Forums,Career Outcomes,Malaysia,2,8,1,0,1
2026-02-23,2026-02,Forums,Part-Time Work Rights,India,5,15,2,1,2
2026-02-23,2026-02,Forums,Part-Time Work Rights,China,5,13,2,1,2
2026-02-23,2026-02,Forums,Part-Time Work Rights,Vietnam,4,21,2,1,1
2026-02-23,2026-02,Forums,Part-Time Work Rights,Malaysia,3,12,1,1,1
2026-02-23,2026-02,Forums,Campus Life,China,3,13,2,0,1
2026-02-23,2026-02,Forums,Campus Life,Vietnam,4,13,2,1,1
2026-02-23,2026-02,Forums,Campus Life,Malaysia,6,19,4,1,1
2026-02-23,2026-02,Forums,Application Process,India,11,32,3,3,5
2026-02-23,2026-02,Forums,Application Process,China,8,26,2,2,4
2026-02-23,2026-02,Forums,Application Process,Vietnam,4,17,1,1,2
2026-02-23,2026-02,Forums,Application Process,Malaysia,4,18,1,1,2
2026-02-23,2026-02,Forums,Support Services,India,5,23,3,1,1
2026-02-23,2026-02,Forums,Support Services,China,6,22,4,1,1
2026-02-23,2026-02,Forums,Support Services,Vietnam,3,10,2,0,1
2026-03-02,2026-03,TikTok,Visa Processing,China,35,137,5,6,24
2026-03-02,2026-03,TikTok,Visa Processing,Vietnam,23,98,3,8,12
2026-03-02,2026-03,TikTok,Visa Processing,Malaysia,30,129,5,6,19
2026-03-02,2026-03,TikTok,Accommodation Cost,India,29,85,23,3,3
2026-03-02,2026-03,TikTok,Accommodation Cost,China,17,38,13,1,3
2026-03-02,2026-03,TikTok,Accommodation Cost,Vietnam,17,68,13,1,3
2026-03-02,2026-03,TikTok,Accommodation Cost,Malaysia,11,47,9,1,1
2026-03-02,2026-03,TikTok,Scholarships,China,22,57,15,3,4
2026-03-02,2026-03,TikTok,Scholarships,Vietnam,21,65,14,2,5
2026-03-02,2026-03,TikTok,Scholarships,Malaysia,18,40,11,2,5
2026-03-02,2026-03,TikTok,Campus Safety,India,40,104,12,13,15
2026-03-02,2026-03,TikTok,Campus Safety,China,15,33,5,5,5
2026-03-02,2026-03,TikTok,Campus Safety,Vietnam,14,62,4,3,7
2026-03-02,2026-03,TikTok,Campus Safety,Malaysia,8,19,2,2,4
2026-03-02,2026-03,TikTok,Course Quality,India,37,140,11,5,21
2026-03-02,2026-03,TikTok,Course Quality,China,16,55,4,3,9
2026-03-02,2026-03,TikTok,Course Quality,Vietnam,7,17,2,2,3
2026-03-02,2026-03,TikTok,Course Quality,Malaysia,11,47,3,3,5
2026-03-02,2026-03,TikTok,Career Outcomes,India,18,40,11,3,4
2026-03-02,2026-03,TikTok,Career Outcomes,China,24,70,16,3,5
2026-03-02,2026-03,TikTok,Career Outcomes,Vietnam,13,30,8,3,2
2026-03-02,2026-03,TikTok,Career Outcomes,Malaysia,5,12,3,1,1
2026-03-02,2026-03,TikTok,Part-Time Work Rights,India,9,38,3,2,4
2026-03-02,2026-03,TikTok,Part-Time Work Rights,China,17,70,7,2,8
2026-03-02,2026-03,TikTok,Part-Time Work Rights,Vietnam,14,61,5,3,6
2026-03-02,2026-03,TikTok,Part-Time Work Rights,Malaysia,2,6,1,0,1
2026-03-02,2026-03,TikTok,Campus Life,India,25,88,18,2,5
2026-03-02,2026-03,TikTok,Campus Life,China,9,37,7,0,2
2026-03-02,2026-03,TikTok,Campus Life,Vietnam,22,71,16,2,4
2026-03-02,2026-03,TikTok,Campus Life,Malaysia,11,26,8,1,2
2026-03-02,2026-03,TikTok,Application Process,India,44,194,15,14,15
2026-03-02,2026-03,TikTok,Application Process,China,13,42,5,2,6
2026-03-02,2026-03,TikTok,Application Process,Vietnam,10,42,3,3,4
2026-03-02,2026-03,TikTok,Application Process,Malaysia,19,83,6,5,8
2026-03-02,2026-03,TikTok,Support Services,India,14,56,9,2,3
2026-03-02,2026-03,TikTok,Support Services,China,7,25,4,1,2
2026-03-02,2026-03,TikTok,Support Services,Malaysia,4,12,2,1,1
2026-03-02,2026-03,Reddit,Visa Processing,India,57,489,10,11,36
2026-03-02,2026-03,Reddit,Visa Processing,China,27,140,3,6,18
2026-03-02,2026-03,Reddit,Visa Processing,Vietnam,22,129,3,5,14
2026-03-02,2026-03,Reddit,Visa Processing,Malaysia,22,181,4,4,14
2026-03-02,2026-03,Reddit,Accommodation Cost,India,35,168,25,3,7
2026-03-02,2026-03,Reddit,Accommodation Cost,China,6,27,4,1,1
2026-03-02,2026-03,Reddit,Accommodation Cost,Vietnam,9,49,7,1,1
2026-03-02,2026-03,Reddit,Accommodation Cost,Malaysia,15,122,11,1,3
2026-03-02,2026-03,Reddit,Scholarships,India,5,44,3,1,1
2026-03-02,2026-03,Reddit,Scholarships,Vietnam,16,118,10,3,3
2026-03-02,2026-03,Reddit,Scholarships,Malaysia,5,33,3,1,1
2026-03-02,2026-03,Reddit,Campus Safety,India,9,57,2,2,5
2026-03-02,2026-03,Reddit,Campus Safety,China,9,69,3,2,4
2026-03-02,2026-03,Reddit,Campus Safety,Malaysia,5,33,1,2,2
2026-03-02,2026-03,Reddit,Course Quality,India,11,99,3,4,4
2026-03-02,2026-03,Reddit,Course Quality,China,15,119,4,5,6
2026-03-02,2026-03,Reddit,Course Quality,Malaysia,10,85,3,3,4
2026-03-02,2026-03,Reddit,Career Outcomes,India,12,67,8,1,3
2026-03-02,2026-03,Reddit,Career Outcomes,China,8,54,5,1,2
2026-03-02,2026-03,Reddit,Career Outcomes,Vietnam,8,37,5,1,2
2026-03-02,2026-03,Reddit,Career Outcomes,Malaysia,11,79,7,1,3
2026-03-02,2026-03,Reddit,Part-Time Work Rights,India,15,119,5,4,6
2026-03-02,2026-03,Reddit,Part-Time Work Rights,China,16,68,6,4,6
2026-03-02,2026-03,Reddit,Part-Time Work Rights,Vietnam,6,50,2,2,2
2026-03-02,2026-03,Reddit,Part-Time Work Rights,Malaysia,8,70,3,2,3
2026-03-02,2026-03,Reddit,Campus Life,India,7,63,5,1,1
2026-03-02,2026-03,Reddit,Campus Life,Vietnam,10,63,7,2,1
2026-03-02,2026-03,Reddit,Campus Life,Malaysia,5,40,4,0,1
2026-03-02,2026-03,Reddit,Application Process,India,28,183,9,8,11
2026-03-02,2026-03,Reddit,Application Process,Vietnam,8,60,2,3,3
2026-03-02,2026-03,Reddit,Application Process,Malaysia,11,91,4,3,4
2026-03-02,2026-03,Reddit,Support Services,China,11,68,7,1,3
2026-03-02,2026-03,Reddit,Support Services,Vietnam,4,30,3,0,1
2026-03-02,2026-03,Reddit,Support Services,Malaysia,6,46,4,0,2
2026-03-02,2026-03,X (Twitter),Visa Processing,India,25,58,4,7,14
2026-03-02,2026-03,X (Twitter),Visa Processing,China,12,27,1,4,7
2026-03-02,2026-03,X (Twitter),Visa Processing,Malaysia,10,23,2,2,6
2026-03-02,2026-03,X (Twitter),Accommodation Cost,India,15,27,11,2,2
2026-03-02,2026-03,X (Twitter),Accommodation Cost,China,22,40,16,2,4
2026-03-02,2026-03,X (Twitter),Accommodation Cost,Vietnam,6,12,5,0,1
2026-03-02,2026-03,X (Twitter),Accommodation Cost,Malaysia,14,26,11,1,2
2026-03-02,2026-03,X (Twitter),Scholarships,India,14,23,9,1,4
2026-03-02,2026-03,X (Twitter),Scholarships,China,17,25,11,3,3
2026-03-02,2026-03,X (Twitter),Scholarships,Vietnam,15,24,10,2,3
2026-03-02,2026-03,X (Twitter),Scholarships,Malaysia,7,20,5,1,1
2026-03-02,2026-03,X (Twitter),Campus Safety,India,13,23,3,3,7
2026-03-02,2026-03,X (Twitter),Campus Safety,China,12,18,4,3,5
2026-03-02,2026-03,X (Twitter),Campus Safety,Vietnam,10,18,3,2,5
2026-03-02,2026-03,X (Twitter),Campus Safety,Malaysia,2,6,1,0,1
2026-03-02,2026-03,X (Twitter),Course Quality,India,12,32,4,1,7
2026-03-02,2026-03,X (Twitter),Course Quality,China,11,25,3,3,5
2026-03-02,2026-03,X (Twitter),Course Quality,Vietnam,11,24,3,2,6
2026-03-02,2026-03,X (Twitter),Career Outcomes,India,7,16,5,1,1
2026-03-02,2026-03,X (Twitter),Career Outcomes,China,8,15,5,1,2
2026-03-02,2026-03,X (Twitter),Career Outcomes,Malaysia,2,4,1,1,0
2026-03-02,2026-03,X (Twitter),Part-Time Work Rights,India,16,31,6,2,8
2026-03-02,2026-03,X (Twitter),Part-Time Work Rights,China,6,10,2,1,3
2026-03-02,2026-03,X (Twitter),Part-Time Work Rights,Vietnam,10,14,3,3,4
2026-03-02,2026-03,X (Twitter),Part-Time Work Rights,Malaysia,7,11,3,2,2
2026-03-02,2026-03,X (Twitter),Campus Life,China,8,22,6,1,1
2026-03-02,2026-03,X (Twitter),Campus Life,Malaysia,7,11,5,1,1
2026-03-02,2026-03,X (Twitter),Application Process,India,20,37,7,4,9
2026-03-02,2026-03,X (Twitter),Application Process,China,7,18,2,2,3
2026-03-02,2026-03,X (Twitter),Application Process,Vietnam,11,24,4,2,5
2026-03-02,2026-03,X (Twitter),Support Services,India,14,35,8,3,3
2026-03-02,2026-03,X (Twitter),Support Services,China,9,26,6,0,3
2026-03-02,2026-03,X (Twitter),Support Services,Vietnam,5,11,3,1,1
2026-03-02,2026-03,X (Twitter),Support Services,Malaysia,1,1,1,0,0
2026-03-02,2026-03,News,Visa Processing,India,11,11,2,4,5
2026-03-02,2026-03,News,Visa Processing,China,4,3,1,1,2
2026-03-02,2026-03,News,Visa Processing,Vietnam,7,5,1,2,4
2026-03-02,2026-03,News,Visa Processing,Malaysia,5,6,1,1,3
2026-03-02,2026-03,News,Accommodation Cost,India,9,7,7,1,1
2026-03-02,2026-03,News,Accommodation Cost,China,3,3,2,1,0
2026-03-02,2026-03,News,Accommodation Cost,Vietnam,5,3,4,0,1
2026-03-02,2026-03,News,Accommodation Cost,Malaysia,2,1,2,0,0
2026-03-02,2026-03,News,Scholarships,India,12,7,8,1,3
2026-03-02,2026-03,News,Scholarships,China,8,6,5,1,2
2026-03-02,2026-03,News,Scholarships,Vietnam,2,2,1,0,1
2026-03-02,2026-03,News,Scholarships,Malaysia,6,5,4,1,1
2026-03-02,2026-03,News,Campus Safety,India,2,2,1,0,1
2026-03-02,2026-03,News,Campus Safety,Vietnam,2,2,1,0,1
2026-03-02,2026-03,News,Campus Safety,Malaysia,4,3,1,1,2
2026-03-02,2026-03,News,Course Quality,India,9,9,3,3,3
2026-03-02,2026-03,News,Course Quality,Vietnam,6,6,2,2,2
2026-03-02,2026-03,News,Course Quality,Malaysia,2,1,1,0,1
2026-03-02,2026-03,News,Career Outcomes,India,3,3,2,0,1
2026-03-02,2026-03,News,Career Outcomes,China,6,6,4,1,1
2026-03-02,2026-03,News,Career Outcomes,Vietnam,1,1,1,0,0
2026-03-02,2026-03,News,Career Outcomes,Malaysia,1,1,1,0,0
2026-03-02,2026-03,News,Part-Time Work Rights,India,5,3,2,1,2
2026-03-02,2026-03,News,Part-Time Work Rights,Vietnam,2,1,1,0,1
2026-03-02,2026-03,News,Part-Time Work Rights,Malaysia,3,2,1,1,1
2026-03-02,2026-03,News,Campus Life,India,9,8,7,0,2
2026-03-02,2026-03,News,Campus Life,Vietnam,4,3,3,0,1
2026-03-02,2026-03,News,Campus Life,Malaysia,2,2,1,1,0
2026-03-02,2026-03,News,Application Process,India,5,5,2,1,2
2026-03-02,2026-03,News,Application Process,China,1,1,0,1,0
2026-03-02,2026-03,News,Application Process,Vietnam,3,2,1,1,1
2026-03-02,2026-03,News,Application Process,Malaysia,3,2,1,0,2
2026-03-02,2026-03,News,Support Services,China,3,3,2,0,1
2026-03-02,2026-03,News,Support Services,Vietnam,4,3,3,0,1
2026-03-02,2026-03,News,Support Services,Malaysia,2,1,1,1,0
2026-03-02,2026-03,Forums,Visa Processing,India,9,45,2,3,4
2026-03-02,2026-03,Forums,Visa Processing,China,17,70,3,5,9
2026-03-02,2026-03,Forums,Visa Processing,Malaysia,6,31,1,1,4
2026-03-02,2026-03,Forums,Accommodation Cost,India,20,91,15,2,3
2026-03-02,2026-03,Forums,Accommodation Cost,China,11,60,8,1,2
2026-03-02,2026-03,Forums,Accommodation Cost,Vietnam,9,47,7,1,1
2026-03-02,2026-03,Forums,Accommodation Cost,Malaysia,8,37,6,1,1
2026-03-02,2026-03,Forums,Scholarships,India,16,82,11,1,4
2026-03-02,2026-03,Forums,Scholarships,Vietnam,9,30,6,1,2
2026-03-02,2026-03,Forums,Scholarships,Malaysia,4,20,3,0,1
2026-03-02,2026-03,Forums,Campus Safety,India,5,17,1,2,2
2026-03-02,2026-03,Forums,Campus Safety,China,9,45,2,3,4
2026-03-02,2026-03,Forums,Campus Safety,Vietnam,5,16,2,0,3
2026-03-02,2026-03,Forums,Campus Safety,Malaysia,6,21,2,1,3
2026-03-02,2026-03,Forums,Course Quality,India,10,50,3,2,5
2026-03-02,2026-03,Forums,Course Quality,China,11,49,3,2,6
2026-03-02,2026-03,Forums,Course Quality,Vietnam,4,21,1,1,2
2026-03-02,2026-03,Forums,Course Quality,Malaysia,4,16,1,1,2
2026-03-02,2026-03,Forums,Career Outcomes,China,7,30,5,0,2
2026-03-02,2026-03,Forums,Career Outcomes,Vietnam,7,37,4,1,2
2026-03-02,2026-03,Forums,Career Outcomes,Malaysia,2,10,1,0,1
2026-03-02,2026-03,Forums,Part-Time Work Rights,India,6,24,2,1,3
2026-03-02,2026-03,Forums,Part-Time Work Rights,China,4,15,2,0,2
2026-03-02,2026-03,Forums,Part-Time Work Rights,Vietnam,4,17,2,0,2
2026-03-02,2026-03,Forums,Part-Time Work Rights,Malaysia,3,15,1,1,1
2026-03-02,2026-03,Forums,Campus Life,India,13,64,10,1,2
2026-03-02,2026-03,Forums,Campus Life,China,11,31,8,1,2
2026-03-02,2026-03,Forums,Campus Life,Vietnam,5,23,4,0,1
2026-03-02,2026-03,Forums,Campus Life,Malaysia,5,16,4,0,1
2026-03-02,2026-03,Forums,Application Process,India,6,18,2,1,3
2026-03-02,2026-03,Forums,Application Process,China,9,40,3,1,5
2026-03-02,2026-03,Forums,Application Process,Vietnam,9,30,3,1,5
2026-03-02,2026-03,Forums,Application Process,Malaysia,6,32,2,1,3
2026-03-02,2026-03,Forums,Support Services,India,8,30,5,2,1
2026-03-02,2026-03,Forums,Support Services,China,7,36,4,1,2
2026-03-02,2026-03,Forums,Support Services,Vietnam,3,10,2,0,1
2026-03-02,2026-03,Forums,Support Services,Malaysia,2,5,1,1,0
2026-03-09,2026-03,TikTok,Visa Processing,India,51,215,14,8,29
2026-03-09,2026-03,TikTok,Visa Processing,Vietnam,16,54,4,3,9
2026-03-09,2026-03,TikTok,Visa Processing,Malaysia,14,30,3,6,5
2026-03-09,2026-03,TikTok,Accommodation Cost,India,42,151,27,6,9
2026-03-09,2026-03,TikTok,Accommodation Cost,China,12,43,8,1,3
2026-03-09,2026-03,TikTok,Accommodation Cost,Vietnam,14,47,9,1,4
2026-03-09,2026-03,TikTok,Scholarships,India,46,199,33,3,10
2026-03-09,2026-03,TikTok,Scholarships,China,27,102,18,4,5
2026-03-09,2026-03,TikTok,Scholarships,Vietnam,18,55,12,1,5
2026-03-09,2026-03,TikTok,Scholarships,Malaysia,17,47,12,1,4
2026-03-09,2026-03,TikTok,Campus Safety,India,35,76,7,11,17
2026-03-09,2026-03,TikTok,Campus Safety,China,22,83,5,7,10
2026-03-09,2026-03,TikTok,Campus Safety,Malaysia,12,33,3,3,6
2026-03-09,2026-03,TikTok,Course Quality,India,35,83,5,7,23
2026-03-09,2026-03,TikTok,Course Quality,China,8,31,1,2,5
2026-03-09,2026-03,TikTok,Course Quality,Vietnam,16,43,3,3,10
2026-03-09,2026-03,TikTok,Course Quality,Malaysia,9,30,1,2,6
2026-03-09,2026-03,TikTok,Career Outcomes,India,23,52,14,4,5
2026-03-09,2026-03,TikTok,Career Outcomes,China,4,17,3,0,1
2026-03-09,2026-03,TikTok,Career Outcomes,Vietnam,12,26,8,1,3
2026-03-09,2026-03,TikTok,Career Outcomes,Malaysia,8,32,5,1,2
2026-03-09,2026-03,TikTok,Part-Time Work Rights,India,30,87,13,6,11
2026-03-09,2026-03,TikTok,Part-Time Work Rights,China,13,55,5,3,5
2026-03-09,2026-03,TikTok,Part-Time Work Rights,Vietnam,17,59,7,4,6
2026-03-09,2026-03,TikTok,Part-Time Work Rights,Malaysia,5,11,2,1,2
2026-03-09,2026-03,TikTok,Campus Life,India,20,48,18,1,1
2026-03-09,2026-03,TikTok,Campus Life,China,12,37,11,1,0
2026-03-09,2026-03,TikTok,Campus Life,Vietnam,8,20,7,1,0
2026-03-09,2026-03,TikTok,Campus Life,Malaysia,17,70,16,0,1
2026-03-09,2026-03,TikTok,Application Process,India,21,57,6,4,11
2026-03-09,2026-03,TikTok,Application Process,China,18,54,5,6,7
2026-03-09,2026-03,TikTok,Application Process,Vietnam,3,11,1,0,2
2026-03-09,2026-03,TikTok,Application Process,Malaysia,6,26,2,2,2
2026-03-09,2026-03,TikTok,Support Services,China,23,78,16,2,5
2026-03-09,2026-03,TikTok,Support Services,Vietnam,7,27,4,1,2
2026-03-09,2026-03,TikTok,Support Services,Malaysia,11,31,7,2,2
2026-03-09,2026-03,Reddit,Visa Processing,China,19,164,4,4,11
2026-03-09,2026-03,Reddit,Visa Processing,Vietnam,26,229,7,6,13
2026-03-09,2026-03,Reddit,Visa Processing,Malaysia,23,122,5,5,13
2026-03-09,2026-03,Reddit,Accommodation Cost,India,18,138,12,3,3
2026-03-09,2026-03,Reddit,Accommodation Cost,China,14,108,9,2,3
2026-03-09,2026-03,Reddit,Accommodation Cost,Vietnam,10,63,6,1,3
2026-03-09,2026-03,Reddit,Accommodation Cost,Malaysia,17,128,11,3,3
2026-03-09,2026-03,Reddit,Scholarships,India,1,6,1,0,0
2026-03-09,2026-03,Reddit,Scholarships,China,22,171,15,2,5
2026-03-09,2026-03,Reddit,Scholarships,Vietnam,15,77,10,1,4
2026-03-09,2026-03,Reddit,Scholarships,Malaysia,14,114,10,2,2
2026-03-09,2026-03,Reddit,Campus Safety,China,15,84,3,5,7
2026-03-09,2026-03,Reddit,Campus Safety,Vietnam,14,65,3,5,6
2026-03-09,2026-03,Reddit,Campus Safety,Malaysia,8,48,2,2,4
2026-03-09,2026-03,Reddit,Course Quality,India,8,34,1,3,4
2026-03-09,2026-03,Reddit,Course Quality,China,18,112,2,7,9
2026-03-09,2026-03,Reddit,Course Quality,Vietnam,21,169,3,5,13
2026-03-09,2026-03,Reddit,Course Quality,Malaysia,7,49,1,3,3
2026-03-09,2026-03,Reddit,Career Outcomes,India,22,194,14,3,5
2026-03-09,2026-03,Reddit,Career Outcomes,China,3,20,2,0,1
2026-03-09,2026-03,Reddit,Career Outcomes,Malaysia,12,80,7,2,3
2026-03-09,2026-03,Reddit,Part-Time Work Rights,India,19,160,8,3,8
2026-03-09,2026-03,Reddit,Part-Time Work Rights,China,16,124,6,4,6
2026-03-09,2026-03,Reddit,Part-Time Work Rights,Vietnam,11,96,4,2,5
2026-03-09,2026-03,Reddit,Part-Time Work Rights,Malaysia,11,69,4,3,4
2026-03-09,2026-03,Reddit,Campus Life,India,17,142,16,0,1
2026-03-09,2026-03,Reddit,Campus Life,China,12,97,10,1,1
2026-03-09,2026-03,Reddit,Campus Life,Vietnam,13,110,11,1,1
2026-03-09,2026-03,Reddit,Campus Life,Malaysia,13,67,12,0,1
2026-03-09,2026-03,Reddit,Application Process,India,13,113,4,3,6
2026-03-09,2026-03,Reddit,Application Process,China,16,112,5,4,7
2026-03-09,2026-03,Reddit,Application Process,Vietnam,10,45,3,2,5
2026-03-09,2026-03,Reddit,Application Process,Malaysia,11,63,3,2,6
2026-03-09,2026-03,Reddit,Support Services,China,2,9,1,1,0
2026-03-09,2026-03,Reddit,Support Services,Vietnam,10,69,7,1,2
2026-03-09,2026-03,Reddit,Support Services,Malaysia,11,89,7,1,3
2026-03-09,2026-03,X (Twitter),Visa Processing,India,25,67,6,5,14
2026-03-09,2026-03,X (Twitter),Visa Processing,China,24,60,6,4,14
2026-03-09,2026-03,X (Twitter),Visa Processing,Vietnam,25,41,6,7,12
2026-03-09,2026-03,X (Twitter),Visa Processing,Malaysia,18,43,5,6,7
2026-03-09,2026-03,X (Twitter),Accommodation Cost,India,34,72,21,3,10
2026-03-09,2026-03,X (Twitter),Accommodation Cost,China,9,13,6,1,2
2026-03-09,2026-03,X (Twitter),Accommodation Cost,Vietnam,6,18,4,0,2
2026-03-09,2026-03,X (Twitter),Accommodation Cost,Malaysia,11,24,7,1,3
2026-03-09,2026-03,X (Twitter),Scholarships,India,7,13,5,1,1
2026-03-09,2026-03,X (Twitter),Scholarships,China,13,19,9,2,2
2026-03-09,2026-03,X (Twitter),Scholarships,Vietnam,12,35,8,1,3
2026-03-09,2026-03,X (Twitter),Scholarships,Malaysia,6,13,4,1,1
2026-03-09,2026-03,X (Twitter),Campus Safety,India,11,17,3,3,5
2026-03-09,2026-03,X (Twitter),Campus Safety,China,19,45,5,3,11
2026-03-09,2026-03,X (Twitter),Campus Safety,Vietnam,12,35,3,2,7
2026-03-09,2026-03,X (Twitter),Campus Safety,Malaysia,9,19,2,2,5
2026-03-09,2026-03,X (Twitter),Course Quality,India,27,65,3,8,16
2026-03-09,2026-03,X (Twitter),Course Quality,Vietnam,14,34,2,3,9
2026-03-09,2026-03,X (Twitter),Course Quality,Malaysia,6,10,1,1,4
2026-03-09,2026-03,X (Twitter),Career Outcomes,India,12,20,7,3,2
2026-03-09,2026-03,X (Twitter),Career Outcomes,China,11,29,7,1,3
2026-03-09,2026-03,X (Twitter),Career Outcomes,Vietnam,9,20,6,1,2
2026-03-09,2026-03,X (Twitter),Part-Time Work Rights,India,19,30,7,2,10
2026-03-09,2026-03,X (Twitter),Part-Time Work Rights,China,11,23,4,2,5
2026-03-09,2026-03,X (Twitter),Part-Time Work Rights,Vietnam,3,8,1,1,1
2026-03-09,2026-03,X (Twitter),Part-Time Work Rights,Malaysia,8,17,3,2,3
2026-03-09,2026-03,X (Twitter),Campus Life,China,15,22,14,0,1
2026-03-09,2026-03,X (Twitter),Campus Life,Vietnam,10,23,9,0,1
2026-03-09,2026-03,X (Twitter),Campus Life,Malaysia,9,20,8,1,0
2026-03-09,2026-03,X (Twitter),Application Process,India,20,46,6,4,10
2026-03-09,2026-03,X (Twitter),Application Process,China,20,41,7,6,7
2026-03-09,2026-03,X (Twitter),Application Process,Vietnam,5,15,1,2,2
2026-03-09,2026-03,X (Twitter),Application Process,Malaysia,11,30,4,2,5
2026-03-09,2026-03,X (Twitter),Support Services,India,12,22,8,1,3
2026-03-09,2026-03,X (Twitter),Support Services,China,5,14,3,1,1
2026-03-09,2026-03,X (Twitter),Support Services,Vietnam,9,18,6,1,2
2026-03-09,2026-03,X (Twitter),Support Services,Malaysia,9,22,6,1,2
2026-03-09,2026-03,News,Visa Processing,China,10,5,3,2,5
2026-03-09,2026-03,News,Visa Processing,Vietnam,3,3,1,1,1
2026-03-09,2026-03,News,Visa Processing,Malaysia,7,8,2,2,3
2026-03-09,2026-03,News,Accommodation Cost,India,12,8,7,2,3
2026-03-09,2026-03,News,Accommodation Cost,China,4,4,3,0,1
2026-03-09,2026-03,News,Accommodation Cost,Vietnam,5,3,3,1,1
2026-03-09,2026-03,News,Accommodation Cost,Malaysia,3,3,2,0,1
2026-03-09,2026-03,News,Scholarships,India,8,6,5,2,1
2026-03-09,2026-03,News,Scholarships,China,8,8,5,1,2
2026-03-09,2026-03,News,Scholarships,Vietnam,3,3,2,0,1
2026-03-09,2026-03,News,Scholarships,Malaysia,3,2,2,0,1
2026-03-09,2026-03,News,Campus Safety,India,7,6,1,2,4
2026-03-09,2026-03,News,Campus Safety,China,6,4,1,1,4
2026-03-09,2026-03,News,Campus Safety,Malaysia,3,3,1,0,2
2026-03-09,2026-03,News,Course Quality,India,10,5,2,2,6
2026-03-09,2026-03,News,Course Quality,Vietnam,3,3,1,1,1
2026-03-09,2026-03,News,Course Quality,Malaysia,1,1,0,0,1
2026-03-09,2026-03,News,Career Outcomes,India,6,3,4,1,1
2026-03-09,2026-03,News,Career Outcomes,Vietnam,2,2,1,1,0
2026-03-09,2026-03,News,Part-Time Work Rights,China,4,3,1,1,2
2026-03-09,2026-03,News,Part-Time Work Rights,Vietnam,2,1,1,0,1
2026-03-09,2026-03,News,Part-Time Work Rights,Malaysia,4,2,2,0,2
2026-03-09,2026-03,News,Campus Life,India,9,9,8,1,0
2026-03-09,2026-03,News,Campus Life,China,6,5,5,1,0
2026-03-09,2026-03,News,Campus Life,Vietnam,3,3,3,0,0
2026-03-09,2026-03,News,Campus Life,Malaysia,3,2,3,0,0
2026-03-09,2026-03,News,Application Process,India,8,6,3,2,3
2026-03-09,2026-03,News,Application Process,China,3,2,1,1,1
2026-03-09,2026-03,News,Application Process,Vietnam,2,2,1,0,1
2026-03-09,2026-03,News,Application Process,Malaysia,5,6,1,2,2
2026-03-09,2026-03,News,Support Services,India,5,4,3,1,1
2026-03-09,2026-03,News,Support Services,China,5,4,3,1,1
2026-03-09,2026-03,News,Support Services,Vietnam,3,3,2,0,1
2026-03-09,2026-03,Forums,Visa Processing,India,15,68,4,4,7
2026-03-09,2026-03,Forums,Visa Processing,China,15,74,4,3,8
2026-03-09,2026-03,Forums,Visa Processing,Vietnam,11,59,3,2,6
2026-03-09,2026-03,Forums,Visa Processing,Malaysia,3,9,1,1,1
2026-03-09,2026-03,Forums,Accommodation Cost,India,6,16,4,1,1
2026-03-09,2026-03,Forums,Accommodation Cost,Vietnam,2,10,1,1,0
2026-03-09,2026-03,Forums,Accommodation Cost,Malaysia,1,5,1,0,0
2026-03-09,2026-03,Forums,Scholarships,India,9,40,6,1,2
2026-03-09,2026-03,Forums,Scholarships,China,16,58,11,2,3
2026-03-09,2026-03,Forums,Scholarships,Vietnam,9,40,6,1,2
2026-03-09,2026-03,Forums,Scholarships,Malaysia,7,32,5,1,1
2026-03-09,2026-03,Forums,Campus Safety,India,10,35,3,3,4
2026-03-09,2026-03,Forums,Campus Safety,China,4,15,1,1,2
2026-03-09,2026-03,Forums,Campus Safety,Vietnam,2,6,1,0,1
2026-03-09,2026-03,Forums,Campus Safety,Malaysia,4,21,1,1,2
2026-03-09,2026-03,Forums,Course Quality,India,15,84,2,6,7
2026-03-09,2026-03,Forums,Course Quality,Vietnam,4,21,0,2,2
2026-03-09,2026-03,Forums,Course Quality,Malaysia,4,17,0,2,2
2026-03-09,2026-03,Forums,Career Outcomes,India,3,9,2,0,1
2026-03-09,2026-03,Forums,Career Outcomes,China,6,30,4,1,1
2026-03-09,2026-03,Forums,Career Outcomes,Vietnam,4,11,3,0,1
2026-03-09,2026-03,Forums,Career Outcomes,Malaysia,5,24,3,1,1
2026-03-09,2026-03,Forums,Part-Time Work Rights,India,10,54,4,3,3
2026-03-09,2026-03,Forums,Part-Time Work Rights,China,4,22,1,2,1
2026-03-09,2026-03,Forums,Part-Time Work Rights,Vietnam,5,24,2,1,2
2026-03-09,2026-03,Forums,Part-Time Work Rights,Malaysia,7,22,3,1,3
2026-03-09,2026-03,Forums,Campus Life,India,7,31,6,1,0
2026-03-09,2026-03,Forums,Campus Life,China,1,5,1,0,0
2026-03-09,2026-03,Forums,Campus Life,Vietnam,1,4,1,0,0
2026-03-09,2026-03,Forums,Campus Life,Malaysia,3,11,3,0,0
2026-03-09,2026-03,Forums,Application Process,India,13,34,4,4,5
2026-03-09,2026-03,Forums,Application Process,China,3,14,1,0,2
2026-03-09,2026-03,Forums,Application Process,Vietnam,9,26,3,1,5
2026-03-09,2026-03,Forums,Application Process,Malaysia,3,9,1,0,2
2026-03-09,2026-03,Forums,Support Services,India,4,14,3,0,1
2026-03-09,2026-03,Forums,Support Services,Vietnam,4,12,3,0,1
2026-03-09,2026-03,Forums,Support Services,Malaysia,2,11,1,1,0
2026-03-16,2026-03,TikTok,Visa Processing,India,48,168,11,8,29
2026-03-16,2026-03,TikTok,Visa Processing,China,31,122,8,8,15
2026-03-16,2026-03,TikTok,Visa Processing,Vietnam,24,65,7,8,9
2026-03-16,2026-03,TikTok,Visa Processing,Malaysia,12,44,3,2,7
2026-03-16,2026-03,TikTok,Accommodation Cost,China,33,94,22,2,9
2026-03-16,2026-03,TikTok,Accommodation Cost,Malaysia,19,72,13,2,4
2026-03-16,2026-03,TikTok,Scholarships,China,12,49,10,1,1
2026-03-16,2026-03,TikTok,Scholarships,Vietnam,12,30,10,0,2
2026-03-16,2026-03,TikTok,Campus Safety,India,31,97,9,8,14
2026-03-16,2026-03,TikTok,Campus Safety,Vietnam,17,45,5,4,8
2026-03-16,2026-03,TikTok,Campus Safety,Malaysia,12,46,3,3,6
2026-03-16,2026-03,TikTok,Course Quality,India,21,91,5,7,9
2026-03-16,2026-03,TikTok,Course Quality,China,23,59,6,4,13
2026-03-16,2026-03,TikTok,Course Quality,Vietnam,16,42,4,4,8
2026-03-16,2026-03,TikTok,Course Quality,Malaysia,15,46,4,4,7
2026-03-16,2026-03,TikTok,Career Outcomes,India,5,10,4,0,1
2026-03-16,2026-03,TikTok,Career Outcomes,China,13,43,10,1,2
2026-03-16,2026-03,TikTok,Career Outcomes,Malaysia,10,43,7,1,2
2026-03-16,2026-03,TikTok,Part-Time Work Rights,India,14,46,5,3,6
2026-03-16,2026-03,TikTok,Part-Time Work Rights,China,11,43,4,3,4
2026-03-16,2026-03,TikTok,Part-Time Work Rights,Malaysia,13,53,4,3,6
2026-03-16,2026-03,TikTok,Campus Life,India,32,140,28,1,3
2026-03-16,2026-03,TikTok,Campus Life,China,23,85,21,0,2
2026-03-16,2026-03,TikTok,Campus Life,Vietnam,7,24,6,0,1
2026-03-16,2026-03,TikTok,Campus Life,Malaysia,9,30,8,0,1
2026-03-16,2026-03,TikTok,Application Process,India,20,50,7,4,9
2026-03-16,2026-03,TikTok,Application Process,China,23,65,9,7,7
2026-03-16,2026-03,TikTok,Application Process,Vietnam,4,9,2,1,1
2026-03-16,2026-03,TikTok,Application Process,Malaysia,10,34,4,2,4
2026-03-16,2026-03,TikTok,Support Services,India,18,76,12,3,3
2026-03-16,2026-03,TikTok,Support Services,Vietnam,12,40,8,1,3
2026-03-16,2026-03,TikTok,Support Services,Malaysia,5,11,3,1,1
2026-03-16,2026-03,Reddit,Visa Processing,India,18,106,4,4,10
2026-03-16,2026-03,Reddit,Visa Processing,Vietnam,25,223,6,4,15
2026-03-16,2026-03,Reddit,Accommodation Cost,India,10,83,7,1,2
2026-03-16,2026-03,Reddit,Accommodation Cost,China,22,131,14,2,6
2026-03-16,2026-03,Reddit,Accommodation Cost,Vietnam,18,85,12,2,4
2026-03-16,2026-03,Reddit,Accommodation Cost,Malaysia,5,35,3,1,1
2026-03-16,2026-03,Reddit,Scholarships,India,25,150,21,1,3
2026-03-16,2026-03,Reddit,Scholarships,China,22,150,19,1,2
2026-03-16,2026-03,Reddit,Scholarships,Vietnam,9,75,7,1,1
2026-03-16,2026-03,Reddit,Scholarships,Malaysia,12,97,10,1,1
2026-03-16,2026-03,Reddit,Campus Safety,China,5,34,1,2,2
2026-03-16,2026-03,Reddit,Campus Safety,Vietnam,10,44,3,2,5
2026-03-16,2026-03,Reddit,Campus Safety,Malaysia,6,38,2,2,2
2026-03-16,2026-03,Reddit,Course Quality,India,7,49,2,3,2
2026-03-16,2026-03,Reddit,Course Quality,China,12,98,3,3,6
2026-03-16,2026-03,Reddit,Course Quality,Vietnam,10,84,3,1,6
2026-03-16,2026-03,Reddit,Course Quality,Malaysia,13,110,4,3,6
2026-03-16,2026-03,Reddit,Career Outcomes,India,6,39,4,1,1
2026-03-16,2026-03,Reddit,Career Outcomes,China,8,52,6,1,1
2026-03-16,2026-03,Reddit,Career Outcomes,Vietnam,12,87,9,1,2
2026-03-16,2026-03,Reddit,Career Outcomes,Malaysia,8,42,6,1,1
2026-03-16,2026-03,Reddit,Part-Time Work Rights,India,15,111,6,4,5
2026-03-16,2026-03,Reddit,Part-Time Work Rights,China,7,59,2,2,3
2026-03-16,2026-03,Reddit,Part-Time Work Rights,Vietnam,10,43,3,3,4
2026-03-16,2026-03,Reddit,Part-Time Work Rights,Malaysia,2,11,1,0,1
2026-03-16,2026-03,Reddit,Campus Life,India,11,91,9,1,1
2026-03-16,2026-03,Reddit,Campus Life,China,14,70,13,0,1
2026-03-16,2026-03,Reddit,Campus Life,Vietnam,15,68,13,1,1
2026-03-16,2026-03,Reddit,Campus Life,Malaysia,10,65,9,0,1
2026-03-16,2026-03,Reddit,Application Process,India,10,89,4,2,4
2026-03-16,2026-03,Reddit,Application Process,China,10,59,4,2,4
2026-03-16,2026-03,Reddit,Application Process,Vietnam,13,90,5,2,6
2026-03-16,2026-03,Reddit,Application Process,Malaysia,8,52,3,2,3
2026-03-16,2026-03,Reddit,Support Services,India,8,65,5,1,2
2026-03-16,2026-03,Reddit,Support Services,China,16,89,11,2,3
2026-03-16,2026-03,Reddit,Support Services,Vietnam,9,43,6,2,1
2026-03-16,2026-03,Reddit,Support Services,Malaysia,8,60,6,1,1
2026-03-16,2026-03,X (Twitter),Visa Processing,China,17,38,5,6,6
2026-03-16,2026-03,X (Twitter),Visa Processing,Vietnam,16,35,4,3,9
2026-03-16,2026-03,X (Twitter),Visa Processing,Malaysia,11,16,3,2,6
2026-03-16,2026-03,X (Twitter),Accommodation Cost,China,37,83,24,6,7
2026-03-16,2026-03,X (Twitter),Accommodation Cost,Vietnam,14,21,9,2,3
2026-03-16,2026-03,X (Twitter),Accommodation Cost,Malaysia,16,23,11,2,3
2026-03-16,2026-03,X (Twitter),Scholarships,India,17,38,14,1,2
2026-03-16,2026-03,X (Twitter),Scholarships,China,21,38,18,1,2
2026-03-16,2026-03,X (Twitter),Scholarships,Vietnam,14,32,11,1,2
2026-03-16,2026-03,X (Twitter),Campus Safety,India,10,27,3,2,5
2026-03-16,2026-03,X (Twitter),Campus Safety,Vietnam,5,8,1,2,2
2026-03-16,2026-03,X (Twitter),Campus Safety,Malaysia,7,11,2,2,3
2026-03-16,2026-03,X (Twitter),Course Quality,India,23,36,7,6,10
2026-03-16,2026-03,X (Twitter),Course Quality,China,17,24,4,5,8
2026-03-16,2026-03,X (Twitter),Course Quality,Vietnam,10,28,3,3,4
2026-03-16,2026-03,X (Twitter),Course Quality,Malaysia,9,25,2,3,4
2026-03-16,2026-03,X (Twitter),Career Outcomes,India,10,18,8,1,1
2026-03-16,2026-03,X (Twitter),Career Outcomes,China,12,17,9,0,3
2026-03-16,2026-03,X (Twitter),Career Outcomes,Vietnam,7,12,5,1,1
2026-03-16,2026-03,X (Twitter),Part-Time Work Rights,India,16,24,6,4,6
2026-03-16,2026-03,X (Twitter),Part-Time Work Rights,China,16,42,6,3,7
2026-03-16,2026-03,X (Twitter),Part-Time Work Rights,Vietnam,7,12,3,1,3
2026-03-16,2026-03,X (Twitter),Part-Time Work Rights,Malaysia,6,10,2,1,3
2026-03-16,2026-03,X (Twitter),Campus Life,India,23,47,19,2,2
2026-03-16,2026-03,X (Twitter),Campus Life,China,11,27,10,0,1
2026-03-16,2026-03,X (Twitter),Campus Life,Malaysia,3,4,3,0,0
2026-03-16,2026-03,X (Twitter),Application Process,China,13,25,4,4,5
2026-03-16,2026-03,X (Twitter),Application Process,Vietnam,14,32,5,4,5
2026-03-16,2026-03,X (Twitter),Application Process,Malaysia,10,14,3,3,4
2026-03-16,2026-03,X (Twitter),Support Services,China,10,26,6,1,3
2026-03-16,2026-03,X (Twitter),Support Services,Vietnam,7,20,5,0,2
2026-03-16,2026-03,X (Twitter),Support Services,Malaysia,7,11,4,1,2
2026-03-16,2026-03,News,Visa Processing,India,3,2,1,1,1
2026-03-16,2026-03,News,Visa Processing,Vietnam,8,6,2,2,4
2026-03-16,2026-03,News,Visa Processing,Malaysia,2,2,1,0,1
2026-03-16,2026-03,News,Accommodation Cost,India,6,4,4,1,1
2026-03-16,2026-03,News,Accommodation Cost,Vietnam,5,5,3,1,1
2026-03-16,2026-03,News,Accommodation Cost,Malaysia,5,5,3,1,1
2026-03-16,2026-03,News,Scholarships,India,7,5,6,0,1
2026-03-16,2026-03,News,Scholarships,China,6,7,5,0,1
2026-03-16,2026-03,News,Scholarships,Vietnam,6,6,5,0,1
2026-03-16,2026-03,News,Scholarships,Malaysia,3,2,2,1,0
2026-03-16,2026-03,News,Campus Safety,China,3,3,1,1,1
2026-03-16,2026-03,News,Campus Safety,Vietnam,4,4,1,1,2
2026-03-16,2026-03,News,Campus Safety,Malaysia,2,2,1,0,1
2026-03-16,2026-03,News,Course Quality,India,10,6,3,1,6
2026-03-16,2026-03,News,Course Quality,China,4,3,1,1,2
2026-03-16,2026-03,News,Course Quality,Malaysia,2,2,0,1,1
2026-03-16,2026-03,News,Career Outcomes,India,7,8,6,0,1
2026-03-16,2026-03,News,Career Outcomes,China,1,1,1,0,0
2026-03-16,2026-03,News,Career Outcomes,Vietnam,1,1,1,0,0
2026-03-16,2026-03,News,Career Outcomes,Malaysia,4,3,3,0,1
2026-03-16,2026-03,News,Part-Time Work Rights,India,4,4,1,2,1
2026-03-16,2026-03,News,Part-Time Work Rights,Vietnam,1,1,0,1,0
2026-03-16,2026-03,News,Part-Time Work Rights,Malaysia,4,3,1,1,2
2026-03-16,2026-03,News,Campus Life,India,3,3,3,0,0
2026-03-16,2026-03,News,Campus Life,China,5,4,4,1,0
2026-03-16,2026-03,News,Campus Life,Vietnam,1,1,1,0,0
2026-03-16,2026-03,News,Campus Life,Malaysia,1,1,1,0,0
2026-03-16,2026-03,News,Application Process,India,4,4,1,1,2
2026-03-16,2026-03,News,Application Process,China,5,5,2,1,2
2026-03-16,2026-03,News,Application Process,Vietnam,3,2,1,1,1
2026-03-16,2026-03,News,Application Process,Malaysia,3,2,1,1,1
2026-03-16,2026-03,News,Support Services,India,6,3,4,1,1
2026-03-16,2026-03,News,Support Services,China,3,2,2,0,1
2026-03-16,2026-03,News,Support Services,Vietnam,2,1,1,0,1
2026-03-16,2026-03,News,Support Services,Malaysia,2,2,1,0,1
2026-03-16,2026-03,Forums,Visa Processing,India,23,61,6,5,12
2026-03-16,2026-03,Forums,Visa Processing,China,11,36,3,3,5
2026-03-16,2026-03,Forums,Visa Processing,Vietnam,16,69,4,3,9
2026-03-16,2026-03,Forums,Visa Processing,Malaysia,10,50,2,2,6
2026-03-16,2026-03,Forums,Accommodation Cost,India,13,42,8,2,3
2026-03-16,2026-03,Forums,Accommodation Cost,China,11,52,7,2,2
2026-03-16,2026-03,Forums,Accommodation Cost,Vietnam,10,47,7,0,3
2026-03-16,2026-03,Forums,Accommodation Cost,Malaysia,8,22,5,1,2
2026-03-16,2026-03,Forums,Scholarships,India,14,48,11,1,2
2026-03-16,2026-03,Forums,Scholarships,China,5,15,4,1,0
2026-03-16,2026-03,Forums,Scholarships,Vietnam,2,8,2,0,0
2026-03-16,2026-03,Forums,Campus Safety,India,6,23,2,2,2
2026-03-16,2026-03,Forums,Campus Safety,China,9,42,2,3,4
2026-03-16,2026-03,Forums,Campus Safety,Malaysia,1,3,0,0,1
2026-03-16,2026-03,Forums,Course Quality,India,10,44,2,2,6
2026-03-16,2026-03,Forums,Course Quality,China,9,48,3,1,5
2026-03-16,2026-03,Forums,Course Quality,Vietnam,11,33,3,2,6
2026-03-16,2026-03,Forums,Course Quality,Malaysia,4,19,1,1,2
2026-03-16,2026-03,Forums,Career Outcomes,India,4,12,3,0,1
2026-03-16,2026-03,Forums,Career Outcomes,China,6,21,5,0,1
2026-03-16,2026-03,Forums,Career Outcomes,Vietnam,3,16,2,1,0
2026-03-16,2026-03,Forums,Career Outcomes,Malaysia,3,10,2,1,0
2026-03-16,2026-03,Forums,Part-Time Work Rights,India,1,3,0,1,0
2026-03-16,2026-03,Forums,Part-Time Work Rights,China,7,36,2,2,3
2026-03-16,2026-03,Forums,Part-Time Work Rights,Vietnam,5,15,2,1,2
2026-03-16,2026-03,Forums,Part-Time Work Rights,Malaysia,3,11,1,1,1
2026-03-16,2026-03,Forums,Campus Life,India,14,48,13,0,1
2026-03-16,2026-03,Forums,Campus Life,China,10,28,9,0,1
2026-03-16,2026-03,Forums,Campus Life,Vietnam,6,31,5,0,1
2026-03-16,2026-03,Forums,Campus Life,Malaysia,8,39,7,0,1
2026-03-16,2026-03,Forums,Application Process,India,15,69,5,3,7
2026-03-16,2026-03,Forums,Application Process,China,6,28,2,2,2
2026-03-16,2026-03,Forums,Application Process,Vietnam,2,9,1,0,1
2026-03-16,2026-03,Forums,Application Process,Malaysia,4,16,1,2,1
2026-03-16,2026-03,Forums,Support Services,India,9,47,6,1,2
2026-03-16,2026-03,Forums,Support Services,China,4,14,3,0,1
2026-03-16,2026-03,Forums,Support Services,Vietnam,4,17,3,0,1
2026-03-16,2026-03,Forums,Support Services,Malaysia,4,20,3,0,1
2026-03-23,2026-03,TikTok,Visa Processing,India,4,9,1,1,2
2026-03-23,2026-03,TikTok,Visa Processing,China,20,68,6,3,11
2026-03-23,2026-03,TikTok,Visa Processing,Vietnam,37,92,8,7,22
2026-03-23,2026-03,TikTok,Visa Processing,Malaysia,9,32,2,2,5
2026-03-23,2026-03,TikTok,Accommodation Cost,India,41,132,24,5,12
2026-03-23,2026-03,TikTok,Accommodation Cost,China,26,113,15,3,8
2026-03-23,2026-03,TikTok,Accommodation Cost,Vietnam,8,20,4,2,2
2026-03-23,2026-03,TikTok,Accommodation Cost,Malaysia,19,62,12,2,5
2026-03-23,2026-03,TikTok,Scholarships,India,24,87,16,3,5
2026-03-23,2026-03,TikTok,Scholarships,China,21,50,16,1,4
2026-03-23,2026-03,TikTok,Scholarships,Vietnam,21,52,14,2,5
2026-03-23,2026-03,TikTok,Scholarships,Malaysia,12,27,9,1,2
2026-03-23,2026-03,TikTok,Campus Safety,India,23,96,9,6,8
2026-03-23,2026-03,TikTok,Campus Safety,China,15,34,6,4,5
2026-03-23,2026-03,TikTok,Campus Safety,Vietnam,12,29,4,4,4
2026-03-23,2026-03,TikTok,Campus Safety,Malaysia,8,22,3,2,3
2026-03-23,2026-03,TikTok,Course Quality,India,26,64,10,4,12
2026-03-23,2026-03,TikTok,Course Quality,Malaysia,14,57,5,3,6
2026-03-23,2026-03,TikTok,Career Outcomes,India,9,22,7,1,1
2026-03-23,2026-03,TikTok,Career Outcomes,China,3,7,2,1,0
2026-03-23,2026-03,TikTok,Career Outcomes,Vietnam,8,27,6,1,1
2026-03-23,2026-03,TikTok,Career Outcomes,Malaysia,8,24,6,1,1
2026-03-23,2026-03,TikTok,Part-Time Work Rights,India,15,67,6,4,5
2026-03-23,2026-03,TikTok,Part-Time Work Rights,Vietnam,6,13,2,2,2
2026-03-23,2026-03,TikTok,Campus Life,India,8,29,7,0,1
2026-03-23,2026-03,TikTok,Campus Life,China,12,25,11,1,0
2026-03-23,2026-03,TikTok,Campus Life,Vietnam,16,66,14,1,1
2026-03-23,2026-03,TikTok,Campus Life,Malaysia,16,66,14,1,1
2026-03-23,2026-03,TikTok,Application Process,India,14,35,1,4,9
2026-03-23,2026-03,TikTok,Application Process,China,6,20,0,2,4
2026-03-23,2026-03,TikTok,Application Process,Vietnam,12,29,1,3,8
2026-03-23,2026-03,TikTok,Support Services,China,15,63,9,1,5
2026-03-23,2026-03,TikTok,Support Services,Vietnam,6,19,4,0,2
2026-03-23,2026-03,TikTok,Support Services,Malaysia,6,22,4,0,2
2026-03-23,2026-03,Reddit,Visa Processing,China,35,229,8,9,18
2026-03-23,2026-03,Reddit,Visa Processing,Vietnam,16,90,4,3,9
2026-03-23,2026-03,Reddit,Visa Processing,Malaysia,20,172,5,5,10
2026-03-23,2026-03,Reddit,Accommodation Cost,India,36,263,20,7,9
2026-03-23,2026-03,Reddit,Accommodation Cost,Vietnam,9,75,5,1,3
2026-03-23,2026-03,Reddit,Accommodation Cost,Malaysia,2,14,1,0,1
2026-03-23,2026-03,Reddit,Scholarships,India,22,145,16,2,4
2026-03-23,2026-03,Reddit,Scholarships,China,6,54,4,1,1
2026-03-23,2026-03,Reddit,Scholarships,Malaysia,14,92,10,1,3
2026-03-23,2026-03,Reddit,Campus Safety,India,8,52,3,1,4
2026-03-23,2026-03,Reddit,Campus Safety,China,8,59,3,2,3
2026-03-23,2026-03,Reddit,Campus Safety,Vietnam,8,46,3,2,3
2026-03-23,2026-03,Reddit,Campus Safety,Malaysia,4,33,1,1,2
2026-03-23,2026-03,Reddit,Course Quality,India,23,209,9,3,11
2026-03-23,2026-03,Reddit,Course Quality,China,13,109,5,3,5
2026-03-23,2026-03,Reddit,Course Quality,Vietnam,16,77,6,4,6
2026-03-23,2026-03,Reddit,Course Quality,Malaysia,10,87,3,4,3
2026-03-23,2026-03,Reddit,Career Outcomes,India,13,57,10,1,2
2026-03-23,2026-03,Reddit,Career Outcomes,Vietnam,10,54,8,0,2
2026-03-23,2026-03,Reddit,Career Outcomes,Malaysia,6,37,5,0,1
2026-03-23,2026-03,Reddit,Part-Time Work Rights,India,18,102,6,3,9
2026-03-23,2026-03,Reddit,Part-Time Work Rights,China,8,72,3,2,3
2026-03-23,2026-03,Reddit,Part-Time Work Rights,Vietnam,11,61,4,2,5
2026-03-23,2026-03,Reddit,Part-Time Work Rights,Malaysia,6,50,3,1,2
2026-03-23,2026-03,Reddit,Campus Life,India,18,126,17,0,1
2026-03-23,2026-03,Reddit,Campus Life,China,12,105,11,0,1
2026-03-23,2026-03,Reddit,Campus Life,Vietnam,10,71,9,0,1
2026-03-23,2026-03,Reddit,Campus Life,Malaysia,2,9,2,0,0
2026-03-23,2026-03,Reddit,Application Process,India,24,205,1,7,16
2026-03-23,2026-03,Reddit,Application Process,Vietnam,7,47,1,1,5
2026-03-23,2026-03,Reddit,Application Process,Malaysia,6,30,1,2,3
2026-03-23,2026-03,Reddit,Support Services,India,5,22,3,1,1
2026-03-23,2026-03,Reddit,Support Services,China,15,81,9,2,4
2026-03-23,2026-03,Reddit,Support Services,Vietnam,6,48,3,1,2
2026-03-23,2026-03,Reddit,Support Services,Malaysia,6,40,4,1,1
2026-03-23,2026-03,X (Twitter),Visa Processing,India,47,88,13,8,26
2026-03-23,2026-03,X (Twitter),Visa Processing,China,14,32,4,3,7
2026-03-23,2026-03,X (Twitter),Visa Processing,Vietnam,15,23,3,3,9
2026-03-23,2026-03,X (Twitter),Visa Processing,Malaysia,14,38,3,4,7
2026-03-23,2026-03,X (Twitter),Accommodation Cost,India,33,55,20,3,10
2026-03-23,2026-03,X (Twitter),Accommodation Cost,China,17,41,10,3,4
2026-03-23,2026-03,X (Twitter),Accommodation Cost,Vietnam,19,42,11,2,6
2026-03-23,2026-03,X (Twitter),Accommodation Cost,Malaysia,15,39,9,2,4
2026-03-23,2026-03,X (Twitter),Scholarships,India,20,31,15,2,3
2026-03-23,2026-03,X (Twitter),Scholarships,China,8,17,6,1,1
2026-03-23,2026-03,X (Twitter),Scholarships,Vietnam,4,7,3,0,1
2026-03-23,2026-03,X (Twitter),Scholarships,Malaysia,16,26,12,1,3
2026-03-23,2026-03,X (Twitter),Campus Safety,India,9,15,4,2,3
2026-03-23,2026-03,X (Twitter),Campus Safety,China,14,24,5,3,6
2026-03-23,2026-03,X (Twitter),Campus Safety,Malaysia,8,19,3,2,3
2026-03-23,2026-03,X (Twitter),Course Quality,India,20,48,7,5,8
2026-03-23,2026-03,X (Twitter),Course Quality,China,13,27,5,2,6
2026-03-23,2026-03,X (Twitter),Course Quality,Vietnam,10,24,4,2,4
2026-03-23,2026-03,X (Twitter),Course Quality,Malaysia,6,17,2,2,2
2026-03-23,2026-03,X (Twitter),Career Outcomes,India,15,24,12,1,2
2026-03-23,2026-03,X (Twitter),Career Outcomes,China,3,5,2,1,0
2026-03-23,2026-03,X (Twitter),Career Outcomes,Vietnam,7,14,6,0,1
2026-03-23,2026-03,X (Twitter),Career Outcomes,Malaysia,9,22,7,1,1
2026-03-23,2026-03,X (Twitter),Part-Time Work Rights,India,11,16,5,2,4
2026-03-23,2026-03,X (Twitter),Part-Time Work Rights,China,7,14,2,1,4
2026-03-23,2026-03,X (Twitter),Part-Time Work Rights,Vietnam,5,11,2,1,2
2026-03-23,2026-03,X (Twitter),Part-Time Work Rights,Malaysia,7,11,3,1,3
2026-03-23,2026-03,X (Twitter),Campus Life,India,16,30,15,0,1
2026-03-23,2026-03,X (Twitter),Campus Life,China,6,15,5,0,1
2026-03-23,2026-03,X (Twitter),Campus Life,Vietnam,10,27,9,0,1
2026-03-23,2026-03,X (Twitter),Campus Life,Malaysia,3,8,3,0,0
2026-03-23,2026-03,X (Twitter),Application Process,China,17,49,2,5,10
2026-03-23,2026-03,X (Twitter),Application Process,Vietnam,2,5,0,1,1
2026-03-23,2026-03,X (Twitter),Application Process,Malaysia,3,7,0,1,2
2026-03-23,2026-03,X (Twitter),Support Services,India,13,38,8,2,3
2026-03-23,2026-03,X (Twitter),Support Services,China,15,22,9,2,4
2026-03-23,2026-03,X (Twitter),Support Services,Malaysia,8,20,5,1,2
2026-03-23,2026-03,News,Visa Processing,India,5,3,1,2,2
2026-03-23,2026-03,News,Visa Processing,China,5,3,1,2,2
2026-03-23,2026-03,News,Visa Processing,Vietnam,7,5,2,2,3
2026-03-23,2026-03,News,Visa Processing,Malaysia,2,1,0,1,1
2026-03-23,2026-03,News,Accommodation Cost,India,4,4,2,1,1
2026-03-23,2026-03,News,Accommodation Cost,China,10,7,5,2,3
2026-03-23,2026-03,News,Accommodation Cost,Vietnam,5,4,3,1,1
2026-03-23,2026-03,News,Accommodation Cost,Malaysia,2,2,1,1,0
2026-03-23,2026-03,News,Scholarships,India,4,3,3,0,1
2026-03-23,2026-03,News,Scholarships,China,6,6,4,1,1
2026-03-23,2026-03,News,Scholarships,Malaysia,5,3,4,0,1
2026-03-23,2026-03,News,Campus Safety,India,5,3,2,1,2
2026-03-23,2026-03,News,Campus Safety,China,5,4,2,1,2
2026-03-23,2026-03,News,Campus Safety,Vietnam,3,3,1,1,1
2026-03-23,2026-03,News,Campus Safety,Malaysia,3,2,1,1,1
2026-03-23,2026-03,News,Course Quality,India,8,7,3,1,4
2026-03-23,2026-03,News,Course Quality,China,5,5,2,1,2
2026-03-23,2026-03,News,Course Quality,Vietnam,5,4,2,1,2
2026-03-23,2026-03,News,Career Outcomes,India,3,3,2,1,0
2026-03-23,2026-03,News,Career Outcomes,China,6,6,5,0,1
2026-03-23,2026-03,News,Career Outcomes,Vietnam,2,2,2,0,0
2026-03-23,2026-03,News,Career Outcomes,Malaysia,2,2,2,0,0
2026-03-23,2026-03,News,Part-Time Work Rights,India,3,2,1,1,1
2026-03-23,2026-03,News,Part-Time Work Rights,China,2,1,1,0,1
2026-03-23,2026-03,News,Part-Time Work Rights,Vietnam,2,2,1,0,1
2026-03-23,2026-03,News,Part-Time Work Rights,Malaysia,2,1,1,0,1
2026-03-23,2026-03,News,Campus Life,India,6,6,6,0,0
2026-03-23,2026-03,News,Campus Life,China,3,2,3,0,0
2026-03-23,2026-03,News,Campus Life,Vietnam,3,2,3,0,0
2026-03-23,2026-03,News,Campus Life,Malaysia,3,2,3,0,0
2026-03-23,2026-03,News,Application Process,Vietnam,5,4,0,2,3
2026-03-23,2026-03,News,Application Process,Malaysia,3,2,0,1,2
2026-03-23,2026-03,News,Support Services,India,5,5,3,1,1
2026-03-23,2026-03,Forums,Visa Processing,India,27,111,7,8,12
2026-03-23,2026-03,Forums,Visa Processing,China,17,57,4,6,7
2026-03-23,2026-03,Forums,Visa Processing,Malaysia,6,27,1,2,3
2026-03-23,2026-03,Forums,Accommodation Cost,India,6,31,3,2,1
2026-03-23,2026-03,Forums,Accommodation Cost,China,14,50,8,2,4
2026-03-23,2026-03,Forums,Accommodation Cost,Vietnam,11,47,6,1,4
2026-03-23,2026-03,Forums,Accommodation Cost,Malaysia,6,25,4,1,1
2026-03-23,2026-03,Forums,Scholarships,India,5,23,4,0,1
2026-03-23,2026-03,Forums,Scholarships,China,6,20,4,1,1
2026-03-23,2026-03,Forums,Scholarships,Vietnam,4,18,3,0,1
2026-03-23,2026-03,Forums,Scholarships,Malaysia,4,17,3,0,1
2026-03-23,2026-03,Forums,Campus Safety,India,5,15,2,1,2
2026-03-23,2026-03,Forums,Campus Safety,China,5,19,2,1,2
2026-03-23,2026-03,Forums,Campus Safety,Vietnam,4,14,2,0,2
2026-03-23,2026-03,Forums,Campus Safety,Malaysia,4,16,2,0,2
2026-03-23,2026-03,Forums,Course Quality,India,8,37,3,2,3
2026-03-23,2026-03,Forums,Course Quality,China,5,20,2,1,2
2026-03-23,2026-03,Forums,Course Quality,Vietnam,6,17,2,1,3
2026-03-23,2026-03,Forums,Career Outcomes,India,13,68,10,1,2
2026-03-23,2026-03,Forums,Career Outcomes,China,6,29,5,0,1
2026-03-23,2026-03,Forums,Career Outcomes,Vietnam,5,14,4,0,1
2026-03-23,2026-03,Forums,Career Outcomes,Malaysia,3,11,2,1,0
2026-03-23,2026-03,Forums,Part-Time Work Rights,India,8,27,3,2,3
2026-03-23,2026-03,Forums,Part-Time Work Rights,Vietnam,2,8,1,0,1
2026-03-23,2026-03,Forums,Part-Time Work Rights,Malaysia,3,15,1,1,1
2026-03-23,2026-03,Forums,Campus Life,India,7,24,7,0,0
2026-03-23,2026-03,Forums,Campus Life,Vietnam,2,9,2,0,0
2026-03-23,2026-03,Forums,Campus Life,Malaysia,3,9,3,0,0
2026-03-23,2026-03,Forums,Application Process,India,10,29,1,4,5
2026-03-23,2026-03,Forums,Application Process,China,12,36,1,4,7
2026-03-23,2026-03,Forums,Application Process,Vietnam,3,15,0,2,1
2026-03-23,2026-03,Forums,Application Process,Malaysia,7,30,1,2,4
2026-03-23,2026-03,Forums,Support Services,India,3,9,2,0,1
2026-03-23,2026-03,Forums,Support Services,China,3,14,2,0,1
2026-03-23,2026-03,Forums,Support Services,Vietnam,5,26,3,1,1
2026-03-30,2026-03,TikTok,Visa Processing,India,41,136,12,8,21
2026-03-30,2026-03,TikTok,Visa Processing,China,33,107,11,7,15
2026-03-30,2026-03,TikTok,Visa Processing,Vietnam,39,111,12,9,18
2026-03-30,2026-03,TikTok,Visa Processing,Malaysia,19,63,5,5,9
2026-03-30,2026-03,TikTok,Accommodation Cost,India,18,77,10,3,5
2026-03-30,2026-03,TikTok,Accommodation Cost,China,21,89,12,3,6
2026-03-30,2026-03,TikTok,Accommodation Cost,Vietnam,13,41,7,2,4
2026-03-30,2026-03,TikTok,Accommodation Cost,Malaysia,23,97,13,3,7
2026-03-30,2026-03,TikTok,Scholarships,India,30,64,20,3,7
2026-03-30,2026-03,TikTok,Scholarships,China,18,60,12,3,3
2026-03-30,2026-03,TikTok,Scholarships,Vietnam,10,21,7,0,3
2026-03-30,2026-03,TikTok,Scholarships,Malaysia,3,10,2,0,1
2026-03-30,2026-03,TikTok,Campus Safety,India,32,126,12,8,12
2026-03-30,2026-03,TikTok,Campus Safety,China,3,11,1,1,1
2026-03-30,2026-03,TikTok,Campus Safety,Vietnam,14,41,5,5,4
2026-03-30,2026-03,TikTok,Campus Safety,Malaysia,7,17,3,1,3
2026-03-30,2026-03,TikTok,Course Quality,India,25,61,9,7,9
2026-03-30,2026-03,TikTok,Course Quality,China,8,33,3,1,4
2026-03-30,2026-03,TikTok,Course Quality,Vietnam,9,38,3,3,3
2026-03-30,2026-03,TikTok,Course Quality,Malaysia,8,35,3,1,4
2026-03-30,2026-03,TikTok,Career Outcomes,India,7,21,4,2,1
2026-03-30,2026-03,TikTok,Career Outcomes,China,11,30,7,2,2
2026-03-30,2026-03,TikTok,Career Outcomes,Vietnam,10,23,6,2,2
2026-03-30,2026-03,TikTok,Career Outcomes,Malaysia,13,36,8,2,3
2026-03-30,2026-03,TikTok,Part-Time Work Rights,India,28,64,10,6,12
2026-03-30,2026-03,TikTok,Part-Time Work Rights,China,14,31,4,4,6
2026-03-30,2026-03,TikTok,Part-Time Work Rights,Vietnam,9,34,3,2,4
2026-03-30,2026-03,TikTok,Part-Time Work Rights,Malaysia,6,19,2,1,3
2026-03-30,2026-03,TikTok,Campus Life,India,17,73,13,2,2
2026-03-30,2026-03,TikTok,Campus Life,China,17,45,14,1,2
2026-03-30,2026-03,TikTok,Application Process,India,18,60,1,8,9
2026-03-30,2026-03,TikTok,Application Process,China,5,20,0,2,3
2026-03-30,2026-03,TikTok,Application Process,Vietnam,7,29,1,1,5
2026-03-30,2026-03,TikTok,Application Process,Malaysia,9,25,1,2,6
2026-03-30,2026-03,TikTok,Support Services,India,14,47,6,3,5
2026-03-30,2026-03,TikTok,Support Services,China,8,25,4,1,3
2026-03-30,2026-03,TikTok,Support Services,Vietnam,11,32,5,3,3
2026-03-30,2026-03,TikTok,Support Services,Malaysia,8,17,4,1,3
2026-03-30,2026-03,Reddit,Visa Processing,India,17,98,5,4,8
2026-03-30,2026-03,Reddit,Visa Processing,China,16,85,5,2,9
2026-03-30,2026-03,Reddit,Visa Processing,Vietnam,27,129,9,5,13
2026-03-30,2026-03,Reddit,Visa Processing,Malaysia,14,127,5,2,7
2026-03-30,2026-03,Reddit,Accommodation Cost,China,17,138,10,3,4
2026-03-30,2026-03,Reddit,Accommodation Cost,Vietnam,3,17,2,0,1
2026-03-30,2026-03,Reddit,Accommodation Cost,Malaysia,4,24,2,1,1
2026-03-30,2026-03,Reddit,Scholarships,India,24,195,15,2,7
2026-03-30,2026-03,Reddit,Scholarships,China,15,105,9,3,3
2026-03-30,2026-03,Reddit,Scholarships,Vietnam,8,46,5,1,2
2026-03-30,2026-03,Reddit,Scholarships,Malaysia,3,25,2,0,1
2026-03-30,2026-03,Reddit,Campus Safety,India,15,74,6,3,6
2026-03-30,2026-03,Reddit,Campus Safety,China,13,83,5,2,6
2026-03-30,2026-03,Reddit,Campus Safety,Vietnam,6,54,2,2,2
2026-03-30,2026-03,Reddit,Campus Safety,Malaysia,7,56,3,1,3
2026-03-30,2026-03,Reddit,Course Quality,India,3,25,1,1,1
2026-03-30,2026-03,Reddit,Course Quality,China,13,83,5,2,6
2026-03-30,2026-03,Reddit,Course Quality,Vietnam,12,104,4,2,6
2026-03-30,2026-03,Reddit,Course Quality,Malaysia,12,59,4,2,6
2026-03-30,2026-03,Reddit,Career Outcomes,India,19,129,12,2,5
2026-03-30,2026-03,Reddit,Career Outcomes,China,6,53,4,0,2
2026-03-30,2026-03,Reddit,Career Outcomes,Malaysia,11,89,6,2,3
2026-03-30,2026-03,Reddit,Part-Time Work Rights,India,18,147,6,5,7
2026-03-30,2026-03,Reddit,Part-Time Work Rights,China,4,21,1,2,1
2026-03-30,2026-03,Reddit,Part-Time Work Rights,Vietnam,10,86,3,3,4
2026-03-30,2026-03,Reddit,Part-Time Work Rights,Malaysia,7,54,2,1,4
2026-03-30,2026-03,Reddit,Campus Life,India,28,166,21,2,5
2026-03-30,2026-03,Reddit,Campus Life,China,7,46,5,1,1
2026-03-30,2026-03,Reddit,Campus Life,Vietnam,5,30,4,0,1
2026-03-30,2026-03,Reddit,Campus Life,Malaysia,9,63,7,1,1
2026-03-30,2026-03,Reddit,Application Process,India,21,148,1,8,12
2026-03-30,2026-03,Reddit,Application Process,China,13,60,2,2,9
2026-03-30,2026-03,Reddit,Application Process,Vietnam,7,47,1,1,5
2026-03-30,2026-03,Reddit,Application Process,Malaysia,12,93,1,3,8
2026-03-30,2026-03,Reddit,Support Services,India,10,58,5,2,3
2026-03-30,2026-03,Reddit,Support Services,China,11,65,5,2,4
2026-03-30,2026-03,Reddit,Support Services,Vietnam,9,40,4,2,3
2026-03-30,2026-03,Reddit,Support Services,Malaysia,4,26,2,0,2
2026-03-30,2026-03,X (Twitter),Visa Processing,India,42,105,12,11,19
2026-03-30,2026-03,X (Twitter),Visa Processing,Vietnam,21,53,6,6,9
2026-03-30,2026-03,X (Twitter),Visa Processing,Malaysia,25,48,7,5,13
2026-03-30,2026-03,X (Twitter),Accommodation Cost,India,36,86,21,6,9
2026-03-30,2026-03,X (Twitter),Accommodation Cost,China,21,57,12,2,7
2026-03-30,2026-03,X (Twitter),Accommodation Cost,Vietnam,7,20,4,1,2
2026-03-30,2026-03,X (Twitter),Scholarships,China,22,56,13,4,5
2026-03-30,2026-03,X (Twitter),Scholarships,Vietnam,8,18,5,2,1
2026-03-30,2026-03,X (Twitter),Campus Safety,Vietnam,7,10,3,1,3
2026-03-30,2026-03,X (Twitter),Campus Safety,Malaysia,5,13,2,1,2
2026-03-30,2026-03,X (Twitter),Course Quality,India,12,20,4,3,5
2026-03-30,2026-03,X (Twitter),Course Quality,China,13,23,4,2,7
2026-03-30,2026-03,X (Twitter),Course Quality,Vietnam,16,23,5,4,7
2026-03-30,2026-03,X (Twitter),Course Quality,Malaysia,5,7,2,0,3
2026-03-30,2026-03,X (Twitter),Career Outcomes,India,22,59,14,4,4
2026-03-30,2026-03,X (Twitter),Career Outcomes,Vietnam,6,9,4,1,1
2026-03-30,2026-03,X (Twitter),Career Outcomes,Malaysia,9,18,6,1,2
2026-03-30,2026-03,X (Twitter),Part-Time Work Rights,India,5,8,2,1,2
2026-03-30,2026-03,X (Twitter),Part-Time Work Rights,China,9,20,3,2,4
2026-03-30,2026-03,X (Twitter),Part-Time Work Rights,Vietnam,9,17,3,2,4
2026-03-30,2026-03,X (Twitter),Part-Time Work Rights,Malaysia,3,4,1,1,1
2026-03-30,2026-03,X (Twitter),Campus Life,India,11,28,9,1,1
2026-03-30,2026-03,X (Twitter),Campus Life,China,19,52,15,1,3
2026-03-30,2026-03,X (Twitter),Campus Life,Vietnam,3,7,2,1,0
2026-03-30,2026-03,X (Twitter),Campus Life,Malaysia,10,27,8,1,1
2026-03-30,2026-03,X (Twitter),Application Process,India,18,31,2,6,10
2026-03-30,2026-03,X (Twitter),Application Process,China,11,26,1,4,6
2026-03-30,2026-03,X (Twitter),Application Process,Vietnam,14,36,1,4,9
2026-03-30,2026-03,X (Twitter),Application Process,Malaysia,5,11,1,1,3
2026-03-30,2026-03,X (Twitter),Support Services,India,9,12,4,2,3
2026-03-30,2026-03,X (Twitter),Support Services,Vietnam,3,5,2,0,1
2026-03-30,2026-03,X (Twitter),Support Services,Malaysia,10,22,5,2,3
2026-03-30,2026-03,News,Visa Processing,India,10,9,3,1,6
2026-03-30,2026-03,News,Visa Processing,Vietnam,10,9,3,1,6
2026-03-30,2026-03,News,Visa Processing,Malaysia,7,6,2,1,4
2026-03-30,2026-03,News,Accommodation Cost,India,11,9,6,2,3
2026-03-30,2026-03,News,Accommodation Cost,China,6,5,3,1,2
2026-03-30,2026-03,News,Accommodation Cost,Vietnam,3,3,2,0,1
2026-03-30,2026-03,News,Accommodation Cost,Malaysia,3,2,2,0,1
2026-03-30,2026-03,News,Scholarships,India,5,4,3,1,1
2026-03-30,2026-03,News,Scholarships,China,5,5,3,1,1
2026-03-30,2026-03,News,Scholarships,Vietnam,7,5,4,1,2
2026-03-30,2026-03,News,Scholarships,Malaysia,4,3,3,0,1
2026-03-30,2026-03,News,Campus Safety,India,8,6,3,1,4
2026-03-30,2026-03,News,Campus Safety,China,1,1,0,1,0
2026-03-30,2026-03,News,Campus Safety,Vietnam,2,2,1,0,1
2026-03-30,2026-03,News,Campus Safety,Malaysia,1,1,0,1,0
2026-03-30,2026-03,News,Course Quality,China,5,3,2,1,2
2026-03-30,2026-03,News,Course Quality,Vietnam,5,3,2,1,2
2026-03-30,2026-03,News,Course Quality,Malaysia,3,2,1,1,1
2026-03-30,2026-03,News,Career Outcomes,India,7,7,4,1,2
2026-03-30,2026-03,News,Career Outcomes,China,5,5,3,1,1
2026-03-30,2026-03,News,Career Outcomes,Malaysia,1,1,1,0,0
2026-03-30,2026-03,News,Part-Time Work Rights,India,4,3,1,2,1
2026-03-30,2026-03,News,Part-Time Work Rights,China,4,3,1,1,2
2026-03-30,2026-03,News,Part-Time Work Rights,Malaysia,1,1,0,1,0
2026-03-30,2026-03,News,Campus Life,China,7,4,5,1,1
2026-03-30,2026-03,News,Campus Life,Vietnam,5,4,4,0,1
2026-03-30,2026-03,News,Campus Life,Malaysia,2,1,2,0,0
2026-03-30,2026-03,News,Application Process,India,7,4,1,2,4
2026-03-30,2026-03,News,Application Process,China,1,1,0,1,0
2026-03-30,2026-03,News,Application Process,Vietnam,6,5,1,2,3
2026-03-30,2026-03,News,Application Process,Malaysia,3,2,0,1,2
2026-03-30,2026-03,News,Support Services,China,6,6,3,1,2
2026-03-30,2026-03,News,Support Services,Vietnam,5,4,2,1,2
2026-03-30,2026-03,News,Support Services,Malaysia,2,2,1,0,1
2026-03-30,2026-03,Forums,Visa Processing,India,17,47,5,3,9
2026-03-30,2026-03,Forums,Visa Processing,Vietnam,10,54,3,3,4
2026-03-30,2026-03,Forums,Visa Processing,Malaysia,12,38,4,3,5
2026-03-30,2026-03,Forums,Accommodation Cost,India,10,33,5,2,3
2026-03-30,2026-03,Forums,Accommodation Cost,China,15,76,9,2,4
2026-03-30,2026-03,Forums,Accommodation Cost,Vietnam,2,8,1,0,1
2026-03-30,2026-03,Forums,Accommodation Cost,Malaysia,6,27,3,1,2
2026-03-30,2026-03,Forums,Scholarships,India,9,48,6,1,2
2026-03-30,2026-03,Forums,Scholarships,China,7,35,5,0,2
2026-03-30,2026-03,Forums,Scholarships,Vietnam,6,31,4,0,2
2026-03-30,2026-03,Forums,Scholarships,Malaysia,4,21,3,0,1
2026-03-30,2026-03,Forums,Campus Safety,India,11,45,4,3,4
2026-03-30,2026-03,Forums,Campus Safety,China,11,32,5,2,4
2026-03-30,2026-03,Forums,Campus Safety,Vietnam,4,17,2,0,2
2026-03-30,2026-03,Forums,Campus Safety,Malaysia,4,19,1,2,1
2026-03-30,2026-03,Forums,Course Quality,China,10,27,4,2,4
2026-03-30,2026-03,Forums,Course Quality,Malaysia,5,15,2,1,2
2026-03-30,2026-03,Forums,Career Outcomes,India,5,16,3,1,1
2026-03-30,2026-03,Forums,Career Outcomes,China,3,12,2,0,1
2026-03-30,2026-03,Forums,Career Outcomes,Vietnam,3,10,2,0,1
2026-03-30,2026-03,Forums,Career Outcomes,Malaysia,3,8,2,0,1
2026-03-30,2026-03,Forums,Part-Time Work Rights,India,8,34,3,1,4
2026-03-30,2026-03,Forums,Part-Time Work Rights,China,5,26,2,1,2
2026-03-30,2026-03,Forums,Part-Time Work Rights,Vietnam,8,23,3,2,3
2026-03-30,2026-03,Forums,Part-Time Work Rights,Malaysia,3,17,1,1,1
2026-03-30,2026-03,Forums,Campus Life,India,11,48,9,0,2
2026-03-30,2026-03,Forums,Campus Life,China,3,8,2,1,0
2026-03-30,2026-03,Forums,Campus Life,Vietnam,7,36,5,1,1
2026-03-30,2026-03,Forums,Campus Life,Malaysia,7,34,6,0,1
2026-03-30,2026-03,Forums,Application Process,India,6,22,1,2,3
2026-03-30,2026-03,Forums,Application Process,China,8,26,1,2,5
2026-03-30,2026-03,Forums,Application Process,Vietnam,6,16,0,3,3
2026-03-30,2026-03,Forums,Application Process,Malaysia,7,37,1,2,4
2026-03-30,2026-03,Forums,Support Services,India,6,27,3,1,2
2026-03-30,2026-03,Forums,Support Services,China,4,17,2,1,1
2026-03-30,2026-03,Forums,Support Services,Vietnam,1,5,0,1,0
2026-03-30,2026-03,Forums,Support Services,Malaysia,2,10,1,0,1
2026-04-06,2026-04,TikTok,Visa Processing,India,25,89,18,2,5
2026-04-06,2026-04,TikTok,Visa Processing,China,9,40,7,1,1
2026-04-06,2026-04,TikTok,Visa Processing,Vietnam,30,104,20,3,7
2026-04-06,2026-04,TikTok,Accommodation Cost,India,26,89,16,5,5
2026-04-06,2026-04,TikTok,Accommodation Cost,China,35,138,21,5,9
2026-04-06,2026-04,TikTok,Accommodation Cost,Vietnam,11,23,6,2,3
2026-04-06,2026-04,TikTok,Accommodation Cost,Malaysia,20,54,12,3,5
2026-04-06,2026-04,TikTok,Scholarships,India,36,120,20,6,10
2026-04-06,2026-04,TikTok,Scholarships,China,26,85,14,2,10
2026-04-06,2026-04,TikTok,Scholarships,Vietnam,12,36,6,3,3
2026-04-06,2026-04,TikTok,Scholarships,Malaysia,5,22,2,2,1
2026-04-06,2026-04,TikTok,Campus Safety,India,16,70,5,4,7
2026-04-06,2026-04,TikTok,Campus Safety,Vietnam,20,70,6,5,9
2026-04-06,2026-04,TikTok,Campus Safety,Malaysia,5,20,2,1,2
2026-04-06,2026-04,TikTok,Course Quality,India,5,16,3,1,1
2026-04-06,2026-04,TikTok,Course Quality,China,19,79,11,2,6
2026-04-06,2026-04,TikTok,Course Quality,Vietnam,13,35,8,2,3
2026-04-06,2026-04,TikTok,Course Quality,Malaysia,7,20,4,1,2
2026-04-06,2026-04,TikTok,Career Outcomes,India,6,20,3,1,2
2026-04-06,2026-04,TikTok,Career Outcomes,China,18,46,10,1,7
2026-04-06,2026-04,TikTok,Career Outcomes,Vietnam,10,21,5,2,3
2026-04-06,2026-04,TikTok,Career Outcomes,Malaysia,10,42,5,1,4
2026-04-06,2026-04,TikTok,Part-Time Work Rights,India,17,60,6,4,7
2026-04-06,2026-04,TikTok,Part-Time Work Rights,China,14,55,6,3,5
2026-04-06,2026-04,TikTok,Part-Time Work Rights,Vietnam,11,36,4,2,5
2026-04-06,2026-04,TikTok,Part-Time Work Rights,Malaysia,7,23,3,1,3
2026-04-06,2026-04,TikTok,Campus Life,India,40,97,34,3,3
2026-04-06,2026-04,TikTok,Campus Life,China,23,78,20,1,2
2026-04-06,2026-04,TikTok,Campus Life,Vietnam,13,41,11,0,2
2026-04-06,2026-04,TikTok,Campus Life,Malaysia,14,58,11,1,2
2026-04-06,2026-04,TikTok,Application Process,India,14,46,3,3,8
2026-04-06,2026-04,TikTok,Application Process,China,17,44,4,3,10
2026-04-06,2026-04,TikTok,Application Process,Vietnam,21,82,6,5,10
2026-04-06,2026-04,TikTok,Application Process,Malaysia,6,25,1,2,3
2026-04-06,2026-04,TikTok,Support Services,India,24,106,14,4,6
2026-04-06,2026-04,TikTok,Support Services,China,13,27,8,2,3
2026-04-06,2026-04,TikTok,Support Services,Vietnam,13,42,8,1,4
2026-04-06,2026-04,TikTok,Support Services,Malaysia,7,23,4,1,2
2026-04-06,2026-04,Reddit,Visa Processing,India,32,232,23,4,5
2026-04-06,2026-04,Reddit,Visa Processing,China,22,137,15,3,4
2026-04-06,2026-04,Reddit,Visa Processing,Malaysia,6,48,4,1,1
2026-04-06,2026-04,Reddit,Accommodation Cost,China,27,215,17,4,6
2026-04-06,2026-04,Reddit,Accommodation Cost,Vietnam,7,59,4,1,2
2026-04-06,2026-04,Reddit,Accommodation Cost,Malaysia,9,65,6,1,2
2026-04-06,2026-04,Reddit,Scholarships,India,21,186,11,2,8
2026-04-06,2026-04,Reddit,Scholarships,China,19,121,10,4,5
2026-04-06,2026-04,Reddit,Scholarships,Vietnam,7,62,4,0,3
2026-04-06,2026-04,Reddit,Scholarships,Malaysia,3,14,1,1,1
2026-04-06,2026-04,Reddit,Campus Safety,India,21,104,6,4,11
2026-04-06,2026-04,Reddit,Campus Safety,China,16,113,5,5,6
2026-04-06,2026-04,Reddit,Campus Safety,Vietnam,9,72,3,2,4
2026-04-06,2026-04,Reddit,Campus Safety,Malaysia,1,6,0,0,1
2026-04-06,2026-04,Reddit,Course Quality,India,31,176,17,4,10
2026-04-06,2026-04,Reddit,Course Quality,China,13,94,8,1,4
2026-04-06,2026-04,Reddit,Course Quality,Vietnam,5,36,3,1,1
2026-04-06,2026-04,Reddit,Course Quality,Malaysia,12,96,7,1,4
2026-04-06,2026-04,Reddit,Career Outcomes,India,14,79,8,2,4
2026-04-06,2026-04,Reddit,Career Outcomes,China,8,49,4,1,3
2026-04-06,2026-04,Reddit,Career Outcomes,Vietnam,8,60,4,2,2
2026-04-06,2026-04,Reddit,Career Outcomes,Malaysia,4,34,2,1,1
2026-04-06,2026-04,Reddit,Part-Time Work Rights,India,18,143,7,4,7
2026-04-06,2026-04,Reddit,Part-Time Work Rights,China,9,54,3,3,3
2026-04-06,2026-04,Reddit,Part-Time Work Rights,Vietnam,8,60,3,2,3
2026-04-06,2026-04,Reddit,Part-Time Work Rights,Malaysia,8,72,3,2,3
2026-04-06,2026-04,Reddit,Campus Life,India,9,78,8,0,1
2026-04-06,2026-04,Reddit,Campus Life,China,10,66,8,1,1
2026-04-06,2026-04,Reddit,Campus Life,Vietnam,19,84,16,1,2
2026-04-06,2026-04,Reddit,Application Process,India,21,122,5,6,10
2026-04-06,2026-04,Reddit,Application Process,China,16,122,4,3,9
2026-04-06,2026-04,Reddit,Application Process,Vietnam,8,50,2,3,3
2026-04-06,2026-04,Reddit,Application Process,Malaysia,13,90,3,4,6
2026-04-06,2026-04,Reddit,Support Services,India,9,72,5,2,2
2026-04-06,2026-04,Reddit,Support Services,China,10,88,6,1,3
2026-04-06,2026-04,Reddit,Support Services,Vietnam,5,31,3,1,1
2026-04-06,2026-04,Reddit,Support Services,Malaysia,8,45,4,2,2
2026-04-06,2026-04,X (Twitter),Visa Processing,India,24,66,17,2,5
2026-04-06,2026-04,X (Twitter),Visa Processing,China,28,45,19,4,5
2026-04-06,2026-04,X (Twitter),Visa Processing,Vietnam,20,43,14,2,4
2026-04-06,2026-04,X (Twitter),Visa Processing,Malaysia,13,34,10,1,2
2026-04-06,2026-04,X (Twitter),Accommodation Cost,India,13,24,8,1,4
2026-04-06,2026-04,X (Twitter),Accommodation Cost,Vietnam,23,36,15,3,5
2026-04-06,2026-04,X (Twitter),Accommodation Cost,Malaysia,14,34,9,2,3
2026-04-06,2026-04,X (Twitter),Scholarships,India,35,99,18,5,12
2026-04-06,2026-04,X (Twitter),Scholarships,China,16,23,8,4,4
2026-04-06,2026-04,X (Twitter),Scholarships,Malaysia,19,53,10,4,5
2026-04-06,2026-04,X (Twitter),Campus Safety,India,12,34,4,3,5
2026-04-06,2026-04,X (Twitter),Campus Safety,China,4,11,1,1,2
2026-04-06,2026-04,X (Twitter),Campus Safety,Vietnam,7,20,3,0,4
2026-04-06,2026-04,X (Twitter),Campus Safety,Malaysia,9,20,3,3,3
2026-04-06,2026-04,X (Twitter),Course Quality,India,17,27,10,3,4
2026-04-06,2026-04,X (Twitter),Course Quality,China,11,22,6,2,3
2026-04-06,2026-04,X (Twitter),Course Quality,Vietnam,5,11,3,1,1
2026-04-06,2026-04,X (Twitter),Course Quality,Malaysia,6,17,4,0,2
2026-04-06,2026-04,X (Twitter),Career Outcomes,India,24,47,12,3,9
2026-04-06,2026-04,X (Twitter),Career Outcomes,Vietnam,1,2,1,0,0
2026-04-06,2026-04,X (Twitter),Career Outcomes,Malaysia,6,14,3,1,2
2026-04-06,2026-04,X (Twitter),Part-Time Work Rights,India,11,15,4,3,4
2026-04-06,2026-04,X (Twitter),Part-Time Work Rights,China,11,16,5,2,4
2026-04-06,2026-04,X (Twitter),Part-Time Work Rights,Vietnam,10,18,4,2,4
2026-04-06,2026-04,X (Twitter),Part-Time Work Rights,Malaysia,13,29,5,3,5
2026-04-06,2026-04,X (Twitter),Campus Life,China,10,21,8,1,1
2026-04-06,2026-04,X (Twitter),Campus Life,Vietnam,8,21,7,0,1
2026-04-06,2026-04,X (Twitter),Application Process,India,24,46,7,5,12
2026-04-06,2026-04,X (Twitter),Application Process,China,7,16,1,3,3
2026-04-06,2026-04,X (Twitter),Application Process,Malaysia,11,25,2,4,5
2026-04-06,2026-04,X (Twitter),Support Services,India,13,33,8,1,4
2026-04-06,2026-04,X (Twitter),Support Services,China,9,20,5,2,2
2026-04-06,2026-04,X (Twitter),Support Services,Vietnam,10,19,5,2,3
2026-04-06,2026-04,X (Twitter),Support Services,Malaysia,10,26,6,2,2
2026-04-06,2026-04,News,Visa Processing,India,5,4,3,1,1
2026-04-06,2026-04,News,Visa Processing,China,11,6,8,1,2
2026-04-06,2026-04,News,Visa Processing,Vietnam,9,5,6,1,2
2026-04-06,2026-04,News,Visa Processing,Malaysia,8,6,6,1,1
2026-04-06,2026-04,News,Accommodation Cost,India,8,5,5,1,2
2026-04-06,2026-04,News,Accommodation Cost,China,10,10,6,2,2
2026-04-06,2026-04,News,Accommodation Cost,Vietnam,3,2,2,0,1
2026-04-06,2026-04,News,Accommodation Cost,Malaysia,3,3,2,0,1
2026-04-06,2026-04,News,Scholarships,India,5,4,3,1,1
2026-04-06,2026-04,News,Scholarships,China,7,6,4,1,2
2026-04-06,2026-04,News,Scholarships,Vietnam,5,5,3,0,2
2026-04-06,2026-04,News,Scholarships,Malaysia,1,1,1,0,0
2026-04-06,2026-04,News,Campus Safety,India,4,2,1,2,1
2026-04-06,2026-04,News,Campus Safety,China,5,3,2,1,2
2026-04-06,2026-04,News,Campus Safety,Vietnam,3,2,1,0,2
2026-04-06,2026-04,News,Campus Safety,Malaysia,2,2,1,0,1
2026-04-06,2026-04,News,Course Quality,India,7,6,4,1,2
2026-04-06,2026-04,News,Course Quality,China,3,2,2,0,1
2026-04-06,2026-04,News,Course Quality,Vietnam,4,4,2,1,1
2026-04-06,2026-04,News,Course Quality,Malaysia,3,3,2,0,1
2026-04-06,2026-04,News,Career Outcomes,India,5,5,3,0,2
2026-04-06,2026-04,News,Career Outcomes,China,4,4,2,1,1
2026-04-06,2026-04,News,Career Outcomes,Vietnam,2,2,1,0,1
2026-04-06,2026-04,News,Career Outcomes,Malaysia,2,2,1,0,1
2026-04-06,2026-04,News,Part-Time Work Rights,India,3,2,1,1,1
2026-04-06,2026-04,News,Part-Time Work Rights,China,3,2,1,1,1
2026-04-06,2026-04,News,Part-Time Work Rights,Vietnam,3,3,1,0,2
2026-04-06,2026-04,News,Part-Time Work Rights,Malaysia,2,2,1,0,1
2026-04-06,2026-04,News,Campus Life,India,7,5,6,0,1
2026-04-06,2026-04,News,Campus Life,China,6,5,5,0,1
2026-04-06,2026-04,News,Campus Life,Vietnam,3,3,2,1,0
2026-04-06,2026-04,News,Campus Life,Malaysia,3,2,2,1,0
2026-04-06,2026-04,News,Application Process,India,10,11,3,1,6
2026-04-06,2026-04,News,Application Process,China,3,2,1,0,2
2026-04-06,2026-04,News,Application Process,Vietnam,4,3,1,1,2
2026-04-06,2026-04,News,Application Process,Malaysia,1,1,0,0,1
2026-04-06,2026-04,News,Support Services,India,4,3,2,1,1
2026-04-06,2026-04,News,Support Services,China,4,3,2,1,1
2026-04-06,2026-04,News,Support Services,Vietnam,2,2,1,1,0
2026-04-06,2026-04,News,Support Services,Malaysia,1,1,1,0,0
2026-04-06,2026-04,Forums,Visa Processing,India,17,55,12,2,3
2026-04-06,2026-04,Forums,Visa Processing,China,18,81,12,3,3
2026-04-06,2026-04,Forums,Visa Processing,Vietnam,11,44,8,1,2
2026-04-06,2026-04,Forums,Accommodation Cost,India,12,62,7,1,4
2026-04-06,2026-04,Forums,Accommodation Cost,China,15,58,9,2,4
2026-04-06,2026-04,Forums,Accommodation Cost,Vietnam,2,9,1,0,1
2026-04-06,2026-04,Forums,Accommodation Cost,Malaysia,7,34,4,1,2
2026-04-06,2026-04,Forums,Scholarships,India,7,36,4,1,2
2026-04-06,2026-04,Forums,Scholarships,China,11,40,6,2,3
2026-04-06,2026-04,Forums,Scholarships,Vietnam,6,33,3,1,2
2026-04-06,2026-04,Forums,Scholarships,Malaysia,3,14,2,0,1
2026-04-06,2026-04,Forums,Campus Safety,India,9,32,3,2,4
2026-04-06,2026-04,Forums,Campus Safety,China,8,31,2,2,4
2026-04-06,2026-04,Forums,Campus Safety,Vietnam,2,6,1,0,1
2026-04-06,2026-04,Forums,Campus Safety,Malaysia,4,16,1,1,2
2026-04-06,2026-04,Forums,Course Quality,India,20,94,11,2,7
2026-04-06,2026-04,Forums,Course Quality,China,12,39,7,1,4
2026-04-06,2026-04,Forums,Course Quality,Malaysia,10,40,5,1,4
2026-04-06,2026-04,Forums,Career Outcomes,India,7,26,4,1,2
2026-04-06,2026-04,Forums,Career Outcomes,China,5,27,3,1,1
2026-04-06,2026-04,Forums,Career Outcomes,Malaysia,4,21,2,1,1
2026-04-06,2026-04,Forums,Part-Time Work Rights,India,7,34,3,1,3
2026-04-06,2026-04,Forums,Part-Time Work Rights,China,4,16,2,1,1
2026-04-06,2026-04,Forums,Part-Time Work Rights,Vietnam,5,25,2,1,2
2026-04-06,2026-04,Forums,Part-Time Work Rights,Malaysia,5,22,2,1,2
2026-04-06,2026-04,Forums,Campus Life,India,13,71,11,1,1
2026-04-06,2026-04,Forums,Campus Life,China,7,36,6,0,1
2026-04-06,2026-04,Forums,Campus Life,Vietnam,7,29,6,0,1
2026-04-06,2026-04,Forums,Campus Life,Malaysia,4,19,3,0,1
2026-04-06,2026-04,Forums,Application Process,India,7,29,2,1,4
2026-04-06,2026-04,Forums,Application Process,China,2,9,1,0,1
2026-04-06,2026-04,Forums,Application Process,Vietnam,3,15,1,0,2
2026-04-06,2026-04,Forums,Application Process,Malaysia,2,8,1,0,1
2026-04-06,2026-04,Forums,Support Services,India,4,22,2,1,1
2026-04-06,2026-04,Forums,Support Services,China,2,9,1,0,1
2026-04-06,2026-04,Forums,Support Services,Malaysia,2,10,1,1,0
2026-04-13,2026-04,TikTok,Visa Processing,India,58,189,45,5,8
2026-04-13,2026-04,TikTok,Visa Processing,China,43,133,34,4,5
2026-04-13,2026-04,TikTok,Visa Processing,Vietnam,32,72,24,2,6
2026-04-13,2026-04,TikTok,Visa Processing,Malaysia,15,50,12,1,2
2026-04-13,2026-04,TikTok,Accommodation Cost,India,30,78,16,5,9
2026-04-13,2026-04,TikTok,Accommodation Cost,China,11,39,6,2,3
2026-04-13,2026-04,TikTok,Accommodation Cost,Vietnam,9,27,4,1,4
2026-04-13,2026-04,TikTok,Accommodation Cost,Malaysia,3,9,1,1,1
2026-04-13,2026-04,TikTok,Scholarships,India,7,23,4,1,2
2026-04-13,2026-04,TikTok,Scholarships,China,26,100,14,6,6
2026-04-13,2026-04,TikTok,Scholarships,Vietnam,15,65,8,3,4
2026-04-13,2026-04,TikTok,Scholarships,Malaysia,11,34,6,2,3
2026-04-13,2026-04,TikTok,Campus Safety,India,13,50,5,2,6
2026-04-13,2026-04,TikTok,Campus Safety,China,19,68,7,4,8
2026-04-13,2026-04,TikTok,Campus Safety,Vietnam,8,18,3,2,3
2026-04-13,2026-04,TikTok,Campus Safety,Malaysia,17,42,6,3,8
2026-04-13,2026-04,TikTok,Course Quality,India,31,120,17,4,10
2026-04-13,2026-04,TikTok,Course Quality,Vietnam,8,24,4,2,2
2026-04-13,2026-04,TikTok,Course Quality,Malaysia,16,42,8,2,6
2026-04-13,2026-04,TikTok,Career Outcomes,India,9,28,5,1,3
2026-04-13,2026-04,TikTok,Career Outcomes,China,13,36,8,2,3
2026-04-13,2026-04,TikTok,Career Outcomes,Vietnam,11,27,6,2,3
2026-04-13,2026-04,TikTok,Career Outcomes,Malaysia,12,46,7,2,3
2026-04-13,2026-04,TikTok,Part-Time Work Rights,India,20,54,9,4,7
2026-04-13,2026-04,TikTok,Part-Time Work Rights,China,15,44,7,2,6
2026-04-13,2026-04,TikTok,Part-Time Work Rights,Vietnam,8,36,3,2,3
2026-04-13,2026-04,TikTok,Part-Time Work Rights,Malaysia,10,45,5,2,3
2026-04-13,2026-04,TikTok,Campus Life,India,35,97,19,4,12
2026-04-13,2026-04,TikTok,Campus Life,Vietnam,17,64,10,1,6
2026-04-13,2026-04,TikTok,Campus Life,Malaysia,8,27,5,0,3
2026-04-13,2026-04,TikTok,Application Process,India,47,139,12,15,20
2026-04-13,2026-04,TikTok,Application Process,China,15,42,4,4,7
2026-04-13,2026-04,TikTok,Application Process,Vietnam,17,44,4,4,9
2026-04-13,2026-04,TikTok,Application Process,Malaysia,14,50,3,3,8
2026-04-13,2026-04,TikTok,Support Services,India,16,66,9,3,4
2026-04-13,2026-04,TikTok,Support Services,China,13,55,8,1,4
2026-04-13,2026-04,TikTok,Support Services,Vietnam,10,38,5,2,3
2026-04-13,2026-04,TikTok,Support Services,Malaysia,12,36,7,2,3
2026-04-13,2026-04,Reddit,Visa Processing,India,32,231,25,3,4
2026-04-13,2026-04,Reddit,Visa Processing,China,26,158,20,2,4
2026-04-13,2026-04,Reddit,Visa Processing,Vietnam,9,70,7,0,2
2026-04-13,2026-04,Reddit,Visa Processing,Malaysia,13,66,10,1,2
2026-04-13,2026-04,Reddit,Accommodation Cost,India,27,236,14,6,7
2026-04-13,2026-04,Reddit,Accommodation Cost,China,4,22,2,1,1
2026-04-13,2026-04,Reddit,Accommodation Cost,Vietnam,2,11,1,0,1
2026-04-13,2026-04,Reddit,Scholarships,India,15,70,8,2,5
2026-04-13,2026-04,Reddit,Scholarships,China,23,169,12,5,6
2026-04-13,2026-04,Reddit,Scholarships,Malaysia,9,65,5,1,3
2026-04-13,2026-04,Reddit,Campus Safety,India,7,44,2,2,3
2026-04-13,2026-04,Reddit,Campus Safety,China,13,59,5,2,6
2026-04-13,2026-04,Reddit,Campus Safety,Vietnam,12,100,4,4,4
2026-04-13,2026-04,Reddit,Campus Safety,Malaysia,4,22,1,1,2
2026-04-13,2026-04,Reddit,Course Quality,India,38,218,20,4,14
2026-04-13,2026-04,Reddit,Course Quality,China,17,109,9,2,6
2026-04-13,2026-04,Reddit,Course Quality,Vietnam,10,71,6,1,3
2026-04-13,2026-04,Reddit,Course Quality,Malaysia,7,55,4,1,2
2026-04-13,2026-04,Reddit,Career Outcomes,India,33,282,19,4,10
2026-04-13,2026-04,Reddit,Career Outcomes,China,6,51,3,1,2
2026-04-13,2026-04,Reddit,Career Outcomes,Vietnam,8,63,5,1,2
2026-04-13,2026-04,Reddit,Career Outcomes,Malaysia,5,35,3,1,1
2026-04-13,2026-04,Reddit,Part-Time Work Rights,India,16,133,8,3,5
2026-04-13,2026-04,Reddit,Part-Time Work Rights,China,11,65,5,1,5
2026-04-13,2026-04,Reddit,Part-Time Work Rights,Vietnam,9,75,4,1,4
2026-04-13,2026-04,Reddit,Part-Time Work Rights,Malaysia,2,9,1,0,1
2026-04-13,2026-04,Reddit,Campus Life,India,17,109,9,3,5
2026-04-13,2026-04,Reddit,Campus Life,Vietnam,11,77,7,1,3
2026-04-13,2026-04,Reddit,Campus Life,Malaysia,12,93,7,2,3
2026-04-13,2026-04,Reddit,Application Process,India,31,160,8,11,12
2026-04-13,2026-04,Reddit,Application Process,China,14,69,3,4,7
2026-04-13,2026-04,Reddit,Application Process,Vietnam,15,125,4,3,8
2026-04-13,2026-04,Reddit,Application Process,Malaysia,7,64,2,2,3
2026-04-13,2026-04,Reddit,Support Services,India,17,123,10,2,5
2026-04-13,2026-04,Reddit,Support Services,China,10,48,6,1,3
2026-04-13,2026-04,Reddit,Support Services,Vietnam,12,56,7,2,3
2026-04-13,2026-04,Reddit,Support Services,Malaysia,7,49,4,1,2
2026-04-13,2026-04,X (Twitter),Visa Processing,India,59,131,45,5,9
2026-04-13,2026-04,X (Twitter),Visa Processing,China,45,90,34,3,8
2026-04-13,2026-04,X (Twitter),Visa Processing,Vietnam,10,23,7,1,2
2026-04-13,2026-04,X (Twitter),Visa Processing,Malaysia,15,21,12,1,2
2026-04-13,2026-04,X (Twitter),Accommodation Cost,India,27,52,12,3,12
2026-04-13,2026-04,X (Twitter),Accommodation Cost,China,6,13,3,1,2
2026-04-13,2026-04,X (Twitter),Accommodation Cost,Vietnam,17,47,9,3,5
2026-04-13,2026-04,X (Twitter),Scholarships,India,17,42,9,3,5
2026-04-13,2026-04,X (Twitter),Scholarships,China,5,14,3,0,2
2026-04-13,2026-04,X (Twitter),Scholarships,Malaysia,9,15,4,2,3
2026-04-13,2026-04,X (Twitter),Campus Safety,India,13,21,4,2,7
2026-04-13,2026-04,X (Twitter),Campus Safety,China,6,13,2,1,3
2026-04-13,2026-04,X (Twitter),Campus Safety,Vietnam,14,24,5,3,6
2026-04-13,2026-04,X (Twitter),Course Quality,India,20,50,11,4,5
2026-04-13,2026-04,X (Twitter),Course Quality,China,9,25,5,1,3
2026-04-13,2026-04,X (Twitter),Course Quality,Vietnam,7,16,4,1,2
2026-04-13,2026-04,X (Twitter),Course Quality,Malaysia,8,16,5,1,2
2026-04-13,2026-04,X (Twitter),Career Outcomes,India,11,19,6,2,3
2026-04-13,2026-04,X (Twitter),Career Outcomes,China,7,12,4,1,2
2026-04-13,2026-04,X (Twitter),Career Outcomes,Vietnam,6,14,3,1,2
2026-04-13,2026-04,X (Twitter),Career Outcomes,Malaysia,12,27,7,1,4
2026-04-13,2026-04,X (Twitter),Part-Time Work Rights,India,16,29,7,3,6
2026-04-13,2026-04,X (Twitter),Part-Time Work Rights,China,14,37,6,2,6
2026-04-13,2026-04,X (Twitter),Part-Time Work Rights,Vietnam,5,14,2,1,2
2026-04-13,2026-04,X (Twitter),Part-Time Work Rights,Malaysia,9,17,4,2,3
2026-04-13,2026-04,X (Twitter),Campus Life,India,23,41,14,3,6
2026-04-13,2026-04,X (Twitter),Campus Life,China,17,49,9,3,5
2026-04-13,2026-04,X (Twitter),Campus Life,Vietnam,11,27,6,2,3
2026-04-13,2026-04,X (Twitter),Application Process,India,11,32,3,4,4
2026-04-13,2026-04,X (Twitter),Application Process,China,22,56,5,7,10
2026-04-13,2026-04,X (Twitter),Application Process,Vietnam,8,18,2,2,4
2026-04-13,2026-04,X (Twitter),Application Process,Malaysia,7,17,2,2,3
2026-04-13,2026-04,X (Twitter),Support Services,China,9,15,5,2,2
2026-04-13,2026-04,X (Twitter),Support Services,Vietnam,4,8,2,1,1
2026-04-13,2026-04,X (Twitter),Support Services,Malaysia,6,9,3,2,1
2026-04-13,2026-04,News,Visa Processing,India,6,4,4,1,1
2026-04-13,2026-04,News,Visa Processing,China,5,3,4,0,1
2026-04-13,2026-04,News,Visa Processing,Vietnam,7,7,6,0,1
2026-04-13,2026-04,News,Visa Processing,Malaysia,7,6,5,1,1
2026-04-13,2026-04,News,Accommodation Cost,India,10,10,5,2,3
2026-04-13,2026-04,News,Accommodation Cost,China,2,2,1,0,1
2026-04-13,2026-04,News,Accommodation Cost,Vietnam,5,5,2,1,2
2026-04-13,2026-04,News,Accommodation Cost,Malaysia,4,4,2,1,1
2026-04-13,2026-04,News,Scholarships,India,10,8,5,2,3
2026-04-13,2026-04,News,Scholarships,China,5,4,2,2,1
2026-04-13,2026-04,News,Scholarships,Malaysia,2,1,1,0,1
2026-04-13,2026-04,News,Campus Safety,China,6,5,2,1,3
2026-04-13,2026-04,News,Campus Safety,Vietnam,3,2,1,1,1
2026-04-13,2026-04,News,Campus Safety,Malaysia,4,2,2,1,1
2026-04-13,2026-04,News,Course Quality,India,6,6,3,2,1
2026-04-13,2026-04,News,Course Quality,China,4,2,2,1,1
2026-04-13,2026-04,News,Course Quality,Vietnam,5,4,3,0,2
2026-04-13,2026-04,News,Course Quality,Malaysia,3,2,2,0,1
2026-04-13,2026-04,News,Career Outcomes,India,3,3,2,0,1
2026-04-13,2026-04,News,Career Outcomes,China,3,2,2,0,1
2026-04-13,2026-04,News,Career Outcomes,Malaysia,3,3,2,0,1
2026-04-13,2026-04,News,Part-Time Work Rights,India,7,7,3,2,2
2026-04-13,2026-04,News,Part-Time Work Rights,China,4,3,2,1,1
2026-04-13,2026-04,News,Part-Time Work Rights,Vietnam,3,3,1,1,1
2026-04-13,2026-04,News,Part-Time Work Rights,Malaysia,2,2,1,0,1
2026-04-13,2026-04,News,Campus Life,India,4,3,2,1,1
2026-04-13,2026-04,News,Campus Life,China,4,3,2,1,1
2026-04-13,2026-04,News,Campus Life,Vietnam,3,3,2,0,1
2026-04-13,2026-04,News,Application Process,India,11,10,3,3,5
2026-04-13,2026-04,News,Application Process,China,5,5,1,2,2
2026-04-13,2026-04,News,Application Process,Vietnam,4,2,1,1,2
2026-04-13,2026-04,News,Application Process,Malaysia,3,2,1,1,1
2026-04-13,2026-04,News,Support Services,India,4,4,2,1,1
2026-04-13,2026-04,News,Support Services,China,1,1,1,0,0
2026-04-13,2026-04,News,Support Services,Vietnam,3,3,2,0,1
2026-04-13,2026-04,News,Support Services,Malaysia,2,2,1,0,1
2026-04-13,2026-04,Forums,Visa Processing,India,17,75,13,1,3
2026-04-13,2026-04,Forums,Visa Processing,China,12,67,9,1,2
2026-04-13,2026-04,Forums,Accommodation Cost,India,14,60,7,2,5
2026-04-13,2026-04,Forums,Accommodation Cost,China,17,51,8,4,5
2026-04-13,2026-04,Forums,Accommodation Cost,Vietnam,7,26,3,1,3
2026-04-13,2026-04,Forums,Accommodation Cost,Malaysia,5,15,2,1,2
2026-04-13,2026-04,Forums,Scholarships,India,13,49,7,3,3
2026-04-13,2026-04,Forums,Scholarships,China,7,36,4,1,2
2026-04-13,2026-04,Forums,Scholarships,Vietnam,7,36,4,1,2
2026-04-13,2026-04,Forums,Scholarships,Malaysia,6,16,3,1,2
2026-04-13,2026-04,Forums,Campus Safety,India,8,35,3,2,3
2026-04-13,2026-04,Forums,Campus Safety,China,8,39,3,1,4
2026-04-13,2026-04,Forums,Campus Safety,Vietnam,5,19,2,1,2
2026-04-13,2026-04,Forums,Campus Safety,Malaysia,5,24,2,0,3
2026-04-13,2026-04,Forums,Course Quality,India,10,52,5,2,3
2026-04-13,2026-04,Forums,Course Quality,China,6,32,3,1,2
2026-04-13,2026-04,Forums,Course Quality,Vietnam,5,23,3,1,1
2026-04-13,2026-04,Forums,Course Quality,Malaysia,3,14,2,0,1
2026-04-13,2026-04,Forums,Career Outcomes,India,7,26,4,1,2
2026-04-13,2026-04,Forums,Career Outcomes,China,6,25,3,1,2
2026-04-13,2026-04,Forums,Career Outcomes,Vietnam,8,31,5,1,2
2026-04-13,2026-04,Forums,Part-Time Work Rights,India,7,33,3,2,2
2026-04-13,2026-04,Forums,Part-Time Work Rights,China,3,14,1,1,1
2026-04-13,2026-04,Forums,Part-Time Work Rights,Vietnam,3,12,1,1,1
2026-04-13,2026-04,Forums,Part-Time Work Rights,Malaysia,1,4,0,1,0
2026-04-13,2026-04,Forums,Campus Life,India,3,11,2,0,1
2026-04-13,2026-04,Forums,Campus Life,China,5,18,3,1,1
2026-04-13,2026-04,Forums,Campus Life,Vietnam,3,10,2,0,1
2026-04-13,2026-04,Forums,Campus Life,Malaysia,6,20,3,1,2
2026-04-13,2026-04,Forums,Application Process,China,9,36,3,1,5
2026-04-13,2026-04,Forums,Application Process,Vietnam,6,32,1,2,3
2026-04-13,2026-04,Forums,Application Process,Malaysia,7,30,2,2,3
2026-04-13,2026-04,Forums,Support Services,India,9,27,5,1,3
2026-04-13,2026-04,Forums,Support Services,China,9,49,5,1,3
2026-04-13,2026-04,Forums,Support Services,Malaysia,4,17,2,1,1
2026-04-20,2026-04,TikTok,Visa Processing,India,58,185,44,3,11
2026-04-20,2026-04,TikTok,Visa Processing,China,54,173,42,4,8
2026-04-20,2026-04,TikTok,Visa Processing,Vietnam,12,29,9,1,2
2026-04-20,2026-04,TikTok,Visa Processing,Malaysia,20,72,16,1,3
2026-04-20,2026-04,TikTok,Accommodation Cost,India,45,198,28,6,11
2026-04-20,2026-04,TikTok,Accommodation Cost,Vietnam,17,67,11,2,4
2026-04-20,2026-04,TikTok,Accommodation Cost,Malaysia,5,10,3,1,1
2026-04-20,2026-04,TikTok,Scholarships,China,26,90,13,4,9
2026-04-20,2026-04,TikTok,Scholarships,Vietnam,23,98,12,3,8
2026-04-20,2026-04,TikTok,Scholarships,Malaysia,9,36,4,2,3
2026-04-20,2026-04,TikTok,Campus Safety,China,12,34,6,3,3
2026-04-20,2026-04,TikTok,Campus Safety,Vietnam,18,47,9,2,7
2026-04-20,2026-04,TikTok,Campus Safety,Malaysia,9,37,4,1,4
2026-04-20,2026-04,TikTok,Course Quality,India,7,17,3,1,3
2026-04-20,2026-04,TikTok,Course Quality,China,32,118,15,7,10
2026-04-20,2026-04,TikTok,Course Quality,Vietnam,16,56,7,3,6
2026-04-20,2026-04,TikTok,Course Quality,Malaysia,13,41,5,3,5
2026-04-20,2026-04,TikTok,Career Outcomes,China,10,40,7,1,2
2026-04-20,2026-04,TikTok,Career Outcomes,Vietnam,14,39,10,1,3
2026-04-20,2026-04,TikTok,Career Outcomes,Malaysia,5,14,4,0,1
2026-04-20,2026-04,TikTok,Part-Time Work Rights,India,21,48,11,2,8
2026-04-20,2026-04,TikTok,Part-Time Work Rights,China,14,41,7,4,3
2026-04-20,2026-04,TikTok,Part-Time Work Rights,Vietnam,16,40,8,4,4
2026-04-20,2026-04,TikTok,Part-Time Work Rights,Malaysia,9,24,5,2,2
2026-04-20,2026-04,TikTok,Campus Life,China,13,37,9,2,2
2026-04-20,2026-04,TikTok,Campus Life,Vietnam,18,66,13,1,4
2026-04-20,2026-04,TikTok,Campus Life,Malaysia,1,4,1,0,0
2026-04-20,2026-04,TikTok,Application Process,India,26,98,3,6,17
2026-04-20,2026-04,TikTok,Application Process,China,15,53,2,4,9
2026-04-20,2026-04,TikTok,Application Process,Vietnam,13,45,2,4,7
2026-04-20,2026-04,TikTok,Support Services,India,14,39,8,2,4
2026-04-20,2026-04,TikTok,Support Services,China,11,44,6,2,3
2026-04-20,2026-04,TikTok,Support Services,Vietnam,13,35,7,2,4
2026-04-20,2026-04,TikTok,Support Services,Malaysia,1,4,1,0,0
2026-04-20,2026-04,Reddit,Visa Processing,India,29,215,23,2,4
2026-04-20,2026-04,Reddit,Visa Processing,China,8,62,6,1,1
2026-04-20,2026-04,Reddit,Visa Processing,Vietnam,19,124,14,1,4
2026-04-20,2026-04,Reddit,Visa Processing,Malaysia,14,87,11,1,2
2026-04-20,2026-04,Reddit,Accommodation Cost,India,42,263,29,3,10
2026-04-20,2026-04,Reddit,Accommodation Cost,China,13,111,9,2,2
2026-04-20,2026-04,Reddit,Accommodation Cost,Malaysia,17,85,11,2,4
2026-04-20,2026-04,Reddit,Scholarships,India,21,144,11,3,7
2026-04-20,2026-04,Reddit,Scholarships,China,10,87,5,2,3
2026-04-20,2026-04,Reddit,Scholarships,Vietnam,10,43,5,2,3
2026-04-20,2026-04,Reddit,Scholarships,Malaysia,17,114,8,3,6
2026-04-20,2026-04,Reddit,Campus Safety,India,12,55,6,2,4
2026-04-20,2026-04,Reddit,Campus Safety,China,22,115,11,4,7
2026-04-20,2026-04,Reddit,Campus Safety,Vietnam,8,48,4,2,2
2026-04-20,2026-04,Reddit,Campus Safety,Malaysia,7,50,3,2,2
2026-04-20,2026-04,Reddit,Course Quality,India,25,162,10,7,8
2026-04-20,2026-04,Reddit,Course Quality,China,13,69,6,2,5
2026-04-20,2026-04,Reddit,Course Quality,Vietnam,9,61,4,2,3
2026-04-20,2026-04,Reddit,Course Quality,Malaysia,8,36,4,1,3
2026-04-20,2026-04,Reddit,Career Outcomes,India,12,90,9,1,2
2026-04-20,2026-04,Reddit,Career Outcomes,China,16,101,12,1,3
2026-04-20,2026-04,Reddit,Career Outcomes,Vietnam,9,58,7,0,2
2026-04-20,2026-04,Reddit,Career Outcomes,Malaysia,7,61,5,1,1
2026-04-20,2026-04,Reddit,Part-Time Work Rights,China,9,56,5,2,2
2026-04-20,2026-04,Reddit,Part-Time Work Rights,Vietnam,3,18,1,1,1
2026-04-20,2026-04,Reddit,Part-Time Work Rights,Malaysia,10,60,5,1,4
2026-04-20,2026-04,Reddit,Campus Life,India,22,97,15,3,4
2026-04-20,2026-04,Reddit,Campus Life,China,10,75,7,1,2
2026-04-20,2026-04,Reddit,Campus Life,Vietnam,3,18,2,0,1
2026-04-20,2026-04,Reddit,Campus Life,Malaysia,10,89,7,1,2
2026-04-20,2026-04,Reddit,Application Process,India,26,231,3,11,12
2026-04-20,2026-04,Reddit,Application Process,China,9,76,1,3,5
2026-04-20,2026-04,Reddit,Application Process,Vietnam,7,34,1,2,4
2026-04-20,2026-04,Reddit,Application Process,Malaysia,6,29,1,2,3
2026-04-20,2026-04,Reddit,Support Services,India,18,86,10,3,5
2026-04-20,2026-04,Reddit,Support Services,China,8,38,5,1,2
2026-04-20,2026-04,Reddit,Support Services,Vietnam,4,26,2,1,1
2026-04-20,2026-04,Reddit,Support Services,Malaysia,4,34,2,1,1
2026-04-20,2026-04,X (Twitter),Visa Processing,India,14,20,11,1,2
2026-04-20,2026-04,X (Twitter),Visa Processing,Vietnam,10,16,7,2,1
2026-04-20,2026-04,X (Twitter),Visa Processing,Malaysia,3,8,2,1,0
2026-04-20,2026-04,X (Twitter),Accommodation Cost,India,25,40,15,5,5
2026-04-20,2026-04,X (Twitter),Accommodation Cost,China,28,67,18,4,6
2026-04-20,2026-04,X (Twitter),Accommodation Cost,Vietnam,19,48,12,2,5
2026-04-20,2026-04,X (Twitter),Accommodation Cost,Malaysia,17,33,11,3,3
2026-04-20,2026-04,X (Twitter),Scholarships,India,20,30,10,4,6
2026-04-20,2026-04,X (Twitter),Scholarships,Vietnam,23,51,12,5,6
2026-04-20,2026-04,X (Twitter),Scholarships,Malaysia,10,14,5,2,3
2026-04-20,2026-04,X (Twitter),Campus Safety,India,23,57,12,5,6
2026-04-20,2026-04,X (Twitter),Campus Safety,China,7,16,4,1,2
2026-04-20,2026-04,X (Twitter),Campus Safety,Vietnam,13,34,6,2,5
2026-04-20,2026-04,X (Twitter),Campus Safety,Malaysia,8,17,4,2,2
2026-04-20,2026-04,X (Twitter),Course Quality,India,5,10,2,1,2
2026-04-20,2026-04,X (Twitter),Course Quality,China,12,16,5,3,4
2026-04-20,2026-04,X (Twitter),Course Quality,Vietnam,9,19,4,1,4
2026-04-20,2026-04,X (Twitter),Course Quality,Malaysia,7,18,3,1,3
2026-04-20,2026-04,X (Twitter),Career Outcomes,India,10,19,7,1,2
2026-04-20,2026-04,X (Twitter),Career Outcomes,Vietnam,7,14,5,0,2
2026-04-20,2026-04,X (Twitter),Career Outcomes,Malaysia,10,18,7,1,2
2026-04-20,2026-04,X (Twitter),Part-Time Work Rights,India,8,15,4,1,3
2026-04-20,2026-04,X (Twitter),Part-Time Work Rights,China,10,15,5,2,3
2026-04-20,2026-04,X (Twitter),Part-Time Work Rights,Vietnam,9,16,4,2,3
2026-04-20,2026-04,X (Twitter),Part-Time Work Rights,Malaysia,9,15,5,1,3
2026-04-20,2026-04,X (Twitter),Campus Life,India,17,42,11,3,3
2026-04-20,2026-04,X (Twitter),Campus Life,China,8,20,6,1,1
2026-04-20,2026-04,X (Twitter),Campus Life,Vietnam,4,8,3,0,1
2026-04-20,2026-04,X (Twitter),Campus Life,Malaysia,9,26,7,0,2
2026-04-20,2026-04,X (Twitter),Application Process,India,6,14,1,2,3
2026-04-20,2026-04,X (Twitter),Application Process,China,19,35,3,7,9
2026-04-20,2026-04,X (Twitter),Application Process,Vietnam,7,18,1,2,4
2026-04-20,2026-04,X (Twitter),Application Process,Malaysia,12,22,2,4,6
2026-04-20,2026-04,X (Twitter),Support Services,Vietnam,6,12,4,0,2
2026-04-20,2026-04,X (Twitter),Support Services,Malaysia,7,10,4,1,2
2026-04-20,2026-04,News,Visa Processing,India,14,14,10,2,2
2026-04-20,2026-04,News,Visa Processing,China,8,6,6,1,1
2026-04-20,2026-04,News,Visa Processing,Vietnam,6,3,4,1,1
2026-04-20,2026-04,News,Visa Processing,Malaysia,5,5,4,0,1
2026-04-20,2026-04,News,Accommodation Cost,India,11,12,7,2,2
2026-04-20,2026-04,News,Accommodation Cost,China,8,8,5,1,2
2026-04-20,2026-04,News,Accommodation Cost,Malaysia,3,2,2,0,1
2026-04-20,2026-04,News,Scholarships,India,10,6,5,1,4
2026-04-20,2026-04,News,Scholarships,China,6,4,3,1,2
2026-04-20,2026-04,News,Scholarships,Malaysia,5,6,2,1,2
2026-04-20,2026-04,News,Campus Safety,India,9,7,4,2,3
2026-04-20,2026-04,News,Campus Safety,Vietnam,2,2,1,0,1
2026-04-20,2026-04,News,Course Quality,India,7,5,3,2,2
2026-04-20,2026-04,News,Course Quality,China,3,3,1,1,1
2026-04-20,2026-04,News,Course Quality,Malaysia,3,2,1,1,1
2026-04-20,2026-04,News,Career Outcomes,India,1,1,1,0,0
2026-04-20,2026-04,News,Career Outcomes,China,3,2,2,0,1
2026-04-20,2026-04,News,Career Outcomes,Malaysia,4,3,3,0,1
2026-04-20,2026-04,News,Part-Time Work Rights,India,7,6,3,1,3
2026-04-20,2026-04,News,Part-Time Work Rights,China,2,2,1,0,1
2026-04-20,2026-04,News,Part-Time Work Rights,Vietnam,2,2,1,0,1
2026-04-20,2026-04,News,Part-Time Work Rights,Malaysia,3,2,2,0,1
2026-04-20,2026-04,News,Campus Life,India,5,5,3,1,1
2026-04-20,2026-04,News,Campus Life,China,4,3,3,0,1
2026-04-20,2026-04,News,Campus Life,Vietnam,3,2,2,0,1
2026-04-20,2026-04,News,Campus Life,Malaysia,3,2,2,0,1
2026-04-20,2026-04,News,Application Process,India,3,3,0,1,2
2026-04-20,2026-04,News,Application Process,China,4,3,1,1,2
2026-04-20,2026-04,News,Application Process,Vietnam,3,3,0,1,2
2026-04-20,2026-04,News,Application Process,Malaysia,4,3,0,2,2
2026-04-20,2026-04,News,Support Services,India,5,4,3,1,1
2026-04-20,2026-04,News,Support Services,China,2,1,1,0,1
2026-04-20,2026-04,News,Support Services,Vietnam,3,2,2,0,1
2026-04-20,2026-04,News,Support Services,Malaysia,4,2,2,1,1
2026-04-20,2026-04,Forums,Visa Processing,India,11,55,8,1,2
2026-04-20,2026-04,Forums,Visa Processing,China,1,3,1,0,0
2026-04-20,2026-04,Forums,Visa Processing,Vietnam,6,21,4,1,1
2026-04-20,2026-04,Forums,Visa Processing,Malaysia,10,26,8,0,2
2026-04-20,2026-04,Forums,Accommodation Cost,India,3,15,2,0,1
2026-04-20,2026-04,Forums,Accommodation Cost,China,7,35,5,1,1
2026-04-20,2026-04,Forums,Accommodation Cost,Vietnam,12,63,8,2,2
2026-04-20,2026-04,Forums,Accommodation Cost,Malaysia,3,17,2,0,1
2026-04-20,2026-04,Forums,Scholarships,India,9,39,4,2,3
2026-04-20,2026-04,Forums,Scholarships,China,5,19,2,1,2
2026-04-20,2026-04,Forums,Scholarships,Vietnam,4,12,2,1,1
2026-04-20,2026-04,Forums,Campus Safety,India,13,56,6,2,5
2026-04-20,2026-04,Forums,Campus Safety,China,7,25,4,1,2
2026-04-20,2026-04,Forums,Campus Safety,Vietnam,8,39,4,1,3
2026-04-20,2026-04,Forums,Campus Safety,Malaysia,3,12,1,1,1
2026-04-20,2026-04,Forums,Course Quality,India,11,32,5,1,5
2026-04-20,2026-04,Forums,Course Quality,China,9,40,4,2,3
2026-04-20,2026-04,Forums,Course Quality,Vietnam,7,37,3,1,3
2026-04-20,2026-04,Forums,Course Quality,Malaysia,2,6,1,0,1
2026-04-20,2026-04,Forums,Career Outcomes,China,7,29,5,0,2
2026-04-20,2026-04,Forums,Career Outcomes,Vietnam,7,38,5,1,1
2026-04-20,2026-04,Forums,Career Outcomes,Malaysia,3,11,2,0,1
2026-04-20,2026-04,Forums,Part-Time Work Rights,India,2,11,1,0,1
2026-04-20,2026-04,Forums,Part-Time Work Rights,China,5,28,3,0,2
2026-04-20,2026-04,Forums,Part-Time Work Rights,Malaysia,4,19,2,1,1
2026-04-20,2026-04,Forums,Campus Life,India,9,39,6,1,2
2026-04-20,2026-04,Forums,Campus Life,China,9,33,6,2,1
2026-04-20,2026-04,Forums,Campus Life,Vietnam,4,14,3,0,1
2026-04-20,2026-04,Forums,Campus Life,Malaysia,4,17,3,0,1
2026-04-20,2026-04,Forums,Application Process,India,9,35,1,4,4
2026-04-20,2026-04,Forums,Application Process,China,6,30,1,1,4
2026-04-20,2026-04,Forums,Application Process,Vietnam,4,11,0,1,3
2026-04-20,2026-04,Forums,Application Process,Malaysia,3,16,0,2,1
2026-04-20,2026-04,Forums,Support Services,India,7,22,4,1,2
2026-04-20,2026-04,Forums,Support Services,China,1,5,1,0,0
2026-04-20,2026-04,Forums,Support Services,Vietnam,6,24,4,1,1
2026-04-20,2026-04,Forums,Support Services,Malaysia,5,22,3,0,2
2026-04-27,2026-04,TikTok,Visa Processing,India,25,100,18,3,4
2026-04-27,2026-04,TikTok,Visa Processing,China,12,42,9,0,3
2026-04-27,2026-04,TikTok,Visa Processing,Vietnam,38,113,27,3,8
2026-04-27,2026-04,TikTok,Accommodation Cost,India,33,77,18,4,11
2026-04-27,2026-04,TikTok,Accommodation Cost,China,16,44,9,3,4
2026-04-27,2026-04,TikTok,Accommodation Cost,Vietnam,12,37,6,2,4
2026-04-27,2026-04,TikTok,Accommodation Cost,Malaysia,11,24,6,1,4
2026-04-27,2026-04,TikTok,Scholarships,India,30,97,13,5,12
2026-04-27,2026-04,TikTok,Scholarships,China,17,49,8,4,5
2026-04-27,2026-04,TikTok,Scholarships,Vietnam,15,57,6,4,5
2026-04-27,2026-04,TikTok,Scholarships,Malaysia,11,35,5,3,3
2026-04-27,2026-04,TikTok,Campus Safety,India,8,17,4,2,2
2026-04-27,2026-04,TikTok,Campus Safety,China,2,9,1,0,1
2026-04-27,2026-04,TikTok,Campus Safety,Vietnam,15,48,8,2,5
2026-04-27,2026-04,TikTok,Campus Safety,Malaysia,13,52,7,3,3
2026-04-27,2026-04,TikTok,Course Quality,China,23,90,11,6,6
2026-04-27,2026-04,TikTok,Course Quality,Vietnam,24,107,11,6,7
2026-04-27,2026-04,TikTok,Course Quality,Malaysia,13,42,6,2,5
2026-04-27,2026-04,TikTok,Career Outcomes,India,12,41,4,3,5
2026-04-27,2026-04,TikTok,Career Outcomes,China,21,69,7,5,9
2026-04-27,2026-04,TikTok,Career Outcomes,Vietnam,12,34,4,3,5
2026-04-27,2026-04,TikTok,Career Outcomes,Malaysia,13,52,5,3,5
2026-04-27,2026-04,TikTok,Part-Time Work Rights,India,2,5,1,0,1
2026-04-27,2026-04,TikTok,Part-Time Work Rights,China,5,13,3,1,1
2026-04-27,2026-04,TikTok,Part-Time Work Rights,Vietnam,3,9,2,0,1
2026-04-27,2026-04,TikTok,Part-Time Work Rights,Malaysia,7,28,4,1,2
2026-04-27,2026-04,TikTok,Campus Life,India,24,53,19,1,4
2026-04-27,2026-04,TikTok,Campus Life,Vietnam,16,40,13,1,2
2026-04-27,2026-04,TikTok,Campus Life,Malaysia,16,46,13,2,1
2026-04-27,2026-04,TikTok,Application Process,India,21,64,5,3,13
2026-04-27,2026-04,TikTok,Application Process,China,21,63,4,4,13
2026-04-27,2026-04,TikTok,Application Process,Vietnam,16,57,3,4,9
2026-04-27,2026-04,TikTok,Support Services,India,6,14,4,1,1
2026-04-27,2026-04,TikTok,Support Services,China,22,68,13,2,7
2026-04-27,2026-04,TikTok,Support Services,Vietnam,2,6,1,0,1
2026-04-27,2026-04,TikTok,Support Services,Malaysia,4,17,2,1,1
2026-04-27,2026-04,Reddit,Visa Processing,India,54,490,39,4,11
2026-04-27,2026-04,Reddit,Visa Processing,China,30,134,21,2,7
2026-04-27,2026-04,Reddit,Visa Processing,Vietnam,18,142,13,1,4
2026-04-27,2026-04,Reddit,Visa Processing,Malaysia,19,172,14,2,3
2026-04-27,2026-04,Reddit,Accommodation Cost,India,18,142,10,3,5
2026-04-27,2026-04,Reddit,Accommodation Cost,Vietnam,25,193,15,3,7
2026-04-27,2026-04,Reddit,Accommodation Cost,Malaysia,7,58,4,1,2
2026-04-27,2026-04,Reddit,Scholarships,India,9,44,4,2,3
2026-04-27,2026-04,Reddit,Scholarships,China,22,105,10,6,6
2026-04-27,2026-04,Reddit,Scholarships,Vietnam,15,111,7,3,5
2026-04-27,2026-04,Reddit,Scholarships,Malaysia,7,59,3,2,2
2026-04-27,2026-04,Reddit,Campus Safety,India,22,174,12,2,8
2026-04-27,2026-04,Reddit,Campus Safety,China,11,83,5,2,4
2026-04-27,2026-04,Reddit,Campus Safety,Vietnam,15,79,8,3,4
2026-04-27,2026-04,Reddit,Campus Safety,Malaysia,7,37,4,1,2
2026-04-27,2026-04,Reddit,Course Quality,India,34,228,16,8,10
2026-04-27,2026-04,Reddit,Course Quality,China,20,100,10,3,7
2026-04-27,2026-04,Reddit,Course Quality,Malaysia,2,17,1,0,1
2026-04-27,2026-04,Reddit,Career Outcomes,India,10,65,4,2,4
2026-04-27,2026-04,Reddit,Career Outcomes,China,16,79,6,2,8
2026-04-27,2026-04,Reddit,Career Outcomes,Vietnam,6,43,2,2,2
2026-04-27,2026-04,Reddit,Career Outcomes,Malaysia,10,74,4,2,4
2026-04-27,2026-04,Reddit,Part-Time Work Rights,India,7,62,4,0,3
2026-04-27,2026-04,Reddit,Part-Time Work Rights,China,9,75,5,2,2
2026-04-27,2026-04,Reddit,Part-Time Work Rights,Vietnam,12,108,7,2,3
2026-04-27,2026-04,Reddit,Part-Time Work Rights,Malaysia,6,38,4,0,2
2026-04-27,2026-04,Reddit,Campus Life,India,21,102,17,2,2
2026-04-27,2026-04,Reddit,Campus Life,China,5,42,4,0,1
2026-04-27,2026-04,Reddit,Campus Life,Vietnam,9,79,7,1,1
2026-04-27,2026-04,Reddit,Campus Life,Malaysia,9,81,7,1,1
2026-04-27,2026-04,Reddit,Application Process,India,3,18,1,0,2
2026-04-27,2026-04,Reddit,Application Process,China,5,43,1,2,2
2026-04-27,2026-04,Reddit,Application Process,Malaysia,9,41,2,3,4
2026-04-27,2026-04,Reddit,Support Services,India,22,198,14,4,4
2026-04-27,2026-04,Reddit,Support Services,China,11,53,6,2,3
2026-04-27,2026-04,Reddit,Support Services,Vietnam,9,63,5,2,2
2026-04-27,2026-04,Reddit,Support Services,Malaysia,6,45,4,0,2
2026-04-27,2026-04,X (Twitter),Visa Processing,India,18,51,12,2,4
2026-04-27,2026-04,X (Twitter),Visa Processing,China,23,45,16,3,4
2026-04-27,2026-04,X (Twitter),Visa Processing,Vietnam,33,52,21,5,7
2026-04-27,2026-04,X (Twitter),Accommodation Cost,India,22,53,13,3,6
2026-04-27,2026-04,X (Twitter),Accommodation Cost,China,14,29,7,2,5
2026-04-27,2026-04,X (Twitter),Accommodation Cost,Vietnam,12,28,6,3,3
2026-04-27,2026-04,X (Twitter),Accommodation Cost,Malaysia,19,49,10,4,5
2026-04-27,2026-04,X (Twitter),Scholarships,China,14,40,6,2,6
2026-04-27,2026-04,X (Twitter),Scholarships,Vietnam,18,48,7,4,7
2026-04-27,2026-04,X (Twitter),Scholarships,Malaysia,10,14,4,3,3
2026-04-27,2026-04,X (Twitter),Campus Safety,India,13,20,7,3,3
2026-04-27,2026-04,X (Twitter),Campus Safety,China,12,34,7,1,4
2026-04-27,2026-04,X (Twitter),Campus Safety,Vietnam,8,18,4,1,3
2026-04-27,2026-04,X (Twitter),Course Quality,India,21,41,9,4,8
2026-04-27,2026-04,X (Twitter),Course Quality,China,8,22,4,1,3
2026-04-27,2026-04,X (Twitter),Course Quality,Malaysia,3,5,1,1,1
2026-04-27,2026-04,X (Twitter),Career Outcomes,India,12,20,5,2,5
2026-04-27,2026-04,X (Twitter),Career Outcomes,China,15,33,6,3,6
2026-04-27,2026-04,X (Twitter),Career Outcomes,Vietnam,6,17,2,2,2
2026-04-27,2026-04,X (Twitter),Career Outcomes,Malaysia,9,17,4,2,3
2026-04-27,2026-04,X (Twitter),Part-Time Work Rights,India,15,39,9,2,4
2026-04-27,2026-04,X (Twitter),Part-Time Work Rights,China,7,18,4,1,2
2026-04-27,2026-04,X (Twitter),Part-Time Work Rights,Vietnam,5,8,3,1,1
2026-04-27,2026-04,X (Twitter),Part-Time Work Rights,Malaysia,4,7,2,1,1
2026-04-27,2026-04,X (Twitter),Campus Life,India,7,18,5,1,1
2026-04-27,2026-04,X (Twitter),Campus Life,China,15,43,12,1,2
2026-04-27,2026-04,X (Twitter),Campus Life,Vietnam,9,18,7,1,1
2026-04-27,2026-04,X (Twitter),Campus Life,Malaysia,5,9,4,0,1
2026-04-27,2026-04,X (Twitter),Application Process,India,11,30,3,3,5
2026-04-27,2026-04,X (Twitter),Application Process,China,16,42,3,4,9
2026-04-27,2026-04,X (Twitter),Application Process,Vietnam,10,27,2,4,4
2026-04-27,2026-04,X (Twitter),Application Process,Malaysia,4,11,1,1,2
2026-04-27,2026-04,X (Twitter),Support Services,India,13,21,8,2,3
2026-04-27,2026-04,X (Twitter),Support Services,China,11,26,7,1,3
2026-04-27,2026-04,X (Twitter),Support Services,Vietnam,3,9,2,0,1
2026-04-27,2026-04,X (Twitter),Support Services,Malaysia,6,17,3,2,1
2026-04-27,2026-04,News,Visa Processing,India,5,6,4,0,1
2026-04-27,2026-04,News,Visa Processing,China,14,15,10,1,3
2026-04-27,2026-04,News,Visa Processing,Vietnam,3,3,2,0,1
2026-04-27,2026-04,News,Visa Processing,Malaysia,3,2,2,0,1
2026-04-27,2026-04,News,Accommodation Cost,India,12,13,7,1,4
2026-04-27,2026-04,News,Accommodation Cost,China,7,7,4,1,2
2026-04-27,2026-04,News,Accommodation Cost,Vietnam,1,1,1,0,0
2026-04-27,2026-04,News,Accommodation Cost,Malaysia,3,3,2,0,1
2026-04-27,2026-04,News,Scholarships,India,7,5,3,2,2
2026-04-27,2026-04,News,Scholarships,China,9,8,4,2,3
2026-04-27,2026-04,News,Scholarships,Vietnam,7,6,3,1,3
2026-04-27,2026-04,News,Scholarships,Malaysia,1,1,0,1,0
2026-04-27,2026-04,News,Campus Safety,India,7,5,4,1,2
2026-04-27,2026-04,News,Campus Safety,China,4,3,2,1,1
2026-04-27,2026-04,News,Campus Safety,Vietnam,4,4,2,1,1
2026-04-27,2026-04,News,Campus Safety,Malaysia,4,2,2,1,1
2026-04-27,2026-04,News,Course Quality,Malaysia,2,2,1,0,1
2026-04-27,2026-04,News,Career Outcomes,India,6,6,2,2,2
2026-04-27,2026-04,News,Career Outcomes,China,5,5,2,1,2
2026-04-27,2026-04,News,Career Outcomes,Vietnam,2,1,1,0,1
2026-04-27,2026-04,News,Career Outcomes,Malaysia,3,3,1,1,1
2026-04-27,2026-04,News,Part-Time Work Rights,India,5,4,3,0,2
2026-04-27,2026-04,News,Part-Time Work Rights,China,3,2,2,0,1
2026-04-27,2026-04,News,Part-Time Work Rights,Vietnam,4,2,2,1,1
2026-04-27,2026-04,News,Part-Time Work Rights,Malaysia,4,3,2,1,1
2026-04-27,2026-04,News,Campus Life,India,8,5,6,1,1
2026-04-27,2026-04,News,Campus Life,China,2,2,2,0,0
2026-04-27,2026-04,News,Campus Life,Vietnam,3,2,2,1,0
2026-04-27,2026-04,News,Campus Life,Malaysia,2,2,2,0,0
2026-04-27,2026-04,News,Application Process,India,8,8,2,1,5
2026-04-27,2026-04,News,Application Process,China,5,5,1,1,3
2026-04-27,2026-04,News,Application Process,Vietnam,1,1,0,1,0
2026-04-27,2026-04,News,Application Process,Malaysia,5,4,1,2,2
2026-04-27,2026-04,News,Support Services,India,4,4,2,1,1
2026-04-27,2026-04,News,Support Services,China,3,3,2,0,1
2026-04-27,2026-04,News,Support Services,Vietnam,3,2,2,0,1
2026-04-27,2026-04,News,Support Services,Malaysia,3,3,2,0,1
2026-04-27,2026-04,Forums,Visa Processing,India,17,60,11,2,4
2026-04-27,2026-04,Forums,Visa Processing,China,15,64,10,3,2
2026-04-27,2026-04,Forums,Visa Processing,Vietnam,17,45,11,1,5
2026-04-27,2026-04,Forums,Visa Processing,Malaysia,7,22,5,1,1
2026-04-27,2026-04,Forums,Accommodation Cost,India,14,38,8,1,5
2026-04-27,2026-04,Forums,Accommodation Cost,China,15,81,9,2,4
2026-04-27,2026-04,Forums,Accommodation Cost,Vietnam,5,22,3,1,1
2026-04-27,2026-04,Forums,Accommodation Cost,Malaysia,7,22,4,1,2
2026-04-27,2026-04,Forums,Scholarships,India,1,5,0,1,0
2026-04-27,2026-04,Forums,Scholarships,Vietnam,5,15,2,1,2
2026-04-27,2026-04,Forums,Scholarships,Malaysia,8,22,4,1,3
2026-04-27,2026-04,Forums,Campus Safety,India,6,27,3,1,2
2026-04-27,2026-04,Forums,Campus Safety,Vietnam,4,11,2,1,1
2026-04-27,2026-04,Forums,Campus Safety,Malaysia,5,20,3,0,2
2026-04-27,2026-04,Forums,Course Quality,India,3,10,1,1,1
2026-04-27,2026-04,Forums,Course Quality,China,11,33,5,3,3
2026-04-27,2026-04,Forums,Course Quality,Vietnam,7,20,3,1,3
2026-04-27,2026-04,Forums,Course Quality,Malaysia,6,17,3,1,2
2026-04-27,2026-04,Forums,Career Outcomes,India,4,20,1,2,1
2026-04-27,2026-04,Forums,Career Outcomes,China,5,19,2,1,2
2026-04-27,2026-04,Forums,Career Outcomes,Vietnam,2,10,1,0,1
2026-04-27,2026-04,Forums,Career Outcomes,Malaysia,3,11,1,1,1
2026-04-27,2026-04,Forums,Part-Time Work Rights,India,1,4,1,0,0
2026-04-27,2026-04,Forums,Part-Time Work Rights,China,7,22,4,1,2
2026-04-27,2026-04,Forums,Part-Time Work Rights,Vietnam,6,27,3,1,2
2026-04-27,2026-04,Forums,Part-Time Work Rights,Malaysia,4,18,2,1,1
2026-04-27,2026-04,Forums,Campus Life,India,8,22,6,1,1
2026-04-27,2026-04,Forums,Campus Life,China,11,50,9,0,2
2026-04-27,2026-04,Forums,Campus Life,Vietnam,6,16,5,1,0
2026-04-27,2026-04,Forums,Campus Life,Malaysia,5,25,4,0,1
2026-04-27,2026-04,Forums,Application Process,India,7,30,1,3,3
2026-04-27,2026-04,Forums,Application Process,China,11,37,2,2,7
2026-04-27,2026-04,Forums,Application Process,Vietnam,7,27,2,2,3
2026-04-27,2026-04,Forums,Application Process,Malaysia,2,6,0,1,1
2026-04-27,2026-04,Forums,Support Services,India,3,11,2,0,1
2026-04-27,2026-04,Forums,Support Services,China,6,20,4,0,2
2026-04-27,2026-04,Forums,Support Services,Malaysia,4,15,3,0,1
2026-05-04,2026-05,TikTok,Visa Processing,India,64,175,34,13,17
2026-05-04,2026-05,TikTok,Visa Processing,China,31,69,16,5,10
2026-05-04,2026-05,TikTok,Accommodation Cost,India,23,99,12,4,7
2026-05-04,2026-05,TikTok,Accommodation Cost,China,36,116,20,4,12
2026-05-04,2026-05,TikTok,Accommodation Cost,Vietnam,10,34,6,2,2
2026-05-04,2026-05,TikTok,Accommodation Cost,Malaysia,7,18,4,1,2
2026-05-04,2026-05,TikTok,Scholarships,India,18,51,9,3,6
2026-05-04,2026-05,TikTok,Scholarships,China,19,75,10,4,5
2026-05-04,2026-05,TikTok,Scholarships,Vietnam,15,64,8,1,6
2026-05-04,2026-05,TikTok,Scholarships,Malaysia,20,62,11,2,7
2026-05-04,2026-05,TikTok,Campus Safety,India,5,15,2,1,2
2026-05-04,2026-05,TikTok,Campus Safety,China,5,22,3,0,2
2026-05-04,2026-05,TikTok,Campus Safety,Vietnam,15,56,7,2,6
2026-05-04,2026-05,TikTok,Campus Safety,Malaysia,16,49,8,2,6
2026-05-04,2026-05,TikTok,Course Quality,India,48,179,25,9,14
2026-05-04,2026-05,TikTok,Course Quality,China,27,107,15,3,9
2026-05-04,2026-05,TikTok,Course Quality,Vietnam,16,41,9,2,5
2026-05-04,2026-05,TikTok,Course Quality,Malaysia,11,40,6,1,4
2026-05-04,2026-05,TikTok,Career Outcomes,India,23,98,13,4,6
2026-05-04,2026-05,TikTok,Career Outcomes,Vietnam,10,35,5,2,3
2026-05-04,2026-05,TikTok,Career Outcomes,Malaysia,10,32,5,3,2
2026-05-04,2026-05,TikTok,Part-Time Work Rights,India,25,74,15,5,5
2026-05-04,2026-05,TikTok,Part-Time Work Rights,China,17,62,9,2,6
2026-05-04,2026-05,TikTok,Part-Time Work Rights,Vietnam,5,20,3,0,2
2026-05-04,2026-05,TikTok,Part-Time Work Rights,Malaysia,15,55,8,3,4
2026-05-04,2026-05,TikTok,Campus Life,India,17,67,16,0,1
2026-05-04,2026-05,TikTok,Campus Life,China,19,81,17,1,1
2026-05-04,2026-05,TikTok,Campus Life,Vietnam,15,47,14,0,1
2026-05-04,2026-05,TikTok,Campus Life,Malaysia,10,25,10,0,0
2026-05-04,2026-05,TikTok,Application Process,India,21,81,7,3,11
2026-05-04,2026-05,TikTok,Application Process,China,11,48,3,3,5
2026-05-04,2026-05,TikTok,Support Services,India,16,64,8,2,6
2026-05-04,2026-05,TikTok,Support Services,China,15,33,8,2,5
2026-05-04,2026-05,TikTok,Support Services,Vietnam,15,60,8,2,5
2026-05-04,2026-05,TikTok,Support Services,Malaysia,10,35,6,2,2
2026-05-04,2026-05,Reddit,Visa Processing,India,29,172,17,3,9
2026-05-04,2026-05,Reddit,Visa Processing,Vietnam,24,144,14,3,7
2026-05-04,2026-05,Reddit,Visa Processing,Malaysia,12,105,7,1,4
2026-05-04,2026-05,Reddit,Accommodation Cost,India,21,171,12,3,6
2026-05-04,2026-05,Reddit,Accommodation Cost,China,17,76,9,3,5
2026-05-04,2026-05,Reddit,Accommodation Cost,Vietnam,16,110,9,2,5
2026-05-04,2026-05,Reddit,Accommodation Cost,Malaysia,20,128,11,2,7
2026-05-04,2026-05,Reddit,Scholarships,India,8,39,4,1,3
2026-05-04,2026-05,Reddit,Scholarships,China,10,47,5,2,3
2026-05-04,2026-05,Reddit,Scholarships,Vietnam,6,40,3,1,2
2026-05-04,2026-05,Reddit,Scholarships,Malaysia,10,67,5,1,4
2026-05-04,2026-05,Reddit,Campus Safety,India,29,257,14,7,8
2026-05-04,2026-05,Reddit,Campus Safety,China,7,32,3,2,2
2026-05-04,2026-05,Reddit,Campus Safety,Vietnam,10,81,5,1,4
2026-05-04,2026-05,Reddit,Campus Safety,Malaysia,7,58,4,1,2
2026-05-04,2026-05,Reddit,Course Quality,India,30,228,17,4,9
2026-05-04,2026-05,Reddit,Course Quality,China,2,16,1,1,0
2026-05-04,2026-05,Reddit,Career Outcomes,India,12,103,6,2,4
2026-05-04,2026-05,Reddit,Career Outcomes,China,6,33,3,1,2
2026-05-04,2026-05,Reddit,Career Outcomes,Vietnam,5,35,3,0,2
2026-05-04,2026-05,Reddit,Career Outcomes,Malaysia,10,51,5,2,3
2026-05-04,2026-05,Reddit,Part-Time Work Rights,India,16,132,9,2,5
2026-05-04,2026-05,Reddit,Part-Time Work Rights,China,13,61,8,1,4
2026-05-04,2026-05,Reddit,Part-Time Work Rights,Vietnam,13,80,8,2,3
2026-05-04,2026-05,Reddit,Part-Time Work Rights,Malaysia,5,35,3,1,1
2026-05-04,2026-05,Reddit,Campus Life,India,26,236,25,0,1
2026-05-04,2026-05,Reddit,Campus Life,China,24,140,22,0,2
2026-05-04,2026-05,Reddit,Campus Life,Vietnam,18,120,17,0,1
2026-05-04,2026-05,Reddit,Campus Life,Malaysia,5,26,5,0,0
2026-05-04,2026-05,Reddit,Application Process,India,20,91,7,5,8
2026-05-04,2026-05,Reddit,Application Process,China,14,102,5,4,5
2026-05-04,2026-05,Reddit,Application Process,Vietnam,17,130,6,5,6
2026-05-04,2026-05,Reddit,Application Process,Malaysia,12,96,4,3,5
2026-05-04,2026-05,Reddit,Support Services,China,18,89,9,3,6
2026-05-04,2026-05,Reddit,Support Services,Vietnam,10,73,5,3,2
2026-05-04,2026-05,Reddit,Support Services,Malaysia,5,38,3,0,2
2026-05-04,2026-05,X (Twitter),Visa Processing,India,8,20,5,0,3
2026-05-04,2026-05,X (Twitter),Visa Processing,China,36,102,21,6,9
2026-05-04,2026-05,X (Twitter),Visa Processing,Vietnam,20,47,11,2,7
2026-05-04,2026-05,X (Twitter),Visa Processing,Malaysia,9,26,5,2,2
2026-05-04,2026-05,X (Twitter),Accommodation Cost,India,17,49,9,2,6
2026-05-04,2026-05,X (Twitter),Accommodation Cost,China,12,33,6,2,4
2026-05-04,2026-05,X (Twitter),Accommodation Cost,Vietnam,19,48,10,3,6
2026-05-04,2026-05,X (Twitter),Accommodation Cost,Malaysia,9,24,5,1,3
2026-05-04,2026-05,X (Twitter),Scholarships,China,19,31,9,4,6
2026-05-04,2026-05,X (Twitter),Scholarships,Malaysia,15,27,7,4,4
2026-05-04,2026-05,X (Twitter),Campus Safety,India,22,60,11,5,6
2026-05-04,2026-05,X (Twitter),Campus Safety,China,5,14,2,2,1
2026-05-04,2026-05,X (Twitter),Campus Safety,Vietnam,8,12,4,1,3
2026-05-04,2026-05,X (Twitter),Campus Safety,Malaysia,8,21,4,1,3
2026-05-04,2026-05,X (Twitter),Course Quality,India,19,28,11,3,5
2026-05-04,2026-05,X (Twitter),Course Quality,China,18,25,10,2,6
2026-05-04,2026-05,X (Twitter),Course Quality,Vietnam,7,11,3,2,2
2026-05-04,2026-05,X (Twitter),Course Quality,Malaysia,11,21,6,2,3
2026-05-04,2026-05,X (Twitter),Career Outcomes,India,20,28,11,2,7
2026-05-04,2026-05,X (Twitter),Career Outcomes,China,13,22,7,2,4
2026-05-04,2026-05,X (Twitter),Career Outcomes,Vietnam,9,14,5,2,2
2026-05-04,2026-05,X (Twitter),Career Outcomes,Malaysia,4,8,2,1,1
2026-05-04,2026-05,X (Twitter),Part-Time Work Rights,India,20,49,12,3,5
2026-05-04,2026-05,X (Twitter),Part-Time Work Rights,China,13,37,8,2,3
2026-05-04,2026-05,X (Twitter),Part-Time Work Rights,Vietnam,7,19,4,1,2
2026-05-04,2026-05,X (Twitter),Part-Time Work Rights,Malaysia,11,25,6,2,3
2026-05-04,2026-05,X (Twitter),Campus Life,India,14,38,13,0,1
2026-05-04,2026-05,X (Twitter),Campus Life,China,21,60,19,1,1
2026-05-04,2026-05,X (Twitter),Application Process,India,21,47,8,5,8
2026-05-04,2026-05,X (Twitter),Application Process,China,10,18,3,3,4
2026-05-04,2026-05,X (Twitter),Application Process,Malaysia,7,18,3,0,4
2026-05-04,2026-05,X (Twitter),Support Services,India,8,18,4,1,3
2026-05-04,2026-05,X (Twitter),Support Services,China,9,18,5,1,3
2026-05-04,2026-05,X (Twitter),Support Services,Malaysia,9,15,5,2,2
2026-05-04,2026-05,News,Visa Processing,India,14,15,8,3,3
2026-05-04,2026-05,News,Visa Processing,China,12,11,7,2,3
2026-05-04,2026-05,News,Visa Processing,Vietnam,8,4,4,2,2
2026-05-04,2026-05,News,Visa Processing,Malaysia,6,5,3,1,2
2026-05-04,2026-05,News,Accommodation Cost,China,6,6,3,1,2
2026-05-04,2026-05,News,Accommodation Cost,Vietnam,7,7,4,0,3
2026-05-04,2026-05,News,Accommodation Cost,Malaysia,1,1,1,0,0
2026-05-04,2026-05,News,Scholarships,India,7,8,3,1,3
2026-05-04,2026-05,News,Scholarships,China,6,4,3,1,2
2026-05-04,2026-05,News,Scholarships,Vietnam,9,8,4,2,3
2026-05-04,2026-05,News,Scholarships,Malaysia,4,3,2,1,1
2026-05-04,2026-05,News,Campus Safety,India,7,4,3,2,2
2026-05-04,2026-05,News,Campus Safety,China,1,1,0,1,0
2026-05-04,2026-05,News,Campus Safety,Malaysia,1,1,0,1,0
2026-05-04,2026-05,News,Course Quality,India,6,6,3,1,2
2026-05-04,2026-05,News,Course Quality,China,5,5,3,1,1
2026-05-04,2026-05,News,Course Quality,Vietnam,5,4,3,0,2
2026-05-04,2026-05,News,Course Quality,Malaysia,3,2,2,0,1
2026-05-04,2026-05,News,Career Outcomes,India,7,4,3,2,2
2026-05-04,2026-05,News,Career Outcomes,Vietnam,3,2,2,0,1
2026-05-04,2026-05,News,Career Outcomes,Malaysia,1,1,1,0,0
2026-05-04,2026-05,News,Part-Time Work Rights,India,3,2,2,0,1
2026-05-04,2026-05,News,Part-Time Work Rights,Vietnam,4,4,2,1,1
2026-05-04,2026-05,News,Part-Time Work Rights,Malaysia,2,2,1,0,1
2026-05-04,2026-05,News,Campus Life,China,4,3,4,0,0
2026-05-04,2026-05,News,Campus Life,Vietnam,4,3,4,0,0
2026-05-04,2026-05,News,Campus Life,Malaysia,4,4,4,0,0
2026-05-04,2026-05,News,Application Process,India,5,4,2,1,2
2026-05-04,2026-05,News,Application Process,China,4,3,1,1,2
2026-05-04,2026-05,News,Application Process,Vietnam,5,3,2,1,2
2026-05-04,2026-05,News,Application Process,Malaysia,2,2,1,0,1
2026-05-04,2026-05,News,Support Services,India,5,5,2,1,2
2026-05-04,2026-05,News,Support Services,Vietnam,1,1,1,0,0
2026-05-04,2026-05,News,Support Services,Malaysia,1,1,1,0,0
2026-05-04,2026-05,Forums,Visa Processing,India,26,111,14,5,7
2026-05-04,2026-05,Forums,Visa Processing,China,17,48,10,2,5
2026-05-04,2026-05,Forums,Visa Processing,Vietnam,17,48,9,3,5
2026-05-04,2026-05,Forums,Visa Processing,Malaysia,9,49,5,1,3
2026-05-04,2026-05,Forums,Accommodation Cost,India,13,54,7,1,5
2026-05-04,2026-05,Forums,Accommodation Cost,China,8,39,4,1,3
2026-05-04,2026-05,Forums,Accommodation Cost,Vietnam,4,15,2,1,1
2026-05-04,2026-05,Forums,Accommodation Cost,Malaysia,6,26,3,1,2
2026-05-04,2026-05,Forums,Scholarships,India,14,45,7,3,4
2026-05-04,2026-05,Forums,Scholarships,China,8,25,4,2,2
2026-05-04,2026-05,Forums,Scholarships,Vietnam,9,36,5,1,3
2026-05-04,2026-05,Forums,Scholarships,Malaysia,7,19,3,2,2
2026-05-04,2026-05,Forums,Campus Safety,India,11,50,5,2,4
2026-05-04,2026-05,Forums,Campus Safety,Vietnam,6,29,3,0,3
2026-05-04,2026-05,Forums,Campus Safety,Malaysia,6,23,3,1,2
2026-05-04,2026-05,Forums,Course Quality,India,7,30,4,1,2
2026-05-04,2026-05,Forums,Course Quality,China,9,24,5,1,3
2026-05-04,2026-05,Forums,Course Quality,Vietnam,6,24,3,1,2
2026-05-04,2026-05,Forums,Course Quality,Malaysia,6,18,3,1,2
2026-05-04,2026-05,Forums,Career Outcomes,India,17,93,9,4,4
2026-05-04,2026-05,Forums,Career Outcomes,China,4,21,2,1,1
2026-05-04,2026-05,Forums,Career Outcomes,Vietnam,3,12,1,1,1
2026-05-04,2026-05,Forums,Part-Time Work Rights,India,5,19,3,1,1
2026-05-04,2026-05,Forums,Part-Time Work Rights,China,4,16,2,1,1
2026-05-04,2026-05,Forums,Part-Time Work Rights,Vietnam,3,9,2,0,1
2026-05-04,2026-05,Forums,Campus Life,India,15,81,14,0,1
2026-05-04,2026-05,Forums,Campus Life,China,6,28,6,0,0
2026-05-04,2026-05,Forums,Campus Life,Vietnam,7,38,6,1,0
2026-05-04,2026-05,Forums,Application Process,India,9,41,3,2,4
2026-05-04,2026-05,Forums,Application Process,China,3,12,1,0,2
2026-05-04,2026-05,Forums,Application Process,Vietnam,6,17,2,1,3
2026-05-04,2026-05,Forums,Application Process,Malaysia,5,16,2,1,2
2026-05-04,2026-05,Forums,Support Services,India,7,22,4,1,2
2026-05-04,2026-05,Forums,Support Services,Vietnam,4,18,2,1,1
2026-05-04,2026-05,Forums,Support Services,Malaysia,5,16,3,1,1
2026-05-11,2026-05,TikTok,Visa Processing,India,57,145,28,8,21
2026-05-11,2026-05,TikTok,Visa Processing,China,24,61,13,3,8
2026-05-11,2026-05,TikTok,Visa Processing,Vietnam,35,91,18,4,13
2026-05-11,2026-05,TikTok,Visa Processing,Malaysia,10,37,5,1,4
2026-05-11,2026-05,TikTok,Accommodation Cost,India,45,162,19,13,13
2026-05-11,2026-05,TikTok,Accommodation Cost,China,29,83,12,6,11
2026-05-11,2026-05,TikTok,Accommodation Cost,Vietnam,27,99,11,5,11
2026-05-11,2026-05,TikTok,Accommodation Cost,Malaysia,18,75,7,5,6
2026-05-11,2026-05,TikTok,Scholarships,India,32,117,16,7,9
2026-05-11,2026-05,TikTok,Scholarships,China,30,71,15,4,11
2026-05-11,2026-05,TikTok,Scholarships,Vietnam,5,12,3,1,1
2026-05-11,2026-05,TikTok,Scholarships,Malaysia,12,34,6,2,4
2026-05-11,2026-05,TikTok,Campus Safety,India,41,87,13,9,19
2026-05-11,2026-05,TikTok,Campus Safety,China,18,52,5,6,7
2026-05-11,2026-05,TikTok,Campus Safety,Vietnam,6,21,2,2,2
2026-05-11,2026-05,TikTok,Campus Safety,Malaysia,14,41,4,4,6
2026-05-11,2026-05,TikTok,Course Quality,India,35,121,15,6,14
2026-05-11,2026-05,TikTok,Course Quality,China,21,71,9,5,7
2026-05-11,2026-05,TikTok,Course Quality,Vietnam,11,25,5,3,3
2026-05-11,2026-05,TikTok,Course Quality,Malaysia,16,37,7,4,5
2026-05-11,2026-05,TikTok,Career Outcomes,India,6,26,4,1,1
2026-05-11,2026-05,TikTok,Career Outcomes,China,13,57,8,2,3
2026-05-11,2026-05,TikTok,Career Outcomes,Vietnam,6,19,4,0,2
2026-05-11,2026-05,TikTok,Career Outcomes,Malaysia,13,55,8,2,3
2026-05-11,2026-05,TikTok,Part-Time Work Rights,India,12,43,7,1,4
2026-05-11,2026-05,TikTok,Part-Time Work Rights,China,17,50,10,2,5
2026-05-11,2026-05,TikTok,Part-Time Work Rights,Vietnam,16,35,8,4,4
2026-05-11,2026-05,TikTok,Part-Time Work Rights,Malaysia,11,39,6,2,3
2026-05-11,2026-05,TikTok,Campus Life,India,26,111,25,0,1
2026-05-11,2026-05,TikTok,Campus Life,China,24,67,23,0,1
2026-05-11,2026-05,TikTok,Campus Life,Vietnam,16,67,15,0,1
2026-05-11,2026-05,TikTok,Campus Life,Malaysia,14,38,13,1,0
2026-05-11,2026-05,TikTok,Application Process,China,17,39,4,5,8
2026-05-11,2026-05,TikTok,Application Process,Vietnam,11,30,3,3,5
2026-05-11,2026-05,TikTok,Application Process,Malaysia,16,53,4,2,10
2026-05-11,2026-05,TikTok,Support Services,India,4,17,2,1,1
2026-05-11,2026-05,TikTok,Support Services,China,7,23,4,0,3
2026-05-11,2026-05,TikTok,Support Services,Vietnam,13,57,6,2,5
2026-05-11,2026-05,TikTok,Support Services,Malaysia,6,17,3,1,2
2026-05-11,2026-05,Reddit,Visa Processing,China,38,168,18,6,14
2026-05-11,2026-05,Reddit,Visa Processing,Vietnam,12,52,6,3,3
2026-05-11,2026-05,Reddit,Visa Processing,Malaysia,20,110,10,4,6
2026-05-11,2026-05,Reddit,Accommodation Cost,India,39,209,18,8,13
2026-05-11,2026-05,Reddit,Accommodation Cost,China,7,56,3,1,3
2026-05-11,2026-05,Reddit,Accommodation Cost,Vietnam,7,54,3,1,3
2026-05-11,2026-05,Reddit,Accommodation Cost,Malaysia,9,50,4,2,3
2026-05-11,2026-05,Reddit,Scholarships,India,21,112,12,2,7
2026-05-11,2026-05,Reddit,Scholarships,China,8,60,4,1,3
2026-05-11,2026-05,Reddit,Scholarships,Vietnam,17,147,10,1,6
2026-05-11,2026-05,Reddit,Scholarships,Malaysia,12,87,7,1,4
2026-05-11,2026-05,Reddit,Campus Safety,India,31,248,10,5,16
2026-05-11,2026-05,Reddit,Campus Safety,China,18,143,6,3,9
2026-05-11,2026-05,Reddit,Campus Safety,Malaysia,10,71,3,2,5
2026-05-11,2026-05,Reddit,Course Quality,India,18,92,8,3,7
2026-05-11,2026-05,Reddit,Course Quality,China,9,64,4,1,4
2026-05-11,2026-05,Reddit,Course Quality,Vietnam,22,114,10,5,7
2026-05-11,2026-05,Reddit,Course Quality,Malaysia,11,97,5,2,4
2026-05-11,2026-05,Reddit,Career Outcomes,India,10,90,6,1,3
2026-05-11,2026-05,Reddit,Career Outcomes,China,13,99,8,2,3
2026-05-11,2026-05,Reddit,Career Outcomes,Vietnam,4,26,3,0,1
2026-05-11,2026-05,Reddit,Career Outcomes,Malaysia,5,35,3,1,1
2026-05-11,2026-05,Reddit,Part-Time Work Rights,India,14,83,8,2,4
2026-05-11,2026-05,Reddit,Part-Time Work Rights,China,14,64,8,2,4
2026-05-11,2026-05,Reddit,Part-Time Work Rights,Vietnam,5,44,3,1,1
2026-05-11,2026-05,Reddit,Part-Time Work Rights,Malaysia,7,60,4,1,2
2026-05-11,2026-05,Reddit,Campus Life,India,17,91,15,1,1
2026-05-11,2026-05,Reddit,Campus Life,China,13,71,12,1,0
2026-05-11,2026-05,Reddit,Campus Life,Vietnam,8,59,8,0,0
2026-05-11,2026-05,Reddit,Campus Life,Malaysia,11,93,10,0,1
2026-05-11,2026-05,Reddit,Application Process,India,8,44,2,3,3
2026-05-11,2026-05,Reddit,Application Process,China,28,254,5,11,12
2026-05-11,2026-05,Reddit,Application Process,Vietnam,9,47,2,3,4
2026-05-11,2026-05,Reddit,Application Process,Malaysia,12,67,3,4,5
2026-05-11,2026-05,Reddit,Support Services,India,14,75,7,2,5
2026-05-11,2026-05,Reddit,Support Services,China,9,79,5,1,3
2026-05-11,2026-05,Reddit,Support Services,Vietnam,6,45,3,1,2
2026-05-11,2026-05,Reddit,Support Services,Malaysia,6,51,3,1,2
2026-05-11,2026-05,X (Twitter),Visa Processing,India,45,128,21,11,13
2026-05-11,2026-05,X (Twitter),Visa Processing,China,35,93,17,7,11
2026-05-11,2026-05,X (Twitter),Visa Processing,Vietnam,13,24,7,3,3
2026-05-11,2026-05,X (Twitter),Visa Processing,Malaysia,13,20,6,4,3
2026-05-11,2026-05,X (Twitter),Accommodation Cost,India,26,46,13,4,9
2026-05-11,2026-05,X (Twitter),Accommodation Cost,China,18,47,9,4,5
2026-05-11,2026-05,X (Twitter),Accommodation Cost,Vietnam,14,39,6,2,6
2026-05-11,2026-05,X (Twitter),Accommodation Cost,Malaysia,12,25,6,1,5
2026-05-11,2026-05,X (Twitter),Scholarships,India,28,75,16,3,9
2026-05-11,2026-05,X (Twitter),Scholarships,China,20,28,12,2,6
2026-05-11,2026-05,X (Twitter),Scholarships,Vietnam,19,44,10,4,5
2026-05-11,2026-05,X (Twitter),Scholarships,Malaysia,12,33,7,1,4
2026-05-11,2026-05,X (Twitter),Campus Safety,India,10,20,3,2,5
2026-05-11,2026-05,X (Twitter),Campus Safety,China,18,34,6,3,9
2026-05-11,2026-05,X (Twitter),Campus Safety,Vietnam,2,4,1,0,1
2026-05-11,2026-05,X (Twitter),Campus Safety,Malaysia,4,10,1,1,2
2026-05-11,2026-05,X (Twitter),Course Quality,India,35,97,16,6,13
2026-05-11,2026-05,X (Twitter),Course Quality,China,11,25,5,3,3
2026-05-11,2026-05,X (Twitter),Course Quality,Vietnam,11,16,5,3,3
2026-05-11,2026-05,X (Twitter),Course Quality,Malaysia,10,21,5,1,4
2026-05-11,2026-05,X (Twitter),Career Outcomes,India,6,17,4,1,1
2026-05-11,2026-05,X (Twitter),Career Outcomes,China,4,8,2,1,1
2026-05-11,2026-05,X (Twitter),Career Outcomes,Vietnam,10,16,6,2,2
2026-05-11,2026-05,X (Twitter),Career Outcomes,Malaysia,6,12,4,1,1
2026-05-11,2026-05,X (Twitter),Part-Time Work Rights,India,20,29,11,3,6
2026-05-11,2026-05,X (Twitter),Part-Time Work Rights,China,10,24,6,1,3
2026-05-11,2026-05,X (Twitter),Part-Time Work Rights,Vietnam,7,16,4,1,2
2026-05-11,2026-05,X (Twitter),Part-Time Work Rights,Malaysia,4,11,2,1,1
2026-05-11,2026-05,X (Twitter),Campus Life,India,11,31,10,1,0
2026-05-11,2026-05,X (Twitter),Campus Life,China,9,21,8,0,1
2026-05-11,2026-05,X (Twitter),Campus Life,Vietnam,5,13,4,1,0
2026-05-11,2026-05,X (Twitter),Campus Life,Malaysia,14,30,13,0,1
2026-05-11,2026-05,X (Twitter),Application Process,China,1,2,0,1,0
2026-05-11,2026-05,X (Twitter),Application Process,Vietnam,6,9,1,2,3
2026-05-11,2026-05,X (Twitter),Application Process,Malaysia,8,19,2,1,5
2026-05-11,2026-05,X (Twitter),Support Services,India,15,25,7,4,4
2026-05-11,2026-05,X (Twitter),Support Services,China,9,13,4,1,4
2026-05-11,2026-05,X (Twitter),Support Services,Vietnam,8,19,4,2,2
2026-05-11,2026-05,X (Twitter),Support Services,Malaysia,2,3,1,0,1
2026-05-11,2026-05,News,Visa Processing,India,13,8,7,3,3
2026-05-11,2026-05,News,Visa Processing,Vietnam,4,3,2,1,1
2026-05-11,2026-05,News,Visa Processing,Malaysia,5,5,2,2,1
2026-05-11,2026-05,News,Accommodation Cost,China,5,5,2,1,2
2026-05-11,2026-05,News,Accommodation Cost,Vietnam,5,4,2,1,2
2026-05-11,2026-05,News,Accommodation Cost,Malaysia,2,1,1,0,1
2026-05-11,2026-05,News,Scholarships,India,3,2,2,0,1
2026-05-11,2026-05,News,Scholarships,China,6,4,3,1,2
2026-05-11,2026-05,News,Scholarships,Vietnam,3,2,2,0,1
2026-05-11,2026-05,News,Scholarships,Malaysia,4,4,2,1,1
2026-05-11,2026-05,News,Campus Safety,India,5,3,1,1,3
2026-05-11,2026-05,News,Campus Safety,Vietnam,3,3,1,0,2
2026-05-11,2026-05,News,Course Quality,India,10,7,5,2,3
2026-05-11,2026-05,News,Course Quality,China,5,5,2,1,2
2026-05-11,2026-05,News,Course Quality,Vietnam,5,5,2,1,2
2026-05-11,2026-05,News,Career Outcomes,India,5,5,3,1,1
2026-05-11,2026-05,News,Career Outcomes,China,6,4,4,0,2
2026-05-11,2026-05,News,Career Outcomes,Vietnam,5,4,3,1,1
2026-05-11,2026-05,News,Career Outcomes,Malaysia,3,3,2,0,1
2026-05-11,2026-05,News,Part-Time Work Rights,India,10,8,6,1,3
2026-05-11,2026-05,News,Part-Time Work Rights,China,2,1,1,1,0
2026-05-11,2026-05,News,Part-Time Work Rights,Malaysia,3,3,2,0,1
2026-05-11,2026-05,News,Campus Life,India,5,5,5,0,0
2026-05-11,2026-05,News,Campus Life,China,5,4,5,0,0
2026-05-11,2026-05,News,Campus Life,Vietnam,4,2,4,0,0
2026-05-11,2026-05,News,Campus Life,Malaysia,2,2,2,0,0
2026-05-11,2026-05,News,Application Process,India,9,8,2,3,4
2026-05-11,2026-05,News,Application Process,China,2,2,0,1,1
2026-05-11,2026-05,News,Application Process,Vietnam,2,2,0,1,1
2026-05-11,2026-05,News,Application Process,Malaysia,3,2,1,1,1
2026-05-11,2026-05,News,Support Services,India,6,3,3,1,2
2026-05-11,2026-05,News,Support Services,China,2,2,1,0,1
2026-05-11,2026-05,News,Support Services,Vietnam,2,1,1,0,1
2026-05-11,2026-05,News,Support Services,Malaysia,1,1,0,1,0
2026-05-11,2026-05,Forums,Visa Processing,India,23,98,12,3,8
2026-05-11,2026-05,Forums,Visa Processing,China,7,33,4,1,2
2026-05-11,2026-05,Forums,Visa Processing,Vietnam,17,55,8,2,7
2026-05-11,2026-05,Forums,Visa Processing,Malaysia,5,20,2,1,2
2026-05-11,2026-05,Forums,Accommodation Cost,India,18,64,8,4,6
2026-05-11,2026-05,Forums,Accommodation Cost,China,5,15,2,1,2
2026-05-11,2026-05,Forums,Accommodation Cost,Vietnam,4,20,2,1,1
2026-05-11,2026-05,Forums,Accommodation Cost,Malaysia,6,20,3,0,3
2026-05-11,2026-05,Forums,Scholarships,Vietnam,3,9,2,0,1
2026-05-11,2026-05,Forums,Scholarships,Malaysia,7,25,4,1,2
2026-05-11,2026-05,Forums,Campus Safety,India,12,53,4,3,5
2026-05-11,2026-05,Forums,Campus Safety,China,6,17,2,1,3
2026-05-11,2026-05,Forums,Campus Safety,Vietnam,3,9,1,1,1
2026-05-11,2026-05,Forums,Campus Safety,Malaysia,3,15,1,1,1
2026-05-11,2026-05,Forums,Course Quality,India,14,39,7,2,5
2026-05-11,2026-05,Forums,Course Quality,China,4,16,2,1,1
2026-05-11,2026-05,Forums,Course Quality,Vietnam,6,30,3,0,3
2026-05-11,2026-05,Forums,Course Quality,Malaysia,3,8,1,1,1
2026-05-11,2026-05,Forums,Career Outcomes,India,13,70,8,2,3
2026-05-11,2026-05,Forums,Career Outcomes,China,3,10,2,0,1
2026-05-11,2026-05,Forums,Career Outcomes,Vietnam,5,21,3,1,1
2026-05-11,2026-05,Forums,Career Outcomes,Malaysia,3,12,2,0,1
2026-05-11,2026-05,Forums,Part-Time Work Rights,India,10,56,6,1,3
2026-05-11,2026-05,Forums,Part-Time Work Rights,China,5,21,3,1,1
2026-05-11,2026-05,Forums,Part-Time Work Rights,Vietnam,6,17,3,1,2
2026-05-11,2026-05,Forums,Part-Time Work Rights,Malaysia,4,20,2,1,1
2026-05-11,2026-05,Forums,Campus Life,India,9,50,8,0,1
2026-05-11,2026-05,Forums,Campus Life,Vietnam,4,16,4,0,0
2026-05-11,2026-05,Forums,Campus Life,Malaysia,1,4,1,0,0
2026-05-11,2026-05,Forums,Application Process,India,6,28,2,1,3
2026-05-11,2026-05,Forums,Application Process,China,6,30,2,1,3
2026-05-11,2026-05,Forums,Application Process,Vietnam,7,25,1,3,3
2026-05-11,2026-05,Forums,Application Process,Malaysia,9,50,2,2,5
2026-05-11,2026-05,Forums,Support Services,India,7,24,4,1,2
2026-05-11,2026-05,Forums,Support Services,Vietnam,5,19,2,1,2
2026-05-11,2026-05,Forums,Support Services,Malaysia,4,21,2,1,1
2026-05-18,2026-05,TikTok,Visa Processing,India,22,85,10,5,7
2026-05-18,2026-05,TikTok,Visa Processing,Vietnam,34,142,16,5,13
2026-05-18,2026-05,TikTok,Visa Processing,Malaysia,9,32,4,2,3
2026-05-18,2026-05,TikTok,Accommodation Cost,India,46,131,28,4,14
2026-05-18,2026-05,TikTok,Accommodation Cost,China,21,50,13,2,6
2026-05-18,2026-05,TikTok,Accommodation Cost,Vietnam,20,81,12,4,4
2026-05-18,2026-05,TikTok,Accommodation Cost,Malaysia,22,95,13,4,5
2026-05-18,2026-05,TikTok,Scholarships,India,21,77,12,2,7
2026-05-18,2026-05,TikTok,Scholarships,China,17,43,10,1,6
2026-05-18,2026-05,TikTok,Scholarships,Vietnam,16,40,8,3,5
2026-05-18,2026-05,TikTok,Scholarships,Malaysia,22,65,12,5,5
2026-05-18,2026-05,TikTok,Campus Safety,India,12,27,4,4,4
2026-05-18,2026-05,TikTok,Campus Safety,China,21,81,7,5,9
2026-05-18,2026-05,TikTok,Campus Safety,Vietnam,13,28,4,4,5
2026-05-18,2026-05,TikTok,Campus Safety,Malaysia,10,40,3,3,4
2026-05-18,2026-05,TikTok,Course Quality,India,29,90,18,2,9
2026-05-18,2026-05,TikTok,Course Quality,China,24,55,15,4,5
2026-05-18,2026-05,TikTok,Course Quality,Vietnam,12,34,8,0,4
2026-05-18,2026-05,TikTok,Course Quality,Malaysia,9,33,5,2,2
2026-05-18,2026-05,TikTok,Career Outcomes,India,9,25,6,1,2
2026-05-18,2026-05,TikTok,Career Outcomes,China,15,59,10,2,3
2026-05-18,2026-05,TikTok,Career Outcomes,Vietnam,8,17,5,1,2
2026-05-18,2026-05,TikTok,Career Outcomes,Malaysia,12,46,8,1,3
2026-05-18,2026-05,TikTok,Part-Time Work Rights,India,11,26,6,1,4
2026-05-18,2026-05,TikTok,Part-Time Work Rights,China,19,47,10,2,7
2026-05-18,2026-05,TikTok,Part-Time Work Rights,Vietnam,14,59,7,2,5
2026-05-18,2026-05,TikTok,Campus Life,India,35,139,31,2,2
2026-05-18,2026-05,TikTok,Campus Life,Malaysia,8,22,7,0,1
2026-05-18,2026-05,TikTok,Application Process,India,41,148,8,14,19
2026-05-18,2026-05,TikTok,Application Process,China,9,31,2,2,5
2026-05-18,2026-05,TikTok,Application Process,Malaysia,15,36,2,6,7
2026-05-18,2026-05,TikTok,Support Services,India,7,20,4,1,2
2026-05-18,2026-05,TikTok,Support Services,China,17,53,10,2,5
2026-05-18,2026-05,TikTok,Support Services,Malaysia,9,22,6,1,2
2026-05-18,2026-05,Reddit,Visa Processing,India,25,175,11,5,9
2026-05-18,2026-05,Reddit,Visa Processing,China,26,211,13,6,7
2026-05-18,2026-05,Reddit,Visa Processing,Malaysia,21,159,10,2,9
2026-05-18,2026-05,Reddit,Accommodation Cost,India,31,163,18,5,8
2026-05-18,2026-05,Reddit,Accommodation Cost,China,22,164,14,4,4
2026-05-18,2026-05,Reddit,Accommodation Cost,Vietnam,20,101,12,3,5
2026-05-18,2026-05,Reddit,Accommodation Cost,Malaysia,5,22,3,0,2
2026-05-18,2026-05,Reddit,Scholarships,India,19,147,10,2,7
2026-05-18,2026-05,Reddit,Scholarships,Vietnam,12,105,6,1,5
2026-05-18,2026-05,Reddit,Scholarships,Malaysia,11,51,6,1,4
2026-05-18,2026-05,Reddit,Campus Safety,India,21,147,6,3,12
2026-05-18,2026-05,Reddit,Campus Safety,China,8,39,3,1,4
2026-05-18,2026-05,Reddit,Campus Safety,Malaysia,3,26,1,1,1
2026-05-18,2026-05,Reddit,Course Quality,India,21,139,13,3,5
2026-05-18,2026-05,Reddit,Course Quality,China,13,88,8,2,3
2026-05-18,2026-05,Reddit,Course Quality,Vietnam,9,81,6,1,2
2026-05-18,2026-05,Reddit,Course Quality,Malaysia,16,122,10,3,3
2026-05-18,2026-05,Reddit,Career Outcomes,India,21,157,14,3,4
2026-05-18,2026-05,Reddit,Career Outcomes,China,13,70,8,2,3
2026-05-18,2026-05,Reddit,Career Outcomes,Vietnam,8,53,5,2,1
2026-05-18,2026-05,Reddit,Career Outcomes,Malaysia,7,63,5,1,1
2026-05-18,2026-05,Reddit,Part-Time Work Rights,India,13,74,7,3,3
2026-05-18,2026-05,Reddit,Part-Time Work Rights,China,14,115,7,3,4
2026-05-18,2026-05,Reddit,Part-Time Work Rights,Vietnam,14,77,8,2,4
2026-05-18,2026-05,Reddit,Part-Time Work Rights,Malaysia,6,50,3,1,2
2026-05-18,2026-05,Reddit,Campus Life,India,9,39,7,1,1
2026-05-18,2026-05,Reddit,Campus Life,China,19,125,16,1,2
2026-05-18,2026-05,Reddit,Campus Life,Vietnam,10,80,8,1,1
2026-05-18,2026-05,Reddit,Campus Life,Malaysia,4,32,4,0,0
2026-05-18,2026-05,Reddit,Application Process,India,18,113,3,4,11
2026-05-18,2026-05,Reddit,Application Process,China,16,99,3,5,8
2026-05-18,2026-05,Reddit,Application Process,Vietnam,9,77,1,4,4
2026-05-18,2026-05,Reddit,Application Process,Malaysia,10,46,2,4,4
2026-05-18,2026-05,Reddit,Support Services,India,3,24,2,0,1
2026-05-18,2026-05,Reddit,Support Services,China,12,54,7,1,4
2026-05-18,2026-05,Reddit,Support Services,Vietnam,11,82,7,1,3
2026-05-18,2026-05,Reddit,Support Services,Malaysia,10,43,6,1,3
2026-05-18,2026-05,X (Twitter),Visa Processing,India,31,49,14,8,9
2026-05-18,2026-05,X (Twitter),Visa Processing,Vietnam,14,20,7,2,5
2026-05-18,2026-05,X (Twitter),Visa Processing,Malaysia,18,48,9,4,5
2026-05-18,2026-05,X (Twitter),Accommodation Cost,India,20,45,12,3,5
2026-05-18,2026-05,X (Twitter),Accommodation Cost,China,2,4,1,1,0
2026-05-18,2026-05,X (Twitter),Accommodation Cost,Vietnam,19,33,12,3,4
2026-05-18,2026-05,X (Twitter),Accommodation Cost,Malaysia,10,21,6,1,3
2026-05-18,2026-05,X (Twitter),Scholarships,India,25,54,13,3,9
2026-05-18,2026-05,X (Twitter),Scholarships,China,20,41,11,2,7
2026-05-18,2026-05,X (Twitter),Scholarships,Malaysia,9,14,5,2,2
2026-05-18,2026-05,X (Twitter),Campus Safety,India,12,21,4,3,5
2026-05-18,2026-05,X (Twitter),Campus Safety,China,15,30,5,2,8
2026-05-18,2026-05,X (Twitter),Campus Safety,Vietnam,6,14,2,1,3
2026-05-18,2026-05,X (Twitter),Campus Safety,Malaysia,7,19,2,2,3
2026-05-18,2026-05,X (Twitter),Course Quality,India,20,54,11,3,6
2026-05-18,2026-05,X (Twitter),Course Quality,China,14,32,9,1,4
2026-05-18,2026-05,X (Twitter),Course Quality,Vietnam,15,37,9,1,5
2026-05-18,2026-05,X (Twitter),Course Quality,Malaysia,12,21,7,2,3
2026-05-18,2026-05,X (Twitter),Career Outcomes,India,16,24,11,3,2
2026-05-18,2026-05,X (Twitter),Career Outcomes,China,12,34,8,2,2
2026-05-18,2026-05,X (Twitter),Career Outcomes,Vietnam,11,31,8,1,2
2026-05-18,2026-05,X (Twitter),Part-Time Work Rights,India,5,13,2,1,2
2026-05-18,2026-05,X (Twitter),Part-Time Work Rights,China,10,26,5,1,4
2026-05-18,2026-05,X (Twitter),Part-Time Work Rights,Vietnam,10,27,5,3,2
2026-05-18,2026-05,X (Twitter),Part-Time Work Rights,Malaysia,11,21,6,2,3
2026-05-18,2026-05,X (Twitter),Campus Life,India,8,23,7,0,1
2026-05-18,2026-05,X (Twitter),Campus Life,China,9,24,8,0,1
2026-05-18,2026-05,X (Twitter),Campus Life,Vietnam,12,25,11,0,1
2026-05-18,2026-05,X (Twitter),Campus Life,Malaysia,11,24,9,0,2
2026-05-18,2026-05,X (Twitter),Application Process,India,28,72,4,7,17
2026-05-18,2026-05,X (Twitter),Application Process,China,16,41,3,3,10
2026-05-18,2026-05,X (Twitter),Application Process,Vietnam,4,7,1,1,2
2026-05-18,2026-05,X (Twitter),Application Process,Malaysia,11,29,2,3,6
2026-05-18,2026-05,X (Twitter),Support Services,India,10,18,6,1,3
2026-05-18,2026-05,X (Twitter),Support Services,China,2,5,1,0,1
2026-05-18,2026-05,X (Twitter),Support Services,Vietnam,1,3,1,0,0
2026-05-18,2026-05,X (Twitter),Support Services,Malaysia,8,16,5,1,2
2026-05-18,2026-05,News,Visa Processing,India,7,4,3,1,3
2026-05-18,2026-05,News,Visa Processing,China,3,3,1,1,1
2026-05-18,2026-05,News,Visa Processing,Vietnam,8,9,4,1,3
2026-05-18,2026-05,News,Visa Processing,Malaysia,4,2,2,1,1
2026-05-18,2026-05,News,Accommodation Cost,India,4,3,2,1,1
2026-05-18,2026-05,News,Accommodation Cost,China,8,6,5,1,2
2026-05-18,2026-05,News,Accommodation Cost,Vietnam,4,4,3,0,1
2026-05-18,2026-05,News,Accommodation Cost,Malaysia,2,1,1,0,1
2026-05-18,2026-05,News,Scholarships,India,10,11,6,1,3
2026-05-18,2026-05,News,Scholarships,China,6,5,3,1,2
2026-05-18,2026-05,News,Scholarships,Malaysia,2,2,1,0,1
2026-05-18,2026-05,News,Campus Safety,India,5,3,2,0,3
2026-05-18,2026-05,News,Campus Safety,China,5,4,1,1,3
2026-05-18,2026-05,News,Campus Safety,Vietnam,3,2,1,1,1
2026-05-18,2026-05,News,Campus Safety,Malaysia,2,1,1,0,1
2026-05-18,2026-05,News,Course Quality,India,7,6,4,1,2
2026-05-18,2026-05,News,Course Quality,China,5,5,3,1,1
2026-05-18,2026-05,News,Course Quality,Vietnam,2,2,1,1,0
2026-05-18,2026-05,News,Course Quality,Malaysia,2,2,1,1,0
2026-05-18,2026-05,News,Career Outcomes,India,3,2,2,0,1
2026-05-18,2026-05,News,Career Outcomes,Vietnam,2,1,1,1,0
2026-05-18,2026-05,News,Career Outcomes,Malaysia,2,1,1,1,0
2026-05-18,2026-05,News,Part-Time Work Rights,India,5,3,3,0,2
2026-05-18,2026-05,News,Part-Time Work Rights,China,4,3,2,1,1
2026-05-18,2026-05,News,Part-Time Work Rights,Vietnam,3,3,2,0,1
2026-05-18,2026-05,News,Campus Life,China,3,2,2,1,0
2026-05-18,2026-05,News,Campus Life,Malaysia,3,2,3,0,0
2026-05-18,2026-05,News,Application Process,India,4,3,1,1,2
2026-05-18,2026-05,News,Application Process,Vietnam,2,2,0,1,1
2026-05-18,2026-05,News,Application Process,Malaysia,5,5,1,1,3
2026-05-18,2026-05,News,Support Services,India,3,3,2,0,1
2026-05-18,2026-05,News,Support Services,China,3,2,2,0,1
2026-05-18,2026-05,News,Support Services,Vietnam,3,2,2,0,1
2026-05-18,2026-05,News,Support Services,Malaysia,1,1,1,0,0
2026-05-18,2026-05,Forums,Visa Processing,India,20,81,9,2,9
2026-05-18,2026-05,Forums,Visa Processing,China,19,49,9,3,7
2026-05-18,2026-05,Forums,Visa Processing,Vietnam,13,57,6,2,5
2026-05-18,2026-05,Forums,Visa Processing,Malaysia,9,31,4,2,3
2026-05-18,2026-05,Forums,Accommodation Cost,India,2,7,1,1,0
2026-05-18,2026-05,Forums,Accommodation Cost,China,9,31,6,1,2
2026-05-18,2026-05,Forums,Accommodation Cost,Vietnam,12,65,7,1,4
2026-05-18,2026-05,Forums,Accommodation Cost,Malaysia,10,35,7,0,3
2026-05-18,2026-05,Forums,Scholarships,India,16,43,8,2,6
2026-05-18,2026-05,Forums,Scholarships,China,4,13,2,1,1
2026-05-18,2026-05,Forums,Scholarships,Vietnam,7,28,3,2,2
2026-05-18,2026-05,Forums,Scholarships,Malaysia,5,27,3,1,1
2026-05-18,2026-05,Forums,Campus Safety,India,5,27,2,1,2
2026-05-18,2026-05,Forums,Campus Safety,China,6,16,2,1,3
2026-05-18,2026-05,Forums,Campus Safety,Vietnam,6,28,2,1,3
2026-05-18,2026-05,Forums,Campus Safety,Malaysia,1,4,0,1,0
2026-05-18,2026-05,Forums,Course Quality,India,14,50,8,3,3
2026-05-18,2026-05,Forums,Course Quality,China,9,38,6,1,2
2026-05-18,2026-05,Forums,Course Quality,Vietnam,6,18,4,1,1
2026-05-18,2026-05,Forums,Course Quality,Malaysia,4,12,2,1,1
2026-05-18,2026-05,Forums,Career Outcomes,India,5,22,3,1,1
2026-05-18,2026-05,Forums,Career Outcomes,China,5,19,4,0,1
2026-05-18,2026-05,Forums,Career Outcomes,Vietnam,5,28,3,1,1
2026-05-18,2026-05,Forums,Career Outcomes,Malaysia,4,13,3,0,1
2026-05-18,2026-05,Forums,Part-Time Work Rights,India,9,38,5,2,2
2026-05-18,2026-05,Forums,Part-Time Work Rights,China,8,41,4,1,3
2026-05-18,2026-05,Forums,Part-Time Work Rights,Vietnam,5,21,3,1,1
2026-05-18,2026-05,Forums,Part-Time Work Rights,Malaysia,4,15,2,1,1
2026-05-18,2026-05,Forums,Campus Life,India,2,8,2,0,0
2026-05-18,2026-05,Forums,Campus Life,China,3,10,3,0,0
2026-05-18,2026-05,Forums,Campus Life,Vietnam,8,21,7,0,1
2026-05-18,2026-05,Forums,Campus Life,Malaysia,5,26,4,0,1
2026-05-18,2026-05,Forums,Application Process,India,7,37,1,1,5
2026-05-18,2026-05,Forums,Application Process,China,6,21,1,2,3
2026-05-18,2026-05,Forums,Application Process,Vietnam,5,14,1,2,2
2026-05-18,2026-05,Forums,Application Process,Malaysia,4,12,1,0,3
2026-05-18,2026-05,Forums,Support Services,India,6,29,3,1,2
2026-05-18,2026-05,Forums,Support Services,China,6,27,3,2,1
2026-05-18,2026-05,Forums,Support Services,Vietnam,1,4,1,0,0
2026-05-18,2026-05,Forums,Support Services,Malaysia,5,19,3,1,1
2026-05-25,2026-05,TikTok,Visa Processing,India,44,173,12,15,17
2026-05-25,2026-05,TikTok,Visa Processing,China,22,59,6,7,9
2026-05-25,2026-05,TikTok,Visa Processing,Vietnam,43,151,13,13,17
2026-05-25,2026-05,TikTok,Visa Processing,Malaysia,16,46,4,4,8
2026-05-25,2026-05,TikTok,Accommodation Cost,India,38,170,22,5,11
2026-05-25,2026-05,TikTok,Accommodation Cost,China,27,85,14,7,6
2026-05-25,2026-05,TikTok,Accommodation Cost,Vietnam,30,119,15,6,9
2026-05-25,2026-05,TikTok,Accommodation Cost,Malaysia,12,46,6,2,4
2026-05-25,2026-05,TikTok,Scholarships,China,14,43,7,3,4
2026-05-25,2026-05,TikTok,Scholarships,Vietnam,10,31,5,2,3
2026-05-25,2026-05,TikTok,Scholarships,Malaysia,11,33,6,2,3
2026-05-25,2026-05,TikTok,Campus Safety,India,8,27,3,1,4
2026-05-25,2026-05,TikTok,Campus Safety,China,26,71,10,5,11
2026-05-25,2026-05,TikTok,Campus Safety,Vietnam,5,15,2,1,2
2026-05-25,2026-05,TikTok,Campus Safety,Malaysia,9,19,4,1,4
2026-05-25,2026-05,TikTok,Course Quality,India,19,68,12,3,4
2026-05-25,2026-05,TikTok,Course Quality,China,23,97,14,3,6
2026-05-25,2026-05,TikTok,Course Quality,Vietnam,16,61,10,2,4
2026-05-25,2026-05,TikTok,Course Quality,Malaysia,10,29,6,1,3
2026-05-25,2026-05,TikTok,Career Outcomes,India,26,67,20,3,3
2026-05-25,2026-05,TikTok,Career Outcomes,China,5,12,4,0,1
2026-05-25,2026-05,TikTok,Career Outcomes,Vietnam,14,63,11,1,2
2026-05-25,2026-05,TikTok,Career Outcomes,Malaysia,6,22,5,0,1
2026-05-25,2026-05,TikTok,Part-Time Work Rights,China,5,22,3,0,2
2026-05-25,2026-05,TikTok,Part-Time Work Rights,Vietnam,4,10,2,1,1
2026-05-25,2026-05,TikTok,Part-Time Work Rights,Malaysia,10,21,5,2,3
2026-05-25,2026-05,TikTok,Campus Life,India,27,72,19,3,5
2026-05-25,2026-05,TikTok,Campus Life,China,18,46,13,3,2
2026-05-25,2026-05,TikTok,Campus Life,Vietnam,6,13,4,1,1
2026-05-25,2026-05,TikTok,Campus Life,Malaysia,8,23,6,0,2
2026-05-25,2026-05,TikTok,Application Process,India,31,132,9,6,16
2026-05-25,2026-05,TikTok,Application Process,China,23,54,6,6,11
2026-05-25,2026-05,TikTok,Application Process,Vietnam,16,38,4,6,6
2026-05-25,2026-05,TikTok,Application Process,Malaysia,14,51,4,4,6
2026-05-25,2026-05,TikTok,Support Services,India,16,57,13,1,2
2026-05-25,2026-05,TikTok,Support Services,China,13,37,10,1,2
2026-05-25,2026-05,TikTok,Support Services,Vietnam,13,52,11,0,2
2026-05-25,2026-05,TikTok,Support Services,Malaysia,7,23,6,0,1
2026-05-25,2026-05,Reddit,Visa Processing,India,18,129,5,6,7
2026-05-25,2026-05,Reddit,Visa Processing,China,22,124,7,6,9
2026-05-25,2026-05,Reddit,Visa Processing,Vietnam,31,157,10,7,14
2026-05-25,2026-05,Reddit,Visa Processing,Malaysia,23,176,7,8,8
2026-05-25,2026-05,Reddit,Accommodation Cost,India,31,250,17,6,8
2026-05-25,2026-05,Reddit,Accommodation Cost,China,16,70,9,3,4
2026-05-25,2026-05,Reddit,Accommodation Cost,Vietnam,11,100,6,2,3
2026-05-25,2026-05,Reddit,Scholarships,India,21,113,10,5,6
2026-05-25,2026-05,Reddit,Scholarships,China,9,46,4,2,3
2026-05-25,2026-05,Reddit,Scholarships,Vietnam,14,79,6,3,5
2026-05-25,2026-05,Reddit,Scholarships,Malaysia,16,71,8,3,5
2026-05-25,2026-05,Reddit,Campus Safety,India,14,80,5,3,6
2026-05-25,2026-05,Reddit,Campus Safety,China,17,139,7,5,5
2026-05-25,2026-05,Reddit,Campus Safety,Vietnam,7,37,3,2,2
2026-05-25,2026-05,Reddit,Campus Safety,Malaysia,4,18,1,1,2
2026-05-25,2026-05,Reddit,Course Quality,India,22,139,14,2,6
2026-05-25,2026-05,Reddit,Course Quality,China,9,77,6,1,2
2026-05-25,2026-05,Reddit,Course Quality,Vietnam,6,33,4,0,2
2026-05-25,2026-05,Reddit,Course Quality,Malaysia,15,133,9,2,4
2026-05-25,2026-05,Reddit,Career Outcomes,India,20,150,16,2,2
2026-05-25,2026-05,Reddit,Career Outcomes,China,8,38,6,1,1
2026-05-25,2026-05,Reddit,Career Outcomes,Vietnam,5,41,4,0,1
2026-05-25,2026-05,Reddit,Career Outcomes,Malaysia,9,51,7,1,1
2026-05-25,2026-05,Reddit,Part-Time Work Rights,China,11,72,6,2,3
2026-05-25,2026-05,Reddit,Part-Time Work Rights,Malaysia,10,72,5,1,4
2026-05-25,2026-05,Reddit,Campus Life,India,18,113,13,2,3
2026-05-25,2026-05,Reddit,Campus Life,Vietnam,6,53,5,0,1
2026-05-25,2026-05,Reddit,Campus Life,Malaysia,5,29,4,0,1
2026-05-25,2026-05,Reddit,Application Process,India,10,60,3,2,5
2026-05-25,2026-05,Reddit,Application Process,China,17,78,4,6,7
2026-05-25,2026-05,Reddit,Application Process,Vietnam,13,110,4,3,6
2026-05-25,2026-05,Reddit,Application Process,Malaysia,9,57,3,2,4
2026-05-25,2026-05,Reddit,Support Services,India,21,117,16,2,3
2026-05-25,2026-05,Reddit,Support Services,China,1,8,1,0,0
2026-05-25,2026-05,Reddit,Support Services,Vietnam,11,74,9,1,1
2026-05-25,2026-05,Reddit,Support Services,Malaysia,6,30,5,0,1
2026-05-25,2026-05,X (Twitter),Visa Processing,India,30,44,10,8,12
2026-05-25,2026-05,X (Twitter),Visa Processing,China,31,90,8,11,12
2026-05-25,2026-05,X (Twitter),Visa Processing,Vietnam,16,43,5,6,5
2026-05-25,2026-05,X (Twitter),Accommodation Cost,India,39,112,20,7,12
2026-05-25,2026-05,X (Twitter),Accommodation Cost,China,18,32,9,2,7
2026-05-25,2026-05,X (Twitter),Accommodation Cost,Vietnam,1,2,1,0,0
2026-05-25,2026-05,X (Twitter),Accommodation Cost,Malaysia,16,41,8,2,6
2026-05-25,2026-05,X (Twitter),Scholarships,India,24,58,11,3,10
2026-05-25,2026-05,X (Twitter),Scholarships,China,21,44,10,3,8
2026-05-25,2026-05,X (Twitter),Scholarships,Vietnam,11,20,6,2,3
2026-05-25,2026-05,X (Twitter),Scholarships,Malaysia,3,5,1,1,1
2026-05-25,2026-05,X (Twitter),Campus Safety,India,21,52,9,3,9
2026-05-25,2026-05,X (Twitter),Campus Safety,China,2,3,1,0,1
2026-05-25,2026-05,X (Twitter),Campus Safety,Vietnam,9,17,3,2,4
2026-05-25,2026-05,X (Twitter),Campus Safety,Malaysia,9,22,3,2,4
2026-05-25,2026-05,X (Twitter),Course Quality,India,12,21,7,3,2
2026-05-25,2026-05,X (Twitter),Course Quality,China,7,20,4,2,1
2026-05-25,2026-05,X (Twitter),Course Quality,Vietnam,9,24,6,1,2
2026-05-25,2026-05,X (Twitter),Course Quality,Malaysia,6,13,4,1,1
2026-05-25,2026-05,X (Twitter),Career Outcomes,India,19,51,15,1,3
2026-05-25,2026-05,X (Twitter),Career Outcomes,China,6,10,5,0,1
2026-05-25,2026-05,X (Twitter),Career Outcomes,Vietnam,10,18,8,1,1
2026-05-25,2026-05,X (Twitter),Career Outcomes,Malaysia,3,9,2,1,0
2026-05-25,2026-05,X (Twitter),Part-Time Work Rights,India,4,8,2,1,1
2026-05-25,2026-05,X (Twitter),Part-Time Work Rights,China,17,29,8,3,6
2026-05-25,2026-05,X (Twitter),Part-Time Work Rights,Vietnam,12,32,6,3,3
2026-05-25,2026-05,X (Twitter),Part-Time Work Rights,Malaysia,6,10,3,0,3
2026-05-25,2026-05,X (Twitter),Campus Life,India,4,10,3,0,1
2026-05-25,2026-05,X (Twitter),Campus Life,China,9,19,7,1,1
2026-05-25,2026-05,X (Twitter),Campus Life,Malaysia,6,14,5,0,1
2026-05-25,2026-05,X (Twitter),Application Process,India,15,24,4,5,6
2026-05-25,2026-05,X (Twitter),Application Process,China,8,23,2,3,3
2026-05-25,2026-05,X (Twitter),Application Process,Vietnam,8,22,2,3,3
2026-05-25,2026-05,X (Twitter),Application Process,Malaysia,7,12,2,1,4
2026-05-25,2026-05,X (Twitter),Support Services,India,12,21,9,1,2
2026-05-25,2026-05,X (Twitter),Support Services,China,8,19,6,1,1
2026-05-25,2026-05,X (Twitter),Support Services,Vietnam,12,21,9,1,2
2026-05-25,2026-05,X (Twitter),Support Services,Malaysia,9,26,7,1,1
2026-05-25,2026-05,News,Visa Processing,India,7,6,2,2,3
2026-05-25,2026-05,News,Visa Processing,China,8,6,2,3,3
2026-05-25,2026-05,News,Visa Processing,Vietnam,4,4,1,1,2
2026-05-25,2026-05,News,Visa Processing,Malaysia,4,4,1,1,2
2026-05-25,2026-05,News,Accommodation Cost,India,9,7,5,1,3
2026-05-25,2026-05,News,Accommodation Cost,China,7,6,4,1,2
2026-05-25,2026-05,News,Accommodation Cost,Vietnam,3,2,2,0,1
2026-05-25,2026-05,News,Accommodation Cost,Malaysia,3,3,2,0,1
2026-05-25,2026-05,News,Scholarships,India,12,8,6,3,3
2026-05-25,2026-05,News,Scholarships,Vietnam,1,1,1,0,0
2026-05-25,2026-05,News,Scholarships,Malaysia,2,2,1,0,1
2026-05-25,2026-05,News,Campus Safety,India,4,4,2,0,2
2026-05-25,2026-05,News,Campus Safety,China,1,1,0,1,0
2026-05-25,2026-05,News,Campus Safety,Vietnam,2,2,1,0,1
2026-05-25,2026-05,News,Course Quality,India,3,2,2,0,1
2026-05-25,2026-05,News,Course Quality,China,5,5,3,1,1
2026-05-25,2026-05,News,Course Quality,Vietnam,2,2,1,0,1
2026-05-25,2026-05,News,Course Quality,Malaysia,3,2,2,0,1
2026-05-25,2026-05,News,Career Outcomes,India,5,5,4,0,1
2026-05-25,2026-05,News,Career Outcomes,China,3,3,2,1,0
2026-05-25,2026-05,News,Career Outcomes,Vietnam,2,1,2,0,0
2026-05-25,2026-05,News,Part-Time Work Rights,India,2,2,1,0,1
2026-05-25,2026-05,News,Part-Time Work Rights,China,4,4,2,1,1
2026-05-25,2026-05,News,Part-Time Work Rights,Vietnam,2,2,1,0,1
2026-05-25,2026-05,News,Part-Time Work Rights,Malaysia,3,3,1,1,1
2026-05-25,2026-05,News,Campus Life,India,7,6,5,1,1
2026-05-25,2026-05,News,Campus Life,China,4,4,3,0,1
2026-05-25,2026-05,News,Campus Life,Vietnam,4,3,3,1,0
2026-05-25,2026-05,News,Application Process,India,3,2,1,1,1
2026-05-25,2026-05,News,Application Process,China,6,6,2,1,3
2026-05-25,2026-05,News,Application Process,Vietnam,5,5,1,1,3
2026-05-25,2026-05,News,Application Process,Malaysia,2,1,1,0,1
2026-05-25,2026-05,News,Support Services,India,8,8,6,1,1
2026-05-25,2026-05,News,Support Services,China,4,2,3,0,1
2026-05-25,2026-05,News,Support Services,Vietnam,3,2,2,1,0
2026-05-25,2026-05,News,Support Services,Malaysia,2,2,2,0,0
2026-05-25,2026-05,Forums,Visa Processing,India,19,62,6,4,9
2026-05-25,2026-05,Forums,Visa Processing,China,6,22,2,1,3
2026-05-25,2026-05,Forums,Visa Processing,Vietnam,11,40,3,4,4
2026-05-25,2026-05,Forums,Visa Processing,Malaysia,8,26,2,2,4
2026-05-25,2026-05,Forums,Accommodation Cost,China,3,12,2,0,1
2026-05-25,2026-05,Forums,Accommodation Cost,Vietnam,4,11,2,1,1
2026-05-25,2026-05,Forums,Accommodation Cost,Malaysia,8,28,5,1,2
2026-05-25,2026-05,Forums,Scholarships,India,18,57,9,4,5
2026-05-25,2026-05,Forums,Scholarships,China,4,18,2,1,1
2026-05-25,2026-05,Forums,Scholarships,Vietnam,14,62,8,1,5
2026-05-25,2026-05,Forums,Scholarships,Malaysia,5,27,3,0,2
2026-05-25,2026-05,Forums,Campus Safety,India,11,37,4,2,5
2026-05-25,2026-05,Forums,Campus Safety,China,6,26,2,2,2
2026-05-25,2026-05,Forums,Campus Safety,Vietnam,4,21,1,1,2
2026-05-25,2026-05,Forums,Campus Safety,Malaysia,1,5,0,1,0
2026-05-25,2026-05,Forums,Course Quality,India,8,24,5,1,2
2026-05-25,2026-05,Forums,Course Quality,Vietnam,7,21,4,1,2
2026-05-25,2026-05,Forums,Course Quality,Malaysia,3,12,2,0,1
2026-05-25,2026-05,Forums,Career Outcomes,China,5,23,4,0,1
2026-05-25,2026-05,Forums,Career Outcomes,Vietnam,2,10,2,0,0
2026-05-25,2026-05,Forums,Career Outcomes,Malaysia,3,11,2,1,0
2026-05-25,2026-05,Forums,Part-Time Work Rights,India,9,48,5,1,3
2026-05-25,2026-05,Forums,Part-Time Work Rights,Vietnam,5,28,2,1,2
2026-05-25,2026-05,Forums,Campus Life,India,12,31,8,2,2
2026-05-25,2026-05,Forums,Campus Life,Vietnam,10,52,8,0,2
2026-05-25,2026-05,Forums,Campus Life,Malaysia,5,25,4,0,1
2026-05-25,2026-05,Forums,Application Process,India,6,31,2,1,3
2026-05-25,2026-05,Forums,Application Process,China,10,35,3,3,4
2026-05-25,2026-05,Forums,Application Process,Vietnam,7,26,2,1,4
2026-05-25,2026-05,Forums,Application Process,Malaysia,4,11,1,1,2
2026-05-25,2026-05,Forums,Support Services,India,4,18,3,0,1
2026-05-25,2026-05,Forums,Support Services,China,5,26,4,0,1
2026-05-25,2026-05,Forums,Support Services,Vietnam,4,22,3,1,0
2026-05-25,2026-05,Forums,Support Services,Malaysia,3,15,2,1,0
2026-06-01,2026-06,TikTok,Visa Processing,India,42,183,15,8,19
2026-06-01,2026-06,TikTok,Visa Processing,China,30,80,10,9,11
2026-06-01,2026-06,TikTok,Visa Processing,Vietnam,24,59,8,8,8
2026-06-01,2026-06,TikTok,Accommodation Cost,India,48,170,28,9,11
2026-06-01,2026-06,TikTok,Accommodation Cost,China,47,128,26,7,14
2026-06-01,2026-06,TikTok,Accommodation Cost,Vietnam,22,98,13,4,5
2026-06-01,2026-06,TikTok,Accommodation Cost,Malaysia,27,89,14,5,8
2026-06-01,2026-06,TikTok,Scholarships,India,45,166,28,7,10
2026-06-01,2026-06,TikTok,Scholarships,China,30,94,16,7,7
2026-06-01,2026-06,TikTok,Scholarships,Vietnam,8,17,4,2,2
2026-06-01,2026-06,TikTok,Scholarships,Malaysia,19,73,12,3,4
2026-06-01,2026-06,TikTok,Campus Safety,India,25,100,8,4,13
2026-06-01,2026-06,TikTok,Campus Safety,China,20,80,8,4,8
2026-06-01,2026-06,TikTok,Campus Safety,Vietnam,16,35,6,3,7
2026-06-01,2026-06,TikTok,Course Quality,India,30,79,19,4,7
2026-06-01,2026-06,TikTok,Course Quality,China,15,43,10,2,3
2026-06-01,2026-06,TikTok,Course Quality,Vietnam,19,65,13,2,4
2026-06-01,2026-06,TikTok,Course Quality,Malaysia,4,12,3,0,1
2026-06-01,2026-06,TikTok,Career Outcomes,India,29,93,24,2,3
2026-06-01,2026-06,TikTok,Career Outcomes,China,13,57,11,1,1
2026-06-01,2026-06,TikTok,Career Outcomes,Vietnam,8,24,7,0,1
2026-06-01,2026-06,TikTok,Career Outcomes,Malaysia,13,42,11,1,1
2026-06-01,2026-06,TikTok,Part-Time Work Rights,India,13,31,7,2,4
2026-06-01,2026-06,TikTok,Part-Time Work Rights,China,29,64,16,5,8
2026-06-01,2026-06,TikTok,Part-Time Work Rights,Vietnam,3,9,2,0,1
2026-06-01,2026-06,TikTok,Part-Time Work Rights,Malaysia,12,41,6,3,3
2026-06-01,2026-06,TikTok,Campus Life,India,17,49,14,1,2
2026-06-01,2026-06,TikTok,Campus Life,China,8,32,7,1,0
2026-06-01,2026-06,TikTok,Campus Life,Vietnam,11,49,10,0,1
2026-06-01,2026-06,TikTok,Campus Life,Malaysia,20,58,18,1,1
2026-06-01,2026-06,TikTok,Application Process,India,26,64,13,4,9
2026-06-01,2026-06,TikTok,Application Process,China,9,30,5,1,3
2026-06-01,2026-06,TikTok,Application Process,Vietnam,14,38,7,2,5
2026-06-01,2026-06,TikTok,Application Process,Malaysia,11,41,6,2,3
2026-06-01,2026-06,TikTok,Support Services,China,13,45,9,2,2
2026-06-01,2026-06,TikTok,Support Services,Vietnam,4,17,3,0,1
2026-06-01,2026-06,Reddit,Visa Processing,India,44,192,17,8,19
2026-06-01,2026-06,Reddit,Visa Processing,China,45,279,18,10,17
2026-06-01,2026-06,Reddit,Visa Processing,Vietnam,26,197,9,8,9
2026-06-01,2026-06,Reddit,Visa Processing,Malaysia,23,109,8,5,10
2026-06-01,2026-06,Reddit,Accommodation Cost,India,37,196,21,5,11
2026-06-01,2026-06,Reddit,Accommodation Cost,China,11,68,7,1,3
2026-06-01,2026-06,Reddit,Accommodation Cost,Vietnam,5,36,3,1,1
2026-06-01,2026-06,Reddit,Accommodation Cost,Malaysia,12,56,6,3,3
2026-06-01,2026-06,Reddit,Scholarships,India,26,143,15,2,9
2026-06-01,2026-06,Reddit,Scholarships,Vietnam,13,81,8,1,4
2026-06-01,2026-06,Reddit,Scholarships,Malaysia,11,59,6,1,4
2026-06-01,2026-06,Reddit,Campus Safety,China,7,55,3,1,3
2026-06-01,2026-06,Reddit,Campus Safety,Vietnam,16,88,5,4,7
2026-06-01,2026-06,Reddit,Campus Safety,Malaysia,2,11,1,0,1
2026-06-01,2026-06,Reddit,Course Quality,India,25,185,16,4,5
2026-06-01,2026-06,Reddit,Course Quality,China,22,180,14,3,5
2026-06-01,2026-06,Reddit,Course Quality,Vietnam,4,24,3,0,1
2026-06-01,2026-06,Reddit,Course Quality,Malaysia,9,63,6,1,2
2026-06-01,2026-06,Reddit,Career Outcomes,India,17,145,15,1,1
2026-06-01,2026-06,Reddit,Career Outcomes,China,7,35,6,0,1
2026-06-01,2026-06,Reddit,Career Outcomes,Vietnam,9,81,7,1,1
2026-06-01,2026-06,Reddit,Career Outcomes,Malaysia,10,85,8,1,1
2026-06-01,2026-06,Reddit,Part-Time Work Rights,China,4,20,2,1,1
2026-06-01,2026-06,Reddit,Part-Time Work Rights,Malaysia,9,76,5,1,3
2026-06-01,2026-06,Reddit,Campus Life,India,28,186,25,1,2
2026-06-01,2026-06,Reddit,Campus Life,Vietnam,11,76,10,0,1
2026-06-01,2026-06,Reddit,Campus Life,Malaysia,3,23,3,0,0
2026-06-01,2026-06,Reddit,Application Process,India,17,103,9,3,5
2026-06-01,2026-06,Reddit,Application Process,China,22,185,12,3,7
2026-06-01,2026-06,Reddit,Application Process,Vietnam,4,36,2,1,1
2026-06-01,2026-06,Reddit,Application Process,Malaysia,6,32,3,1,2
2026-06-01,2026-06,Reddit,Support Services,India,12,52,9,1,2
2026-06-01,2026-06,Reddit,Support Services,China,13,90,9,2,2
2026-06-01,2026-06,Reddit,Support Services,Vietnam,2,18,1,1,0
2026-06-01,2026-06,Reddit,Support Services,Malaysia,6,35,4,1,1
2026-06-01,2026-06,X (Twitter),Visa Processing,Vietnam,12,29,4,3,5
2026-06-01,2026-06,X (Twitter),Accommodation Cost,Vietnam,14,37,8,2,4
2026-06-01,2026-06,X (Twitter),Accommodation Cost,Malaysia,16,39,9,2,5
2026-06-01,2026-06,X (Twitter),Scholarships,India,25,41,15,4,6
2026-06-01,2026-06,X (Twitter),Scholarships,China,16,34,10,1,5
2026-06-01,2026-06,X (Twitter),Scholarships,Malaysia,7,19,4,1,2
2026-06-01,2026-06,X (Twitter),Campus Safety,India,8,16,3,2,3
2026-06-01,2026-06,X (Twitter),Campus Safety,China,9,16,3,3,3
2026-06-01,2026-06,X (Twitter),Campus Safety,Vietnam,14,22,5,3,6
2026-06-01,2026-06,X (Twitter),Campus Safety,Malaysia,5,12,2,0,3
2026-06-01,2026-06,X (Twitter),Course Quality,India,36,95,23,5,8
2026-06-01,2026-06,X (Twitter),Course Quality,China,4,7,2,1,1
2026-06-01,2026-06,X (Twitter),Course Quality,Vietnam,9,22,6,1,2
2026-06-01,2026-06,X (Twitter),Course Quality,Malaysia,7,14,5,1,1
2026-06-01,2026-06,X (Twitter),Career Outcomes,China,15,43,13,1,1
2026-06-01,2026-06,X (Twitter),Career Outcomes,Vietnam,12,30,10,1,1
2026-06-01,2026-06,X (Twitter),Career Outcomes,Malaysia,9,22,7,1,1
2026-06-01,2026-06,X (Twitter),Part-Time Work Rights,China,6,13,3,1,2
2026-06-01,2026-06,X (Twitter),Part-Time Work Rights,Vietnam,7,18,4,0,3
2026-06-01,2026-06,X (Twitter),Part-Time Work Rights,Malaysia,8,21,4,1,3
2026-06-01,2026-06,X (Twitter),Campus Life,India,20,34,17,1,2
2026-06-01,2026-06,X (Twitter),Campus Life,Vietnam,12,19,11,0,1
2026-06-01,2026-06,X (Twitter),Campus Life,Malaysia,11,27,10,0,1
2026-06-01,2026-06,X (Twitter),Application Process,India,11,17,6,2,3
2026-06-01,2026-06,X (Twitter),Application Process,China,16,25,8,4,4
2026-06-01,2026-06,X (Twitter),Application Process,Vietnam,12,25,6,2,4
2026-06-01,2026-06,X (Twitter),Support Services,India,4,11,3,0,1
2026-06-01,2026-06,X (Twitter),Support Services,China,18,42,13,1,4
2026-06-01,2026-06,X (Twitter),Support Services,Vietnam,7,16,5,1,1
2026-06-01,2026-06,X (Twitter),Support Services,Malaysia,7,14,5,1,1
2026-06-01,2026-06,News,Visa Processing,India,16,11,5,5,6
2026-06-01,2026-06,News,Visa Processing,China,12,9,4,3,5
2026-06-01,2026-06,News,Visa Processing,Vietnam,3,3,1,1,1
2026-06-01,2026-06,News,Visa Processing,Malaysia,5,5,2,1,2
2026-06-01,2026-06,News,Accommodation Cost,India,2,2,1,0,1
2026-06-01,2026-06,News,Accommodation Cost,China,2,1,1,0,1
2026-06-01,2026-06,News,Accommodation Cost,Vietnam,5,4,3,1,1
2026-06-01,2026-06,News,Accommodation Cost,Malaysia,4,4,2,1,1
2026-06-01,2026-06,News,Scholarships,India,7,8,4,1,2
2026-06-01,2026-06,News,Scholarships,China,3,3,2,0,1
2026-06-01,2026-06,News,Scholarships,Vietnam,1,1,1,0,0
2026-06-01,2026-06,News,Scholarships,Malaysia,3,3,2,0,1
2026-06-01,2026-06,News,Campus Safety,India,8,7,3,1,4
2026-06-01,2026-06,News,Campus Safety,China,5,3,2,1,2
2026-06-01,2026-06,News,Campus Safety,Vietnam,4,4,1,1,2
2026-06-01,2026-06,News,Course Quality,India,11,10,7,1,3
2026-06-01,2026-06,News,Course Quality,China,3,2,2,0,1
2026-06-01,2026-06,News,Course Quality,Vietnam,3,3,2,0,1
2026-06-01,2026-06,News,Course Quality,Malaysia,4,2,3,0,1
2026-06-01,2026-06,News,Career Outcomes,India,3,2,3,0,0
2026-06-01,2026-06,News,Career Outcomes,Vietnam,2,2,2,0,0
2026-06-01,2026-06,News,Career Outcomes,Malaysia,1,1,1,0,0
2026-06-01,2026-06,News,Part-Time Work Rights,Vietnam,2,1,1,1,0
2026-06-01,2026-06,News,Part-Time Work Rights,Malaysia,2,2,1,0,1
2026-06-01,2026-06,News,Campus Life,India,4,3,3,1,0
2026-06-01,2026-06,News,Campus Life,China,5,3,5,0,0
2026-06-01,2026-06,News,Campus Life,Malaysia,3,2,3,0,0
2026-06-01,2026-06,News,Application Process,India,4,3,2,1,1
2026-06-01,2026-06,News,Application Process,China,4,3,2,1,1
2026-06-01,2026-06,News,Application Process,Vietnam,2,2,1,0,1
2026-06-01,2026-06,News,Application Process,Malaysia,5,4,3,0,2
2026-06-01,2026-06,News,Support Services,India,2,2,1,1,0
2026-06-01,2026-06,News,Support Services,China,4,2,3,0,1
2026-06-01,2026-06,News,Support Services,Vietnam,3,3,2,0,1
2026-06-01,2026-06,News,Support Services,Malaysia,1,1,1,0,0
2026-06-01,2026-06,Forums,Visa Processing,India,14,77,5,2,7
2026-06-01,2026-06,Forums,Visa Processing,China,18,86,7,4,7
2026-06-01,2026-06,Forums,Visa Processing,Vietnam,3,10,1,0,2
2026-06-01,2026-06,Forums,Visa Processing,Malaysia,7,36,2,2,3
2026-06-01,2026-06,Forums,Accommodation Cost,India,17,73,9,2,6
2026-06-01,2026-06,Forums,Accommodation Cost,Malaysia,10,43,6,1,3
2026-06-01,2026-06,Forums,Scholarships,India,8,35,4,2,2
2026-06-01,2026-06,Forums,Scholarships,China,11,34,6,1,4
2026-06-01,2026-06,Forums,Scholarships,Vietnam,6,16,4,1,1
2026-06-01,2026-06,Forums,Scholarships,Malaysia,6,31,4,0,2
2026-06-01,2026-06,Forums,Campus Safety,India,6,17,2,2,2
2026-06-01,2026-06,Forums,Campus Safety,China,7,25,2,2,3
2026-06-01,2026-06,Forums,Campus Safety,Vietnam,4,21,1,2,1
2026-06-01,2026-06,Forums,Course Quality,India,4,20,3,0,1
2026-06-01,2026-06,Forums,Course Quality,China,10,30,7,1,2
2026-06-01,2026-06,Forums,Course Quality,Vietnam,5,16,3,1,1
2026-06-01,2026-06,Forums,Course Quality,Malaysia,7,28,4,1,2
2026-06-01,2026-06,Forums,Career Outcomes,India,9,41,8,0,1
2026-06-01,2026-06,Forums,Career Outcomes,China,11,37,9,1,1
2026-06-01,2026-06,Forums,Career Outcomes,Vietnam,6,26,5,0,1
2026-06-01,2026-06,Forums,Career Outcomes,Malaysia,3,14,3,0,0
2026-06-01,2026-06,Forums,Part-Time Work Rights,India,3,9,2,0,1
2026-06-01,2026-06,Forums,Part-Time Work Rights,China,4,22,2,1,1
2026-06-01,2026-06,Forums,Part-Time Work Rights,Vietnam,4,16,2,1,1
2026-06-01,2026-06,Forums,Part-Time Work Rights,Malaysia,2,6,1,0,1
2026-06-01,2026-06,Forums,Campus Life,India,3,16,3,0,0
2026-06-01,2026-06,Forums,Campus Life,China,12,62,10,1,1
2026-06-01,2026-06,Forums,Campus Life,Vietnam,7,21,6,1,0
2026-06-01,2026-06,Forums,Campus Life,Malaysia,3,15,3,0,0
2026-06-01,2026-06,Forums,Application Process,India,2,9,1,0,1
2026-06-01,2026-06,Forums,Application Process,China,8,34,4,2,2
2026-06-01,2026-06,Forums,Application Process,Vietnam,8,24,4,2,2
2026-06-01,2026-06,Forums,Application Process,Malaysia,5,19,2,2,1
2026-06-01,2026-06,Forums,Support Services,India,1,5,1,0,0
2026-06-01,2026-06,Forums,Support Services,Vietnam,4,11,3,0,1
2026-06-01,2026-06,Forums,Support Services,Malaysia,4,13,3,0,1
2026-06-08,2026-06,TikTok,Visa Processing,India,35,132,11,5,19
2026-06-08,2026-06,TikTok,Visa Processing,Vietnam,23,92,8,5,10
2026-06-08,2026-06,TikTok,Visa Processing,Malaysia,14,48,5,3,6
2026-06-08,2026-06,TikTok,Accommodation Cost,India,43,160,22,7,14
2026-06-08,2026-06,TikTok,Accommodation Cost,China,34,146,18,4,12
2026-06-08,2026-06,TikTok,Accommodation Cost,Malaysia,23,65,12,4,7
2026-06-08,2026-06,TikTok,Scholarships,India,26,100,13,6,7
2026-06-08,2026-06,TikTok,Scholarships,Vietnam,16,44,9,2,5
2026-06-08,2026-06,TikTok,Campus Safety,India,5,13,2,1,2
2026-06-08,2026-06,TikTok,Campus Safety,China,11,28,5,1,5
2026-06-08,2026-06,TikTok,Campus Safety,Vietnam,12,37,5,3,4
2026-06-08,2026-06,TikTok,Campus Safety,Malaysia,7,31,3,1,3
2026-06-08,2026-06,TikTok,Course Quality,India,16,48,10,3,3
2026-06-08,2026-06,TikTok,Course Quality,China,19,77,12,2,5
2026-06-08,2026-06,TikTok,Course Quality,Vietnam,8,22,5,1,2
2026-06-08,2026-06,TikTok,Career Outcomes,India,4,9,3,0,1
2026-06-08,2026-06,TikTok,Career Outcomes,China,7,20,5,1,1
2026-06-08,2026-06,TikTok,Career Outcomes,Vietnam,14,40,11,1,2
2026-06-08,2026-06,TikTok,Career Outcomes,Malaysia,9,26,7,1,1
2026-06-08,2026-06,TikTok,Part-Time Work Rights,India,20,51,9,6,5
2026-06-08,2026-06,TikTok,Part-Time Work Rights,China,22,85,9,4,9
2026-06-08,2026-06,TikTok,Part-Time Work Rights,Vietnam,17,71,7,3,7
2026-06-08,2026-06,TikTok,Part-Time Work Rights,Malaysia,10,43,4,2,4
2026-06-08,2026-06,TikTok,Campus Life,India,22,50,18,1,3
2026-06-08,2026-06,TikTok,Campus Life,China,20,71,16,1,3
2026-06-08,2026-06,TikTok,Campus Life,Vietnam,21,60,16,1,4
2026-06-08,2026-06,TikTok,Campus Life,Malaysia,15,61,12,1,2
2026-06-08,2026-06,TikTok,Application Process,India,23,94,11,4,8
2026-06-08,2026-06,TikTok,Application Process,China,33,122,16,8,9
2026-06-08,2026-06,TikTok,Application Process,Vietnam,18,46,9,4,5
2026-06-08,2026-06,TikTok,Application Process,Malaysia,7,21,4,1,2
2026-06-08,2026-06,TikTok,Support Services,India,15,66,11,2,2
2026-06-08,2026-06,TikTok,Support Services,China,8,21,6,1,1
2026-06-08,2026-06,TikTok,Support Services,Vietnam,5,13,4,0,1
2026-06-08,2026-06,TikTok,Support Services,Malaysia,11,35,9,1,1
2026-06-08,2026-06,Reddit,Visa Processing,India,35,223,12,11,12
2026-06-08,2026-06,Reddit,Visa Processing,China,35,173,12,5,18
2026-06-08,2026-06,Reddit,Visa Processing,Vietnam,21,113,7,4,10
2026-06-08,2026-06,Reddit,Accommodation Cost,India,26,210,13,6,7
2026-06-08,2026-06,Reddit,Accommodation Cost,China,41,257,22,4,15
2026-06-08,2026-06,Reddit,Accommodation Cost,Vietnam,18,141,9,3,6
2026-06-08,2026-06,Reddit,Accommodation Cost,Malaysia,8,60,4,2,2
2026-06-08,2026-06,Reddit,Scholarships,India,9,49,4,1,4
2026-06-08,2026-06,Reddit,Scholarships,Vietnam,1,9,1,0,0
2026-06-08,2026-06,Reddit,Scholarships,Malaysia,1,6,1,0,0
2026-06-08,2026-06,Reddit,Campus Safety,India,21,127,8,4,9
2026-06-08,2026-06,Reddit,Campus Safety,China,14,100,5,2,7
2026-06-08,2026-06,Reddit,Campus Safety,Vietnam,13,91,5,3,5
2026-06-08,2026-06,Reddit,Campus Safety,Malaysia,7,33,3,1,3
2026-06-08,2026-06,Reddit,Course Quality,India,11,64,7,1,3
2026-06-08,2026-06,Reddit,Course Quality,China,13,57,8,3,2
2026-06-08,2026-06,Reddit,Course Quality,Vietnam,22,134,14,2,6
2026-06-08,2026-06,Reddit,Course Quality,Malaysia,13,66,8,2,3
2026-06-08,2026-06,Reddit,Career Outcomes,India,13,63,10,1,2
2026-06-08,2026-06,Reddit,Career Outcomes,China,3,17,2,1,0
2026-06-08,2026-06,Reddit,Career Outcomes,Vietnam,7,57,5,1,1
2026-06-08,2026-06,Reddit,Career Outcomes,Malaysia,12,72,9,1,2
2026-06-08,2026-06,Reddit,Part-Time Work Rights,India,23,100,9,6,8
2026-06-08,2026-06,Reddit,Part-Time Work Rights,China,15,79,6,4,5
2026-06-08,2026-06,Reddit,Part-Time Work Rights,Vietnam,9,53,4,2,3
2026-06-08,2026-06,Reddit,Part-Time Work Rights,Malaysia,4,35,2,0,2
2026-06-08,2026-06,Reddit,Campus Life,India,18,117,15,1,2
2026-06-08,2026-06,Reddit,Campus Life,China,19,123,16,1,2
2026-06-08,2026-06,Reddit,Campus Life,Vietnam,11,83,8,1,2
2026-06-08,2026-06,Reddit,Campus Life,Malaysia,9,71,7,1,1
2026-06-08,2026-06,Reddit,Application Process,China,8,45,4,2,2
2026-06-08,2026-06,Reddit,Application Process,Vietnam,10,76,5,2,3
2026-06-08,2026-06,Reddit,Application Process,Malaysia,14,83,7,2,5
2026-06-08,2026-06,Reddit,Support Services,India,10,45,8,1,1
2026-06-08,2026-06,Reddit,Support Services,China,12,59,9,1,2
2026-06-08,2026-06,Reddit,Support Services,Vietnam,8,64,6,1,1
2026-06-08,2026-06,Reddit,Support Services,Malaysia,8,50,6,0,2
2026-06-08,2026-06,X (Twitter),Visa Processing,India,23,39,8,5,10
2026-06-08,2026-06,X (Twitter),Visa Processing,China,29,65,9,4,16
2026-06-08,2026-06,X (Twitter),Visa Processing,Vietnam,23,48,8,7,8
2026-06-08,2026-06,X (Twitter),Visa Processing,Malaysia,4,12,1,1,2
2026-06-08,2026-06,X (Twitter),Accommodation Cost,India,31,47,15,7,9
2026-06-08,2026-06,X (Twitter),Accommodation Cost,China,22,46,12,4,6
2026-06-08,2026-06,X (Twitter),Accommodation Cost,Vietnam,18,43,9,2,7
2026-06-08,2026-06,X (Twitter),Accommodation Cost,Malaysia,13,21,7,2,4
2026-06-08,2026-06,X (Twitter),Scholarships,India,28,41,15,4,9
2026-06-08,2026-06,X (Twitter),Scholarships,China,34,97,16,8,10
2026-06-08,2026-06,X (Twitter),Scholarships,Vietnam,10,25,5,2,3
2026-06-08,2026-06,X (Twitter),Scholarships,Malaysia,10,16,5,2,3
2026-06-08,2026-06,X (Twitter),Campus Safety,India,10,19,4,2,4
2026-06-08,2026-06,X (Twitter),Campus Safety,China,7,16,3,1,3
2026-06-08,2026-06,X (Twitter),Campus Safety,Vietnam,13,24,5,2,6
2026-06-08,2026-06,X (Twitter),Campus Safety,Malaysia,8,22,3,3,2
2026-06-08,2026-06,X (Twitter),Course Quality,India,13,20,9,1,3
2026-06-08,2026-06,X (Twitter),Course Quality,China,28,74,18,2,8
2026-06-08,2026-06,X (Twitter),Course Quality,Malaysia,5,9,3,1,1
2026-06-08,2026-06,X (Twitter),Career Outcomes,India,21,52,17,2,2
2026-06-08,2026-06,X (Twitter),Career Outcomes,China,12,23,10,0,2
2026-06-08,2026-06,X (Twitter),Career Outcomes,Vietnam,19,32,14,2,3
2026-06-08,2026-06,X (Twitter),Career Outcomes,Malaysia,8,11,6,1,1
2026-06-08,2026-06,X (Twitter),Part-Time Work Rights,India,15,33,6,3,6
2026-06-08,2026-06,X (Twitter),Part-Time Work Rights,China,12,26,5,2,5
2026-06-08,2026-06,X (Twitter),Part-Time Work Rights,Vietnam,10,21,5,1,4
2026-06-08,2026-06,X (Twitter),Campus Life,India,14,41,11,1,2
2026-06-08,2026-06,X (Twitter),Campus Life,China,6,10,5,0,1
2026-06-08,2026-06,X (Twitter),Campus Life,Vietnam,10,25,8,1,1
2026-06-08,2026-06,X (Twitter),Campus Life,Malaysia,7,17,6,0,1
2026-06-08,2026-06,X (Twitter),Application Process,India,31,53,15,5,11
2026-06-08,2026-06,X (Twitter),Application Process,China,7,17,4,1,2
2026-06-08,2026-06,X (Twitter),Application Process,Vietnam,5,11,2,1,2
2026-06-08,2026-06,X (Twitter),Application Process,Malaysia,6,9,3,1,2
2026-06-08,2026-06,X (Twitter),Support Services,India,6,11,5,0,1
2026-06-08,2026-06,X (Twitter),Support Services,China,8,19,6,1,1
2026-06-08,2026-06,X (Twitter),Support Services,Vietnam,7,10,5,1,1
2026-06-08,2026-06,X (Twitter),Support Services,Malaysia,7,13,5,1,1
2026-06-08,2026-06,News,Visa Processing,India,18,16,6,5,7
2026-06-08,2026-06,News,Visa Processing,China,5,5,2,1,2
2026-06-08,2026-06,News,Visa Processing,Vietnam,4,4,1,1,2
2026-06-08,2026-06,News,Accommodation Cost,India,12,13,6,3,3
2026-06-08,2026-06,News,Accommodation Cost,China,10,8,5,1,4
2026-06-08,2026-06,News,Accommodation Cost,Malaysia,4,3,2,1,1
2026-06-08,2026-06,News,Scholarships,India,10,7,5,2,3
2026-06-08,2026-06,News,Scholarships,China,4,3,2,1,1
2026-06-08,2026-06,News,Scholarships,Vietnam,5,3,2,1,2
2026-06-08,2026-06,News,Scholarships,Malaysia,5,6,3,1,1
2026-06-08,2026-06,News,Campus Safety,India,5,3,2,1,2
2026-06-08,2026-06,News,Campus Safety,China,5,4,2,1,2
2026-06-08,2026-06,News,Campus Safety,Vietnam,3,2,1,1,1
2026-06-08,2026-06,News,Campus Safety,Malaysia,2,2,1,0,1
2026-06-08,2026-06,News,Course Quality,India,4,3,2,1,1
2026-06-08,2026-06,News,Course Quality,China,5,5,3,1,1
2026-06-08,2026-06,News,Course Quality,Vietnam,5,5,3,1,1
2026-06-08,2026-06,News,Course Quality,Malaysia,3,3,2,0,1
2026-06-08,2026-06,News,Career Outcomes,India,9,9,7,1,1
2026-06-08,2026-06,News,Career Outcomes,China,3,2,2,1,0
2026-06-08,2026-06,News,Career Outcomes,Vietnam,4,2,3,1,0
2026-06-08,2026-06,News,Career Outcomes,Malaysia,2,2,2,0,0
2026-06-08,2026-06,News,Part-Time Work Rights,India,3,2,1,1,1
2026-06-08,2026-06,News,Part-Time Work Rights,China,4,3,2,0,2
2026-06-08,2026-06,News,Part-Time Work Rights,Malaysia,2,2,1,0,1
2026-06-08,2026-06,News,Campus Life,India,7,7,5,1,1
2026-06-08,2026-06,News,Campus Life,China,6,5,5,0,1
2026-06-08,2026-06,News,Campus Life,Malaysia,1,1,1,0,0
2026-06-08,2026-06,News,Application Process,India,9,7,4,1,4
2026-06-08,2026-06,News,Application Process,China,7,5,3,2,2
2026-06-08,2026-06,News,Application Process,Vietnam,1,1,1,0,0
2026-06-08,2026-06,News,Application Process,Malaysia,4,3,2,1,1
2026-06-08,2026-06,News,Support Services,India,7,6,5,1,1
2026-06-08,2026-06,News,Support Services,China,2,2,2,0,0
2026-06-08,2026-06,Forums,Visa Processing,India,15,76,5,4,6
2026-06-08,2026-06,Forums,Visa Processing,China,15,66,6,2,7
2026-06-08,2026-06,Forums,Visa Processing,Malaysia,3,10,1,1,1
2026-06-08,2026-06,Forums,Accommodation Cost,India,16,87,8,3,5
2026-06-08,2026-06,Forums,Accommodation Cost,China,6,17,3,1,2
2026-06-08,2026-06,Forums,Accommodation Cost,Vietnam,9,28,4,2,3
2026-06-08,2026-06,Forums,Accommodation Cost,Malaysia,9,38,5,2,2
2026-06-08,2026-06,Forums,Scholarships,India,8,33,4,1,3
2026-06-08,2026-06,Forums,Scholarships,China,8,38,4,2,2
2026-06-08,2026-06,Forums,Campus Safety,India,10,36,4,3,3
2026-06-08,2026-06,Forums,Campus Safety,China,7,31,3,2,2
2026-06-08,2026-06,Forums,Campus Safety,Vietnam,5,21,2,1,2
2026-06-08,2026-06,Forums,Campus Safety,Malaysia,5,25,2,1,2
2026-06-08,2026-06,Forums,Course Quality,India,16,86,10,2,4
2026-06-08,2026-06,Forums,Course Quality,China,10,41,6,2,2
2026-06-08,2026-06,Forums,Course Quality,Vietnam,6,28,4,1,1
2026-06-08,2026-06,Forums,Career Outcomes,India,4,22,3,0,1
2026-06-08,2026-06,Forums,Career Outcomes,China,5,21,4,0,1
2026-06-08,2026-06,Forums,Career Outcomes,Vietnam,3,8,2,1,0
2026-06-08,2026-06,Forums,Career Outcomes,Malaysia,4,10,3,0,1
2026-06-08,2026-06,Forums,Part-Time Work Rights,India,13,43,6,3,4
2026-06-08,2026-06,Forums,Part-Time Work Rights,China,5,21,2,1,2
2026-06-08,2026-06,Forums,Part-Time Work Rights,Vietnam,4,13,2,1,1
2026-06-08,2026-06,Forums,Part-Time Work Rights,Malaysia,4,13,2,0,2
2026-06-08,2026-06,Forums,Campus Life,India,9,24,7,1,1
2026-06-08,2026-06,Forums,Campus Life,China,7,22,6,0,1
2026-06-08,2026-06,Forums,Campus Life,Vietnam,4,13,3,0,1
2026-06-08,2026-06,Forums,Campus Life,Malaysia,5,21,4,0,1
2026-06-08,2026-06,Forums,Application Process,China,9,38,5,2,2
2026-06-08,2026-06,Forums,Application Process,Vietnam,5,26,2,1,2
2026-06-08,2026-06,Forums,Application Process,Malaysia,4,12,2,1,1
2026-06-08,2026-06,Forums,Support Services,India,6,27,5,0,1
2026-06-08,2026-06,Forums,Support Services,China,1,4,1,0,0
2026-06-08,2026-06,Forums,Support Services,Vietnam,5,18,4,0,1
2026-06-08,2026-06,Forums,Support Services,Malaysia,3,11,2,1,0
2026-06-15,2026-06,TikTok,Visa Processing,India,64,275,26,8,30
2026-06-15,2026-06,TikTok,Visa Processing,China,33,120,14,6,13
2026-06-15,2026-06,TikTok,Visa Processing,Vietnam,25,87,10,4,11
2026-06-15,2026-06,TikTok,Visa Processing,Malaysia,20,63,8,4,8
2026-06-15,2026-06,TikTok,Accommodation Cost,India,17,53,11,3,3
2026-06-15,2026-06,TikTok,Accommodation Cost,China,25,65,16,4,5
2026-06-15,2026-06,TikTok,Accommodation Cost,Malaysia,13,51,8,2,3
2026-06-15,2026-06,TikTok,Scholarships,India,35,109,19,7,9
2026-06-15,2026-06,TikTok,Scholarships,China,24,105,13,2,9
2026-06-15,2026-06,TikTok,Scholarships,Vietnam,11,38,5,2,4
2026-06-15,2026-06,TikTok,Campus Safety,India,6,27,2,1,3
2026-06-15,2026-06,TikTok,Campus Safety,China,15,64,6,4,5
2026-06-15,2026-06,TikTok,Campus Safety,Vietnam,7,20,2,2,3
2026-06-15,2026-06,TikTok,Campus Safety,Malaysia,7,25,3,2,2
2026-06-15,2026-06,TikTok,Course Quality,India,46,114,30,4,12
2026-06-15,2026-06,TikTok,Course Quality,China,16,48,9,4,3
2026-06-15,2026-06,TikTok,Course Quality,Vietnam,9,26,6,1,2
2026-06-15,2026-06,TikTok,Career Outcomes,India,21,70,13,4,4
2026-06-15,2026-06,TikTok,Career Outcomes,China,10,32,6,2,2
2026-06-15,2026-06,TikTok,Career Outcomes,Vietnam,7,28,4,1,2
2026-06-15,2026-06,TikTok,Career Outcomes,Malaysia,9,19,5,2,2
2026-06-15,2026-06,TikTok,Part-Time Work Rights,India,22,90,11,4,7
2026-06-15,2026-06,TikTok,Part-Time Work Rights,China,6,19,3,1,2
2026-06-15,2026-06,TikTok,Part-Time Work Rights,Vietnam,9,26,4,2,3
2026-06-15,2026-06,TikTok,Campus Life,India,25,102,17,3,5
2026-06-15,2026-06,TikTok,Campus Life,China,9,20,6,1,2
2026-06-15,2026-06,TikTok,Campus Life,Malaysia,10,24,7,1,2
2026-06-15,2026-06,TikTok,Application Process,India,43,144,39,1,3
2026-06-15,2026-06,TikTok,Application Process,China,31,116,26,3,2
2026-06-15,2026-06,TikTok,Application Process,Vietnam,10,37,9,0,1
2026-06-15,2026-06,TikTok,Application Process,Malaysia,3,8,3,0,0
2026-06-15,2026-06,TikTok,Support Services,India,11,27,9,1,1
2026-06-15,2026-06,TikTok,Support Services,China,6,20,5,0,1
2026-06-15,2026-06,TikTok,Support Services,Vietnam,10,32,8,1,1
2026-06-15,2026-06,TikTok,Support Services,Malaysia,9,38,7,1,1
2026-06-15,2026-06,Reddit,Visa Processing,India,33,228,13,8,12
2026-06-15,2026-06,Reddit,Visa Processing,Vietnam,19,108,8,3,8
2026-06-15,2026-06,Reddit,Visa Processing,Malaysia,18,126,7,5,6
2026-06-15,2026-06,Reddit,Accommodation Cost,India,27,164,16,4,7
2026-06-15,2026-06,Reddit,Accommodation Cost,China,24,131,15,3,6
2026-06-15,2026-06,Reddit,Accommodation Cost,Vietnam,6,47,4,1,1
2026-06-15,2026-06,Reddit,Accommodation Cost,Malaysia,17,141,10,2,5
2026-06-15,2026-06,Reddit,Scholarships,India,21,170,11,3,7
2026-06-15,2026-06,Reddit,Scholarships,China,14,126,7,3,4
2026-06-15,2026-06,Reddit,Scholarships,Vietnam,12,52,6,2,4
2026-06-15,2026-06,Reddit,Scholarships,Malaysia,10,53,5,2,3
2026-06-15,2026-06,Reddit,Campus Safety,India,17,141,7,3,7
2026-06-15,2026-06,Reddit,Campus Safety,China,14,123,6,3,5
2026-06-15,2026-06,Reddit,Campus Safety,Vietnam,9,65,3,2,4
2026-06-15,2026-06,Reddit,Campus Safety,Malaysia,3,19,1,1,1
2026-06-15,2026-06,Reddit,Course Quality,India,18,97,11,2,5
2026-06-15,2026-06,Reddit,Course Quality,Vietnam,4,28,3,0,1
2026-06-15,2026-06,Reddit,Course Quality,Malaysia,7,49,5,0,2
2026-06-15,2026-06,Reddit,Career Outcomes,India,20,117,11,3,6
2026-06-15,2026-06,Reddit,Career Outcomes,China,7,61,4,2,1
2026-06-15,2026-06,Reddit,Career Outcomes,Vietnam,9,68,5,1,3
2026-06-15,2026-06,Reddit,Career Outcomes,Malaysia,8,55,4,2,2
2026-06-15,2026-06,Reddit,Part-Time Work Rights,China,7,51,3,1,3
2026-06-15,2026-06,Reddit,Part-Time Work Rights,Vietnam,4,18,2,1,1
2026-06-15,2026-06,Reddit,Part-Time Work Rights,Malaysia,8,67,4,1,3
2026-06-15,2026-06,Reddit,Campus Life,India,29,209,18,5,6
2026-06-15,2026-06,Reddit,Campus Life,China,28,176,19,4,5
2026-06-15,2026-06,Reddit,Campus Life,Vietnam,10,83,7,1,2
2026-06-15,2026-06,Reddit,Campus Life,Malaysia,10,64,7,1,2
2026-06-15,2026-06,Reddit,Application Process,India,26,118,23,1,2
2026-06-15,2026-06,Reddit,Application Process,China,16,69,14,0,2
2026-06-15,2026-06,Reddit,Application Process,Vietnam,14,96,12,1,1
2026-06-15,2026-06,Reddit,Application Process,Malaysia,14,86,12,1,1
2026-06-15,2026-06,Reddit,Support Services,India,11,47,9,0,2
2026-06-15,2026-06,Reddit,Support Services,China,2,9,2,0,0
2026-06-15,2026-06,Reddit,Support Services,Vietnam,10,67,8,0,2
2026-06-15,2026-06,Reddit,Support Services,Malaysia,7,54,6,0,1
2026-06-15,2026-06,X (Twitter),Visa Processing,India,57,79,22,11,24
2026-06-15,2026-06,X (Twitter),Visa Processing,China,27,55,10,6,11
2026-06-15,2026-06,X (Twitter),Visa Processing,Vietnam,6,10,2,1,3
2026-06-15,2026-06,X (Twitter),Visa Processing,Malaysia,5,12,2,1,2
2026-06-15,2026-06,X (Twitter),Accommodation Cost,India,28,53,16,6,6
2026-06-15,2026-06,X (Twitter),Accommodation Cost,China,34,83,20,3,11
2026-06-15,2026-06,X (Twitter),Accommodation Cost,Vietnam,17,29,10,3,4
2026-06-15,2026-06,X (Twitter),Accommodation Cost,Malaysia,10,29,6,2,2
2026-06-15,2026-06,X (Twitter),Scholarships,India,32,82,16,3,13
2026-06-15,2026-06,X (Twitter),Scholarships,China,3,4,1,1,1
2026-06-15,2026-06,X (Twitter),Scholarships,Malaysia,14,25,7,4,3
2026-06-15,2026-06,X (Twitter),Campus Safety,India,18,36,7,5,6
2026-06-15,2026-06,X (Twitter),Campus Safety,China,8,19,3,1,4
2026-06-15,2026-06,X (Twitter),Campus Safety,Vietnam,11,15,5,1,5
2026-06-15,2026-06,X (Twitter),Campus Safety,Malaysia,7,20,3,2,2
2026-06-15,2026-06,X (Twitter),Course Quality,India,27,58,17,2,8
2026-06-15,2026-06,X (Twitter),Course Quality,China,2,6,1,1,0
2026-06-15,2026-06,X (Twitter),Course Quality,Vietnam,12,28,8,2,2
2026-06-15,2026-06,X (Twitter),Career Outcomes,India,10,21,6,1,3
2026-06-15,2026-06,X (Twitter),Career Outcomes,China,4,10,2,1,1
2026-06-15,2026-06,X (Twitter),Career Outcomes,Vietnam,8,23,5,1,2
2026-06-15,2026-06,X (Twitter),Career Outcomes,Malaysia,9,15,5,2,2
2026-06-15,2026-06,X (Twitter),Part-Time Work Rights,India,10,18,5,1,4
2026-06-15,2026-06,X (Twitter),Part-Time Work Rights,China,6,9,3,1,2
2026-06-15,2026-06,X (Twitter),Part-Time Work Rights,Vietnam,11,28,5,2,4
2026-06-15,2026-06,X (Twitter),Part-Time Work Rights,Malaysia,3,8,1,1,1
2026-06-15,2026-06,X (Twitter),Campus Life,India,4,8,3,0,1
2026-06-15,2026-06,X (Twitter),Campus Life,China,11,27,7,2,2
2026-06-15,2026-06,X (Twitter),Campus Life,Vietnam,12,20,8,1,3
2026-06-15,2026-06,X (Twitter),Campus Life,Malaysia,7,12,4,1,2
2026-06-15,2026-06,X (Twitter),Application Process,China,16,33,15,0,1
2026-06-15,2026-06,X (Twitter),Application Process,Vietnam,12,31,10,1,1
2026-06-15,2026-06,X (Twitter),Application Process,Malaysia,12,24,10,1,1
2026-06-15,2026-06,X (Twitter),Support Services,China,6,11,5,0,1
2026-06-15,2026-06,X (Twitter),Support Services,Vietnam,8,12,7,0,1
2026-06-15,2026-06,X (Twitter),Support Services,Malaysia,4,11,3,1,0
2026-06-15,2026-06,News,Visa Processing,India,2,1,1,0,1
2026-06-15,2026-06,News,Visa Processing,China,7,5,3,2,2
2026-06-15,2026-06,News,Visa Processing,Vietnam,3,2,1,1,1
2026-06-15,2026-06,News,Visa Processing,Malaysia,5,3,2,1,2
2026-06-15,2026-06,News,Accommodation Cost,India,11,6,7,1,3
2026-06-15,2026-06,News,Accommodation Cost,China,4,3,2,1,1
2026-06-15,2026-06,News,Accommodation Cost,Malaysia,6,5,4,0,2
2026-06-15,2026-06,News,Scholarships,India,12,11,6,2,4
2026-06-15,2026-06,News,Scholarships,China,7,6,4,1,2
2026-06-15,2026-06,News,Scholarships,Vietnam,1,1,1,0,0
2026-06-15,2026-06,News,Scholarships,Malaysia,4,3,2,1,1
2026-06-15,2026-06,News,Campus Safety,India,6,4,2,2,2
2026-06-15,2026-06,News,Campus Safety,China,5,5,2,1,2
2026-06-15,2026-06,News,Campus Safety,Vietnam,2,1,1,0,1
2026-06-15,2026-06,News,Course Quality,India,4,4,2,1,1
2026-06-15,2026-06,News,Course Quality,China,3,3,2,0,1
2026-06-15,2026-06,News,Course Quality,Vietnam,3,2,2,0,1
2026-06-15,2026-06,News,Course Quality,Malaysia,4,3,2,1,1
2026-06-15,2026-06,News,Career Outcomes,India,3,2,2,0,1
2026-06-15,2026-06,News,Career Outcomes,China,2,1,1,0,1
2026-06-15,2026-06,News,Career Outcomes,Vietnam,3,3,2,0,1
2026-06-15,2026-06,News,Part-Time Work Rights,India,8,7,4,1,3
2026-06-15,2026-06,News,Part-Time Work Rights,China,3,2,1,1,1
2026-06-15,2026-06,News,Part-Time Work Rights,Vietnam,4,4,2,1,1
2026-06-15,2026-06,News,Part-Time Work Rights,Malaysia,3,3,1,1,1
2026-06-15,2026-06,News,Campus Life,China,3,3,2,0,1
2026-06-15,2026-06,News,Campus Life,Vietnam,5,5,3,1,1
2026-06-15,2026-06,News,Campus Life,Malaysia,4,4,3,0,1
2026-06-15,2026-06,News,Application Process,India,4,2,3,1,0
2026-06-15,2026-06,News,Application Process,China,9,5,8,0,1
2026-06-15,2026-06,News,Application Process,Vietnam,5,4,4,1,0
2026-06-15,2026-06,News,Application Process,Malaysia,4,2,4,0,0
2026-06-15,2026-06,News,Support Services,India,7,4,6,0,1
2026-06-15,2026-06,News,Support Services,China,2,2,2,0,0
2026-06-15,2026-06,News,Support Services,Malaysia,2,2,2,0,0
2026-06-15,2026-06,Forums,Visa Processing,China,14,57,5,2,7
2026-06-15,2026-06,Forums,Visa Processing,Vietnam,9,44,3,2,4
2026-06-15,2026-06,Forums,Visa Processing,Malaysia,11,32,4,3,4
2026-06-15,2026-06,Forums,Accommodation Cost,India,9,39,5,2,2
2026-06-15,2026-06,Forums,Accommodation Cost,China,16,55,10,2,4
2026-06-15,2026-06,Forums,Accommodation Cost,Vietnam,7,27,4,1,2
2026-06-15,2026-06,Forums,Accommodation Cost,Malaysia,9,50,5,1,3
2026-06-15,2026-06,Forums,Scholarships,China,7,22,3,2,2
2026-06-15,2026-06,Forums,Scholarships,Vietnam,11,50,6,2,3
2026-06-15,2026-06,Forums,Scholarships,Malaysia,6,30,3,1,2
2026-06-15,2026-06,Forums,Campus Safety,India,13,67,6,2,5
2026-06-15,2026-06,Forums,Campus Safety,Vietnam,6,26,2,2,2
2026-06-15,2026-06,Forums,Course Quality,China,10,26,6,2,2
2026-06-15,2026-06,Forums,Course Quality,Vietnam,5,26,3,1,1
2026-06-15,2026-06,Forums,Course Quality,Malaysia,3,10,2,0,1
2026-06-15,2026-06,Forums,Career Outcomes,India,12,39,7,1,4
2026-06-15,2026-06,Forums,Career Outcomes,China,6,26,4,0,2
2026-06-15,2026-06,Forums,Career Outcomes,Vietnam,7,37,4,1,2
2026-06-15,2026-06,Forums,Part-Time Work Rights,India,8,42,4,1,3
2026-06-15,2026-06,Forums,Part-Time Work Rights,China,5,20,2,1,2
2026-06-15,2026-06,Forums,Part-Time Work Rights,Vietnam,1,3,0,1,0
2026-06-15,2026-06,Forums,Part-Time Work Rights,Malaysia,2,6,1,0,1
2026-06-15,2026-06,Forums,Campus Life,India,17,62,11,1,5
2026-06-15,2026-06,Forums,Campus Life,China,3,13,2,0,1
2026-06-15,2026-06,Forums,Campus Life,Vietnam,7,21,4,1,2
2026-06-15,2026-06,Forums,Campus Life,Malaysia,1,4,1,0,0
2026-06-15,2026-06,Forums,Application Process,India,1,3,1,0,0
2026-06-15,2026-06,Forums,Application Process,China,10,45,8,1,1
2026-06-15,2026-06,Forums,Application Process,Malaysia,4,12,3,1,0
2026-06-15,2026-06,Forums,Support Services,India,9,38,7,1,1
2026-06-15,2026-06,Forums,Support Services,China,10,47,8,0,2
2026-06-15,2026-06,Forums,Support Services,Vietnam,3,13,3,0,0
2026-06-15,2026-06,Forums,Support Services,Malaysia,4,12,3,1,0
2026-06-22,2026-06,TikTok,Visa Processing,China,50,203,14,11,25
2026-06-22,2026-06,TikTok,Visa Processing,Vietnam,16,37,5,5,6
2026-06-22,2026-06,TikTok,Visa Processing,Malaysia,18,38,5,5,8
2026-06-22,2026-06,TikTok,Accommodation Cost,India,37,119,21,4,12
2026-06-22,2026-06,TikTok,Accommodation Cost,China,22,53,12,4,6
2026-06-22,2026-06,TikTok,Accommodation Cost,Vietnam,15,42,9,2,4
2026-06-22,2026-06,TikTok,Accommodation Cost,Malaysia,21,89,12,2,7
2026-06-22,2026-06,TikTok,Scholarships,India,32,95,21,4,7
2026-06-22,2026-06,TikTok,Scholarships,China,16,66,12,1,3
2026-06-22,2026-06,TikTok,Scholarships,Vietnam,15,37,10,2,3
2026-06-22,2026-06,TikTok,Scholarships,Malaysia,11,31,7,2,2
2026-06-22,2026-06,TikTok,Campus Safety,India,9,35,5,1,3
2026-06-22,2026-06,TikTok,Campus Safety,China,16,46,9,3,4
2026-06-22,2026-06,TikTok,Campus Safety,Vietnam,10,33,5,1,4
2026-06-22,2026-06,TikTok,Campus Safety,Malaysia,13,41,7,2,4
2026-06-22,2026-06,TikTok,Course Quality,India,32,109,22,3,7
2026-06-22,2026-06,TikTok,Course Quality,China,10,32,7,1,2
2026-06-22,2026-06,TikTok,Course Quality,Vietnam,15,35,10,2,3
2026-06-22,2026-06,TikTok,Course Quality,Malaysia,16,54,12,2,2
2026-06-22,2026-06,TikTok,Career Outcomes,India,15,56,9,2,4
2026-06-22,2026-06,TikTok,Career Outcomes,China,14,43,8,3,3
2026-06-22,2026-06,TikTok,Career Outcomes,Vietnam,15,33,9,3,3
2026-06-22,2026-06,TikTok,Career Outcomes,Malaysia,10,41,6,2,2
2026-06-22,2026-06,TikTok,Part-Time Work Rights,India,10,28,6,1,3
2026-06-22,2026-06,TikTok,Part-Time Work Rights,China,11,31,6,2,3
2026-06-22,2026-06,TikTok,Part-Time Work Rights,Vietnam,8,18,5,1,2
2026-06-22,2026-06,TikTok,Part-Time Work Rights,Malaysia,4,16,2,1,1
2026-06-22,2026-06,TikTok,Campus Life,India,18,42,10,3,5
2026-06-22,2026-06,TikTok,Campus Life,China,24,69,14,3,7
2026-06-22,2026-06,TikTok,Campus Life,Vietnam,13,55,7,3,3
2026-06-22,2026-06,TikTok,Campus Life,Malaysia,5,11,3,1,1
2026-06-22,2026-06,TikTok,Application Process,India,22,78,20,1,1
2026-06-22,2026-06,TikTok,Application Process,Malaysia,10,32,10,0,0
2026-06-22,2026-06,TikTok,Support Services,China,2,7,2,0,0
2026-06-22,2026-06,TikTok,Support Services,Vietnam,11,38,8,1,2
2026-06-22,2026-06,TikTok,Support Services,Malaysia,11,29,9,0,2
2026-06-22,2026-06,Reddit,Visa Processing,India,17,122,5,4,8
2026-06-22,2026-06,Reddit,Visa Processing,China,30,148,10,5,15
2026-06-22,2026-06,Reddit,Visa Processing,Vietnam,17,112,5,4,8
2026-06-22,2026-06,Reddit,Visa Processing,Malaysia,21,177,6,7,8
2026-06-22,2026-06,Reddit,Accommodation Cost,India,26,114,15,3,8
2026-06-22,2026-06,Reddit,Accommodation Cost,China,25,211,15,3,7
2026-06-22,2026-06,Reddit,Accommodation Cost,Vietnam,12,58,7,2,3
2026-06-22,2026-06,Reddit,Accommodation Cost,Malaysia,15,124,9,1,5
2026-06-22,2026-06,Reddit,Scholarships,India,15,98,11,1,3
2026-06-22,2026-06,Reddit,Scholarships,China,13,83,9,1,3
2026-06-22,2026-06,Reddit,Scholarships,Vietnam,11,53,7,2,2
2026-06-22,2026-06,Reddit,Scholarships,Malaysia,5,36,3,1,1
2026-06-22,2026-06,Reddit,Campus Safety,India,17,107,9,3,5
2026-06-22,2026-06,Reddit,Campus Safety,China,9,71,4,2,3
2026-06-22,2026-06,Reddit,Campus Safety,Vietnam,9,57,5,2,2
2026-06-22,2026-06,Reddit,Campus Safety,Malaysia,12,83,6,2,4
2026-06-22,2026-06,Reddit,Course Quality,India,27,199,19,4,4
2026-06-22,2026-06,Reddit,Course Quality,China,21,163,14,2,5
2026-06-22,2026-06,Reddit,Course Quality,Vietnam,16,105,11,1,4
2026-06-22,2026-06,Reddit,Course Quality,Malaysia,10,62,7,2,1
2026-06-22,2026-06,Reddit,Career Outcomes,India,22,185,14,2,6
2026-06-22,2026-06,Reddit,Career Outcomes,China,8,68,5,1,2
2026-06-22,2026-06,Reddit,Career Outcomes,Malaysia,8,65,5,1,2
2026-06-22,2026-06,Reddit,Part-Time Work Rights,Vietnam,5,42,3,1,1
2026-06-22,2026-06,Reddit,Part-Time Work Rights,Malaysia,7,53,4,1,2
2026-06-22,2026-06,Reddit,Campus Life,India,15,98,8,2,5
2026-06-22,2026-06,Reddit,Campus Life,China,17,127,9,3,5
2026-06-22,2026-06,Reddit,Campus Life,Vietnam,10,77,6,1,3
2026-06-22,2026-06,Reddit,Campus Life,Malaysia,4,34,2,1,1
2026-06-22,2026-06,Reddit,Application Process,India,17,91,16,0,1
2026-06-22,2026-06,Reddit,Application Process,China,19,162,17,1,1
2026-06-22,2026-06,Reddit,Application Process,Vietnam,12,87,11,0,1
2026-06-22,2026-06,Reddit,Application Process,Malaysia,13,110,12,0,1
2026-06-22,2026-06,Reddit,Support Services,India,18,148,13,2,3
2026-06-22,2026-06,Reddit,Support Services,China,5,26,4,0,1
2026-06-22,2026-06,Reddit,Support Services,Vietnam,8,48,6,1,1
2026-06-22,2026-06,Reddit,Support Services,Malaysia,6,49,5,0,1
2026-06-22,2026-06,X (Twitter),Visa Processing,India,23,56,7,8,8
2026-06-22,2026-06,X (Twitter),Visa Processing,Vietnam,22,38,6,8,8
2026-06-22,2026-06,X (Twitter),Accommodation Cost,India,43,92,24,9,10
2026-06-22,2026-06,X (Twitter),Accommodation Cost,China,14,25,9,2,3
2026-06-22,2026-06,X (Twitter),Accommodation Cost,Vietnam,5,7,3,1,1
2026-06-22,2026-06,X (Twitter),Accommodation Cost,Malaysia,2,6,1,1,0
2026-06-22,2026-06,X (Twitter),Scholarships,India,23,57,17,1,5
2026-06-22,2026-06,X (Twitter),Scholarships,China,18,29,12,2,4
2026-06-22,2026-06,X (Twitter),Scholarships,Vietnam,25,62,18,2,5
2026-06-22,2026-06,X (Twitter),Scholarships,Malaysia,4,12,3,0,1
2026-06-22,2026-06,X (Twitter),Campus Safety,India,15,36,8,4,3
2026-06-22,2026-06,X (Twitter),Campus Safety,China,8,12,4,2,2
2026-06-22,2026-06,X (Twitter),Campus Safety,Malaysia,14,31,7,3,4
2026-06-22,2026-06,X (Twitter),Course Quality,India,18,33,13,2,3
2026-06-22,2026-06,X (Twitter),Course Quality,China,15,23,11,1,3
2026-06-22,2026-06,X (Twitter),Course Quality,Vietnam,7,17,5,1,1
2026-06-22,2026-06,X (Twitter),Course Quality,Malaysia,7,13,5,0,2
2026-06-22,2026-06,X (Twitter),Career Outcomes,India,18,27,11,3,4
2026-06-22,2026-06,X (Twitter),Career Outcomes,China,16,46,10,2,4
2026-06-22,2026-06,X (Twitter),Career Outcomes,Vietnam,14,35,9,1,4
2026-06-22,2026-06,X (Twitter),Career Outcomes,Malaysia,7,11,4,1,2
2026-06-22,2026-06,X (Twitter),Part-Time Work Rights,India,14,19,9,2,3
2026-06-22,2026-06,X (Twitter),Part-Time Work Rights,China,10,19,6,1,3
2026-06-22,2026-06,X (Twitter),Part-Time Work Rights,Vietnam,6,13,4,0,2
2026-06-22,2026-06,X (Twitter),Part-Time Work Rights,Malaysia,7,19,4,1,2
2026-06-22,2026-06,X (Twitter),Campus Life,India,24,53,13,5,6
2026-06-22,2026-06,X (Twitter),Campus Life,China,14,20,8,2,4
2026-06-22,2026-06,X (Twitter),Campus Life,Vietnam,10,26,6,2,2
2026-06-22,2026-06,X (Twitter),Application Process,India,18,25,17,0,1
2026-06-22,2026-06,X (Twitter),Application Process,China,11,30,10,0,1
2026-06-22,2026-06,X (Twitter),Application Process,Vietnam,13,37,12,0,1
2026-06-22,2026-06,X (Twitter),Application Process,Malaysia,6,12,6,0,0
2026-06-22,2026-06,X (Twitter),Support Services,India,3,5,2,1,0
2026-06-22,2026-06,X (Twitter),Support Services,China,11,18,9,1,1
2026-06-22,2026-06,X (Twitter),Support Services,Vietnam,5,12,4,0,1
2026-06-22,2026-06,X (Twitter),Support Services,Malaysia,4,8,3,0,1
2026-06-22,2026-06,News,Visa Processing,India,18,19,5,5,8
2026-06-22,2026-06,News,Visa Processing,China,8,7,2,2,4
2026-06-22,2026-06,News,Visa Processing,Vietnam,10,7,3,4,3
2026-06-22,2026-06,News,Visa Processing,Malaysia,6,4,2,2,2
2026-06-22,2026-06,News,Accommodation Cost,China,7,5,4,1,2
2026-06-22,2026-06,News,Accommodation Cost,Vietnam,6,4,4,1,1
2026-06-22,2026-06,News,Accommodation Cost,Malaysia,2,1,1,0,1
2026-06-22,2026-06,News,Scholarships,India,1,1,1,0,0
2026-06-22,2026-06,News,Scholarships,China,11,12,8,1,2
2026-06-22,2026-06,News,Scholarships,Vietnam,2,1,1,1,0
2026-06-22,2026-06,News,Scholarships,Malaysia,3,2,2,0,1
2026-06-22,2026-06,News,Campus Safety,India,4,4,2,1,1
2026-06-22,2026-06,News,Campus Safety,China,5,5,3,1,1
2026-06-22,2026-06,News,Campus Safety,Vietnam,4,3,2,1,1
2026-06-22,2026-06,News,Campus Safety,Malaysia,3,2,2,0,1
2026-06-22,2026-06,News,Course Quality,India,2,1,1,1,0
2026-06-22,2026-06,News,Course Quality,China,5,5,3,1,1
2026-06-22,2026-06,News,Course Quality,Vietnam,6,4,4,1,1
2026-06-22,2026-06,News,Course Quality,Malaysia,3,2,2,0,1
2026-06-22,2026-06,News,Career Outcomes,India,3,2,2,0,1
2026-06-22,2026-06,News,Career Outcomes,China,6,6,4,1,1
2026-06-22,2026-06,News,Career Outcomes,Vietnam,2,1,1,1,0
2026-06-22,2026-06,News,Career Outcomes,Malaysia,2,1,1,0,1
2026-06-22,2026-06,News,Part-Time Work Rights,India,6,3,3,1,2
2026-06-22,2026-06,News,Part-Time Work Rights,China,1,1,1,0,0
2026-06-22,2026-06,News,Part-Time Work Rights,Vietnam,6,4,3,2,1
2026-06-22,2026-06,News,Campus Life,India,6,6,3,1,2
2026-06-22,2026-06,News,Campus Life,China,2,2,1,1,0
2026-06-22,2026-06,News,Campus Life,Vietnam,3,2,2,0,1
2026-06-22,2026-06,News,Campus Life,Malaysia,2,2,1,1,0
2026-06-22,2026-06,News,Application Process,India,8,8,8,0,0
2026-06-22,2026-06,News,Application Process,China,3,2,3,0,0
2026-06-22,2026-06,News,Application Process,Vietnam,4,4,4,0,0
2026-06-22,2026-06,News,Application Process,Malaysia,4,3,4,0,0
2026-06-22,2026-06,News,Support Services,India,5,4,4,0,1
2026-06-22,2026-06,News,Support Services,China,3,3,2,1,0
2026-06-22,2026-06,News,Support Services,Vietnam,1,1,1,0,0
2026-06-22,2026-06,News,Support Services,Malaysia,1,1,1,0,0
2026-06-22,2026-06,Forums,Visa Processing,India,15,55,4,4,7
2026-06-22,2026-06,Forums,Visa Processing,China,25,118,7,5,13
2026-06-22,2026-06,Forums,Visa Processing,Vietnam,19,99,6,6,7
2026-06-22,2026-06,Forums,Visa Processing,Malaysia,8,26,2,3,3
2026-06-22,2026-06,Forums,Accommodation Cost,India,9,34,5,1,3
2026-06-22,2026-06,Forums,Accommodation Cost,China,14,52,8,2,4
2026-06-22,2026-06,Forums,Accommodation Cost,Vietnam,6,23,4,1,1
2026-06-22,2026-06,Forums,Accommodation Cost,Malaysia,4,22,2,1,1
2026-06-22,2026-06,Forums,Scholarships,India,19,89,12,4,3
2026-06-22,2026-06,Forums,Scholarships,China,6,16,4,1,1
2026-06-22,2026-06,Forums,Scholarships,Vietnam,12,39,8,1,3
2026-06-22,2026-06,Forums,Scholarships,Malaysia,5,23,4,0,1
2026-06-22,2026-06,Forums,Campus Safety,India,9,25,4,2,3
2026-06-22,2026-06,Forums,Campus Safety,China,1,4,1,0,0
2026-06-22,2026-06,Forums,Campus Safety,Vietnam,5,22,2,1,2
2026-06-22,2026-06,Forums,Campus Safety,Malaysia,4,21,2,1,1
2026-06-22,2026-06,Forums,Course Quality,India,8,38,6,0,2
2026-06-22,2026-06,Forums,Course Quality,China,6,30,4,1,1
2026-06-22,2026-06,Forums,Course Quality,Vietnam,6,29,4,1,1
2026-06-22,2026-06,Forums,Course Quality,Malaysia,3,13,2,0,1
2026-06-22,2026-06,Forums,Career Outcomes,India,5,22,3,1,1
2026-06-22,2026-06,Forums,Career Outcomes,China,3,10,2,0,1
2026-06-22,2026-06,Forums,Career Outcomes,Malaysia,5,20,3,1,1
2026-06-22,2026-06,Forums,Part-Time Work Rights,India,11,45,7,2,2
2026-06-22,2026-06,Forums,Part-Time Work Rights,Vietnam,3,15,2,0,1
2026-06-22,2026-06,Forums,Campus Life,India,16,70,9,3,4
2026-06-22,2026-06,Forums,Campus Life,China,3,13,2,0,1
2026-06-22,2026-06,Forums,Campus Life,Vietnam,3,13,2,0,1
2026-06-22,2026-06,Forums,Campus Life,Malaysia,5,23,3,1,1
2026-06-22,2026-06,Forums,Application Process,India,8,34,7,1,0
2026-06-22,2026-06,Forums,Application Process,China,8,38,7,1,0
2026-06-22,2026-06,Forums,Application Process,Vietnam,9,44,8,0,1
2026-06-22,2026-06,Forums,Application Process,Malaysia,7,33,6,1,0
2026-06-22,2026-06,Forums,Support Services,India,4,22,3,0,1
2026-06-22,2026-06,Forums,Support Services,China,1,3,1,0,0
2026-06-22,2026-06,Forums,Support Services,Vietnam,5,26,4,0,1
2026-06-22,2026-06,Forums,Support Services,Malaysia,4,11,3,1,0
2026-06-29,2026-06,TikTok,Visa Processing,India,55,155,23,10,22
2026-06-29,2026-06,TikTok,Visa Processing,China,21,93,8,3,10
2026-06-29,2026-06,TikTok,Visa Processing,Malaysia,7,26,3,1,3
2026-06-29,2026-06,TikTok,Accommodation Cost,India,12,42,6,2,4
2026-06-29,2026-06,TikTok,Accommodation Cost,China,18,40,10,3,5
2026-06-29,2026-06,TikTok,Accommodation Cost,Vietnam,12,32,6,3,3
2026-06-29,2026-06,TikTok,Accommodation Cost,Malaysia,23,83,12,5,6
2026-06-29,2026-06,TikTok,Scholarships,India,27,103,20,2,5
2026-06-29,2026-06,TikTok,Scholarships,China,19,80,14,1,4
2026-06-29,2026-06,TikTok,Campus Safety,India,36,139,16,5,15
2026-06-29,2026-06,TikTok,Campus Safety,China,20,86,10,5,5
2026-06-29,2026-06,TikTok,Campus Safety,Vietnam,15,62,7,4,4
2026-06-29,2026-06,TikTok,Campus Safety,Malaysia,12,52,6,2,4
2026-06-29,2026-06,TikTok,Course Quality,India,49,103,28,8,13
2026-06-29,2026-06,TikTok,Course Quality,Vietnam,11,28,7,1,3
2026-06-29,2026-06,TikTok,Course Quality,Malaysia,18,57,10,3,5
2026-06-29,2026-06,TikTok,Career Outcomes,India,15,60,9,2,4
2026-06-29,2026-06,TikTok,Career Outcomes,China,15,42,9,3,3
2026-06-29,2026-06,TikTok,Career Outcomes,Vietnam,11,31,7,2,2
2026-06-29,2026-06,TikTok,Career Outcomes,Malaysia,3,10,2,0,1
2026-06-29,2026-06,TikTok,Part-Time Work Rights,India,16,38,10,2,4
2026-06-29,2026-06,TikTok,Part-Time Work Rights,Malaysia,11,40,7,1,3
2026-06-29,2026-06,TikTok,Campus Life,India,15,66,7,3,5
2026-06-29,2026-06,TikTok,Campus Life,China,18,43,8,3,7
2026-06-29,2026-06,TikTok,Campus Life,Vietnam,21,93,9,5,7
2026-06-29,2026-06,TikTok,Campus Life,Malaysia,13,48,6,2,5
2026-06-29,2026-06,TikTok,Application Process,India,40,160,37,1,2
2026-06-29,2026-06,TikTok,Application Process,China,27,71,25,0,2
2026-06-29,2026-06,TikTok,Application Process,Vietnam,11,38,10,0,1
2026-06-29,2026-06,TikTok,Application Process,Malaysia,8,28,7,1,0
2026-06-29,2026-06,TikTok,Support Services,India,25,108,22,1,2
2026-06-29,2026-06,TikTok,Support Services,China,17,65,15,1,1
2026-06-29,2026-06,TikTok,Support Services,Vietnam,10,25,9,1,0
2026-06-29,2026-06,TikTok,Support Services,Malaysia,14,30,13,0,1
2026-06-29,2026-06,Reddit,Visa Processing,India,18,112,6,3,9
2026-06-29,2026-06,Reddit,Visa Processing,Vietnam,25,216,10,6,9
2026-06-29,2026-06,Reddit,Accommodation Cost,India,28,200,15,6,7
2026-06-29,2026-06,Reddit,Accommodation Cost,China,4,30,2,1,1
2026-06-29,2026-06,Reddit,Accommodation Cost,Vietnam,7,62,4,0,3
2026-06-29,2026-06,Reddit,Accommodation Cost,Malaysia,13,86,6,3,4
2026-06-29,2026-06,Reddit,Scholarships,India,39,294,30,2,7
2026-06-29,2026-06,Reddit,Scholarships,China,14,67,10,1,3
2026-06-29,2026-06,Reddit,Scholarships,Vietnam,17,80,13,1,3
2026-06-29,2026-06,Reddit,Campus Safety,India,11,81,5,3,3
2026-06-29,2026-06,Reddit,Campus Safety,China,5,34,2,1,2
2026-06-29,2026-06,Reddit,Campus Safety,Vietnam,7,31,3,1,3
2026-06-29,2026-06,Reddit,Campus Safety,Malaysia,11,73,6,2,3
2026-06-29,2026-06,Reddit,Course Quality,India,16,101,10,1,5
2026-06-29,2026-06,Reddit,Course Quality,China,13,80,8,2,3
2026-06-29,2026-06,Reddit,Course Quality,Vietnam,10,59,6,2,2
2026-06-29,2026-06,Reddit,Course Quality,Malaysia,3,14,2,0,1
2026-06-29,2026-06,Reddit,Career Outcomes,India,22,120,13,4,5
2026-06-29,2026-06,Reddit,Career Outcomes,China,11,59,7,1,3
2026-06-29,2026-06,Reddit,Career Outcomes,Vietnam,5,40,3,1,1
2026-06-29,2026-06,Reddit,Career Outcomes,Malaysia,1,5,1,0,0
2026-06-29,2026-06,Reddit,Part-Time Work Rights,India,19,136,12,2,5
2026-06-29,2026-06,Reddit,Part-Time Work Rights,China,9,69,5,2,2
2026-06-29,2026-06,Reddit,Part-Time Work Rights,Vietnam,8,64,5,1,2
2026-06-29,2026-06,Reddit,Part-Time Work Rights,Malaysia,7,53,4,1,2
2026-06-29,2026-06,Reddit,Campus Life,India,20,135,9,6,5
2026-06-29,2026-06,Reddit,Campus Life,China,1,7,0,1,0
2026-06-29,2026-06,Reddit,Campus Life,Vietnam,9,53,4,3,2
2026-06-29,2026-06,Reddit,Campus Life,Malaysia,4,22,2,1,1
2026-06-29,2026-06,Reddit,Application Process,India,26,145,23,1,2
2026-06-29,2026-06,Reddit,Application Process,China,19,134,17,0,2
2026-06-29,2026-06,Reddit,Application Process,Vietnam,17,122,16,0,1
2026-06-29,2026-06,Reddit,Application Process,Malaysia,16,131,14,1,1
2026-06-29,2026-06,Reddit,Support Services,India,14,72,13,0,1
2026-06-29,2026-06,Reddit,Support Services,China,10,67,9,1,0
2026-06-29,2026-06,Reddit,Support Services,Vietnam,10,46,9,0,1
2026-06-29,2026-06,Reddit,Support Services,Malaysia,4,33,4,0,0
2026-06-29,2026-06,X (Twitter),Visa Processing,India,27,74,10,4,13
2026-06-29,2026-06,X (Twitter),Visa Processing,China,6,16,2,1,3
2026-06-29,2026-06,X (Twitter),Accommodation Cost,India,32,57,16,7,9
2026-06-29,2026-06,X (Twitter),Accommodation Cost,China,21,47,12,4,5
2026-06-29,2026-06,X (Twitter),Accommodation Cost,Vietnam,13,25,7,3,3
2026-06-29,2026-06,X (Twitter),Accommodation Cost,Malaysia,10,15,5,2,3
2026-06-29,2026-06,X (Twitter),Scholarships,India,32,55,24,4,4
2026-06-29,2026-06,X (Twitter),Scholarships,Vietnam,13,31,10,1,2
2026-06-29,2026-06,X (Twitter),Scholarships,Malaysia,6,16,4,1,1
2026-06-29,2026-06,X (Twitter),Campus Safety,India,11,30,5,2,4
2026-06-29,2026-06,X (Twitter),Campus Safety,China,15,26,7,2,6
2026-06-29,2026-06,X (Twitter),Campus Safety,Vietnam,6,11,3,1,2
2026-06-29,2026-06,X (Twitter),Campus Safety,Malaysia,4,11,2,0,2
2026-06-29,2026-06,X (Twitter),Course Quality,India,15,33,9,2,4
2026-06-29,2026-06,X (Twitter),Course Quality,China,15,31,9,3,3
2026-06-29,2026-06,X (Twitter),Course Quality,Vietnam,6,12,4,0,2
2026-06-29,2026-06,X (Twitter),Career Outcomes,India,13,20,8,2,3
2026-06-29,2026-06,X (Twitter),Career Outcomes,China,9,14,5,2,2
2026-06-29,2026-06,X (Twitter),Career Outcomes,Vietnam,11,22,7,2,2
2026-06-29,2026-06,X (Twitter),Career Outcomes,Malaysia,6,10,4,0,2
2026-06-29,2026-06,X (Twitter),Part-Time Work Rights,India,13,37,7,2,4
2026-06-29,2026-06,X (Twitter),Part-Time Work Rights,China,3,4,2,0,1
2026-06-29,2026-06,X (Twitter),Part-Time Work Rights,Vietnam,5,7,3,0,2
2026-06-29,2026-06,X (Twitter),Part-Time Work Rights,Malaysia,4,7,3,0,1
2026-06-29,2026-06,X (Twitter),Campus Life,India,15,31,7,2,6
2026-06-29,2026-06,X (Twitter),Campus Life,China,23,58,11,5,7
2026-06-29,2026-06,X (Twitter),Campus Life,Vietnam,8,13,4,1,3
2026-06-29,2026-06,X (Twitter),Campus Life,Malaysia,4,6,2,0,2
2026-06-29,2026-06,X (Twitter),Application Process,India,11,21,10,1,0
2026-06-29,2026-06,X (Twitter),Application Process,China,18,52,16,1,1
2026-06-29,2026-06,X (Twitter),Application Process,Vietnam,13,29,11,1,1
2026-06-29,2026-06,X (Twitter),Support Services,India,11,29,10,0,1
2026-06-29,2026-06,X (Twitter),Support Services,Vietnam,4,9,4,0,0
2026-06-29,2026-06,X (Twitter),Support Services,Malaysia,6,13,6,0,0
2026-06-29,2026-06,News,Visa Processing,India,10,8,4,2,4
2026-06-29,2026-06,News,Visa Processing,China,10,7,4,1,5
2026-06-29,2026-06,News,Visa Processing,Vietnam,9,5,4,2,3
2026-06-29,2026-06,News,Visa Processing,Malaysia,6,5,2,1,3
2026-06-29,2026-06,News,Accommodation Cost,India,10,6,5,2,3
2026-06-29,2026-06,News,Accommodation Cost,Vietnam,3,3,2,0,1
2026-06-29,2026-06,News,Accommodation Cost,Malaysia,4,3,2,0,2
2026-06-29,2026-06,News,Scholarships,China,8,8,6,1,1
2026-06-29,2026-06,News,Scholarships,Vietnam,4,3,3,0,1
2026-06-29,2026-06,News,Scholarships,Malaysia,4,3,3,0,1
2026-06-29,2026-06,News,Campus Safety,India,7,5,3,1,3
2026-06-29,2026-06,News,Campus Safety,China,6,4,3,0,3
2026-06-29,2026-06,News,Campus Safety,Vietnam,5,5,2,1,2
2026-06-29,2026-06,News,Campus Safety,Malaysia,2,2,1,0,1
2026-06-29,2026-06,News,Course Quality,India,4,2,2,1,1
2026-06-29,2026-06,News,Course Quality,China,3,2,2,0,1
2026-06-29,2026-06,News,Course Quality,Vietnam,3,2,2,0,1
2026-06-29,2026-06,News,Course Quality,Malaysia,2,2,1,1,0
2026-06-29,2026-06,News,Career Outcomes,India,4,3,2,1,1
2026-06-29,2026-06,News,Career Outcomes,China,5,4,3,1,1
2026-06-29,2026-06,News,Career Outcomes,Vietnam,4,4,3,0,1
2026-06-29,2026-06,News,Career Outcomes,Malaysia,3,2,2,0,1
2026-06-29,2026-06,News,Part-Time Work Rights,India,2,2,1,0,1
2026-06-29,2026-06,News,Part-Time Work Rights,China,2,2,1,0,1
2026-06-29,2026-06,News,Part-Time Work Rights,Vietnam,5,4,3,1,1
2026-06-29,2026-06,News,Part-Time Work Rights,Malaysia,2,2,1,0,1
2026-06-29,2026-06,News,Campus Life,India,7,5,3,2,2
2026-06-29,2026-06,News,Campus Life,China,4,4,2,1,1
2026-06-29,2026-06,News,Campus Life,Vietnam,5,5,2,1,2
2026-06-29,2026-06,News,Campus Life,Malaysia,3,3,1,1,1
2026-06-29,2026-06,News,Application Process,India,8,7,7,0,1
2026-06-29,2026-06,News,Application Process,Vietnam,3,2,3,0,0
2026-06-29,2026-06,News,Application Process,Malaysia,3,2,3,0,0
2026-06-29,2026-06,News,Support Services,India,3,3,3,0,0
2026-06-29,2026-06,News,Support Services,China,2,2,2,0,0
2026-06-29,2026-06,News,Support Services,Malaysia,1,1,1,0,0
2026-06-29,2026-06,Forums,Visa Processing,India,28,108,10,8,10
2026-06-29,2026-06,Forums,Visa Processing,China,4,15,2,0,2
2026-06-29,2026-06,Forums,Visa Processing,Vietnam,12,52,5,2,5
2026-06-29,2026-06,Forums,Visa Processing,Malaysia,10,39,4,2,4
2026-06-29,2026-06,Forums,Accommodation Cost,India,17,47,8,3,6
2026-06-29,2026-06,Forums,Accommodation Cost,China,13,42,7,3,3
2026-06-29,2026-06,Forums,Accommodation Cost,Vietnam,10,27,5,2,3
2026-06-29,2026-06,Forums,Scholarships,India,10,31,7,1,2
2026-06-29,2026-06,Forums,Scholarships,China,9,49,6,1,2
2026-06-29,2026-06,Forums,Scholarships,Vietnam,9,35,7,1,1
2026-06-29,2026-06,Forums,Scholarships,Malaysia,6,24,4,1,1
2026-06-29,2026-06,Forums,Campus Safety,India,5,23,2,1,2
2026-06-29,2026-06,Forums,Campus Safety,China,5,20,2,1,2
2026-06-29,2026-06,Forums,Campus Safety,Vietnam,6,22,3,1,2
2026-06-29,2026-06,Forums,Campus Safety,Malaysia,8,40,4,2,2
2026-06-29,2026-06,Forums,Course Quality,India,2,6,1,0,1
2026-06-29,2026-06,Forums,Course Quality,China,4,15,3,0,1
2026-06-29,2026-06,Forums,Course Quality,Vietnam,9,45,5,1,3
2026-06-29,2026-06,Forums,Course Quality,Malaysia,7,35,4,2,1
2026-06-29,2026-06,Forums,Career Outcomes,India,7,18,4,1,2
2026-06-29,2026-06,Forums,Career Outcomes,China,8,34,5,1,2
2026-06-29,2026-06,Forums,Career Outcomes,Vietnam,2,11,1,1,0
2026-06-29,2026-06,Forums,Part-Time Work Rights,China,3,10,2,0,1
2026-06-29,2026-06,Forums,Part-Time Work Rights,Malaysia,4,15,2,1,1
2026-06-29,2026-06,Forums,Campus Life,India,11,61,5,2,4
2026-06-29,2026-06,Forums,Campus Life,China,8,41,4,1,3
2026-06-29,2026-06,Forums,Application Process,India,17,49,16,0,1
2026-06-29,2026-06,Forums,Application Process,China,6,25,5,1,0
2026-06-29,2026-06,Forums,Application Process,Vietnam,5,25,5,0,0
2026-06-29,2026-06,Forums,Application Process,Malaysia,5,18,4,1,0
2026-06-29,2026-06,Forums,Support Services,India,9,48,8,1,0
2026-06-29,2026-06,Forums,Support Services,China,4,12,4,0,0
2026-06-29,2026-06,Forums,Support Services,Vietnam,4,11,4,0,0
2026-06-29,2026-06,Forums,Support Services,Malaysia,2,10,2,0,0
2026-07-06,2026-07,TikTok,Visa Processing,India,14,38,5,2,7
2026-07-06,2026-07,TikTok,Visa Processing,China,35,117,14,10,11
2026-07-06,2026-07,TikTok,Visa Processing,Vietnam,32,90,13,8,11
2026-07-06,2026-07,TikTok,Visa Processing,Malaysia,23,76,9,5,9
2026-07-06,2026-07,TikTok,Accommodation Cost,India,37,93,17,5,15
2026-07-06,2026-07,TikTok,Accommodation Cost,China,37,84,17,10,10
2026-07-06,2026-07,TikTok,Accommodation Cost,Vietnam,21,50,10,4,7
2026-07-06,2026-07,TikTok,Accommodation Cost,Malaysia,9,37,4,2,3
2026-07-06,2026-07,TikTok,Scholarships,India,33,119,23,4,6
2026-07-06,2026-07,TikTok,Scholarships,China,24,102,16,3,5
2026-07-06,2026-07,TikTok,Scholarships,Malaysia,13,47,9,1,3
2026-07-06,2026-07,TikTok,Campus Safety,India,16,56,7,2,7
2026-07-06,2026-07,TikTok,Campus Safety,China,22,56,10,6,6
2026-07-06,2026-07,TikTok,Campus Safety,Vietnam,16,52,7,4,5
2026-07-06,2026-07,TikTok,Campus Safety,Malaysia,4,10,2,1,1
2026-07-06,2026-07,TikTok,Course Quality,India,18,37,10,2,6
2026-07-06,2026-07,TikTok,Course Quality,Vietnam,13,48,7,2,4
2026-07-06,2026-07,TikTok,Course Quality,Malaysia,8,21,5,1,2
2026-07-06,2026-07,TikTok,Career Outcomes,India,18,42,11,3,4
2026-07-06,2026-07,TikTok,Career Outcomes,China,16,40,10,1,5
2026-07-06,2026-07,TikTok,Career Outcomes,Vietnam,8,32,5,1,2
2026-07-06,2026-07,TikTok,Career Outcomes,Malaysia,11,46,6,2,3
2026-07-06,2026-07,TikTok,Part-Time Work Rights,India,11,30,6,2,3
2026-07-06,2026-07,TikTok,Part-Time Work Rights,China,15,35,8,2,5
2026-07-06,2026-07,TikTok,Part-Time Work Rights,Vietnam,17,74,10,2,5
2026-07-06,2026-07,TikTok,Part-Time Work Rights,Malaysia,11,31,6,1,4
2026-07-06,2026-07,TikTok,Campus Life,India,15,62,7,3,5
2026-07-06,2026-07,TikTok,Campus Life,China,7,31,3,2,2
2026-07-06,2026-07,TikTok,Campus Life,Vietnam,13,42,5,4,4
2026-07-06,2026-07,TikTok,Campus Life,Malaysia,7,25,3,1,3
2026-07-06,2026-07,TikTok,Application Process,Vietnam,6,15,5,0,1
2026-07-06,2026-07,TikTok,Application Process,Malaysia,9,29,7,1,1
2026-07-06,2026-07,TikTok,Support Services,India,15,38,13,1,1
2026-07-06,2026-07,TikTok,Support Services,China,9,30,8,0,1
2026-07-06,2026-07,TikTok,Support Services,Vietnam,8,18,8,0,0
2026-07-06,2026-07,TikTok,Support Services,Malaysia,1,4,1,0,0
2026-07-06,2026-07,Reddit,Visa Processing,India,42,270,15,13,14
2026-07-06,2026-07,Reddit,Visa Processing,China,16,101,6,2,8
2026-07-06,2026-07,Reddit,Visa Processing,Vietnam,32,217,12,7,13
2026-07-06,2026-07,Reddit,Visa Processing,Malaysia,23,143,10,4,9
2026-07-06,2026-07,Reddit,Accommodation Cost,India,43,228,22,7,14
2026-07-06,2026-07,Reddit,Accommodation Cost,China,34,237,16,5,13
2026-07-06,2026-07,Reddit,Accommodation Cost,Vietnam,11,97,6,2,3
2026-07-06,2026-07,Reddit,Accommodation Cost,Malaysia,14,68,7,3,4
2026-07-06,2026-07,Reddit,Scholarships,India,14,62,9,2,3
2026-07-06,2026-07,Reddit,Scholarships,China,38,237,25,6,7
2026-07-06,2026-07,Reddit,Scholarships,Vietnam,14,64,9,3,2
2026-07-06,2026-07,Reddit,Scholarships,Malaysia,9,43,6,1,2
2026-07-06,2026-07,Reddit,Campus Safety,China,12,55,6,2,4
2026-07-06,2026-07,Reddit,Course Quality,India,24,198,14,4,6
2026-07-06,2026-07,Reddit,Course Quality,China,13,76,7,2,4
2026-07-06,2026-07,Reddit,Course Quality,Vietnam,19,124,11,3,5
2026-07-06,2026-07,Reddit,Course Quality,Malaysia,15,109,9,1,5
2026-07-06,2026-07,Reddit,Career Outcomes,India,11,93,6,1,4
2026-07-06,2026-07,Reddit,Career Outcomes,China,9,61,5,2,2
2026-07-06,2026-07,Reddit,Career Outcomes,Vietnam,16,120,10,2,4
2026-07-06,2026-07,Reddit,Career Outcomes,Malaysia,10,68,6,1,3
2026-07-06,2026-07,Reddit,Part-Time Work Rights,India,17,91,9,3,5
2026-07-06,2026-07,Reddit,Part-Time Work Rights,China,15,88,9,3,3
2026-07-06,2026-07,Reddit,Part-Time Work Rights,Vietnam,6,48,3,2,1
2026-07-06,2026-07,Reddit,Part-Time Work Rights,Malaysia,8,40,4,1,3
2026-07-06,2026-07,Reddit,Campus Life,India,27,204,11,5,11
2026-07-06,2026-07,Reddit,Campus Life,China,15,80,7,3,5
2026-07-06,2026-07,Reddit,Campus Life,Vietnam,8,67,4,2,2
2026-07-06,2026-07,Reddit,Campus Life,Malaysia,11,74,5,3,3
2026-07-06,2026-07,Reddit,Application Process,India,14,90,12,1,1
2026-07-06,2026-07,Reddit,Application Process,China,16,141,13,1,2
2026-07-06,2026-07,Reddit,Application Process,Vietnam,8,34,7,0,1
2026-07-06,2026-07,Reddit,Application Process,Malaysia,10,64,8,1,1
2026-07-06,2026-07,Reddit,Support Services,India,11,96,10,0,1
2026-07-06,2026-07,Reddit,Support Services,China,6,38,6,0,0
2026-07-06,2026-07,Reddit,Support Services,Vietnam,9,50,8,0,1
2026-07-06,2026-07,X (Twitter),Visa Processing,India,48,103,18,9,21
2026-07-06,2026-07,X (Twitter),Visa Processing,China,9,22,3,2,4
2026-07-06,2026-07,X (Twitter),Visa Processing,Vietnam,30,75,11,7,12
2026-07-06,2026-07,X (Twitter),Visa Processing,Malaysia,9,23,3,3,3
2026-07-06,2026-07,X (Twitter),Accommodation Cost,India,39,88,19,6,14
2026-07-06,2026-07,X (Twitter),Accommodation Cost,Malaysia,10,18,5,2,3
2026-07-06,2026-07,X (Twitter),Scholarships,India,16,46,11,2,3
2026-07-06,2026-07,X (Twitter),Scholarships,Vietnam,3,5,2,0,1
2026-07-06,2026-07,X (Twitter),Scholarships,Malaysia,20,30,13,3,4
2026-07-06,2026-07,X (Twitter),Campus Safety,India,21,37,9,3,9
2026-07-06,2026-07,X (Twitter),Campus Safety,Vietnam,13,34,6,2,5
2026-07-06,2026-07,X (Twitter),Campus Safety,Malaysia,10,21,5,1,4
2026-07-06,2026-07,X (Twitter),Course Quality,India,8,11,5,1,2
2026-07-06,2026-07,X (Twitter),Course Quality,China,15,35,9,3,3
2026-07-06,2026-07,X (Twitter),Course Quality,Vietnam,16,43,9,3,4
2026-07-06,2026-07,X (Twitter),Course Quality,Malaysia,3,8,2,0,1
2026-07-06,2026-07,X (Twitter),Career Outcomes,India,4,12,2,1,1
2026-07-06,2026-07,X (Twitter),Career Outcomes,Vietnam,14,38,8,2,4
2026-07-06,2026-07,X (Twitter),Career Outcomes,Malaysia,5,8,3,1,1
2026-07-06,2026-07,X (Twitter),Part-Time Work Rights,China,6,14,3,1,2
2026-07-06,2026-07,X (Twitter),Part-Time Work Rights,Vietnam,6,9,4,0,2
2026-07-06,2026-07,X (Twitter),Part-Time Work Rights,Malaysia,11,19,6,2,3
2026-07-06,2026-07,X (Twitter),Campus Life,India,20,50,8,3,9
2026-07-06,2026-07,X (Twitter),Campus Life,China,15,26,6,3,6
2026-07-06,2026-07,X (Twitter),Campus Life,Vietnam,5,12,2,1,2
2026-07-06,2026-07,X (Twitter),Campus Life,Malaysia,3,7,1,1,1
2026-07-06,2026-07,X (Twitter),Application Process,India,12,21,10,0,2
2026-07-06,2026-07,X (Twitter),Application Process,Vietnam,5,10,4,1,0
2026-07-06,2026-07,X (Twitter),Application Process,Malaysia,11,17,9,1,1
2026-07-06,2026-07,X (Twitter),Support Services,India,12,33,11,0,1
2026-07-06,2026-07,X (Twitter),Support Services,China,16,24,14,1,1
2026-07-06,2026-07,X (Twitter),Support Services,Vietnam,7,16,7,0,0
2026-07-06,2026-07,News,Visa Processing,India,10,6,4,1,5
2026-07-06,2026-07,News,Visa Processing,China,11,6,4,2,5
2026-07-06,2026-07,News,Visa Processing,Vietnam,7,8,2,3,2
2026-07-06,2026-07,News,Visa Processing,Malaysia,5,3,2,1,2
2026-07-06,2026-07,News,Accommodation Cost,India,6,4,3,1,2
2026-07-06,2026-07,News,Accommodation Cost,Vietnam,3,2,1,1,1
2026-07-06,2026-07,News,Scholarships,India,3,2,2,0,1
2026-07-06,2026-07,News,Scholarships,China,3,2,2,0,1
2026-07-06,2026-07,News,Scholarships,Malaysia,3,3,2,0,1
2026-07-06,2026-07,News,Campus Safety,India,8,6,3,2,3
2026-07-06,2026-07,News,Campus Safety,China,4,3,2,0,2
2026-07-06,2026-07,News,Campus Safety,Vietnam,6,5,3,1,2
2026-07-06,2026-07,News,Campus Safety,Malaysia,3,2,1,1,1
2026-07-06,2026-07,News,Course Quality,India,10,9,6,1,3
2026-07-06,2026-07,News,Course Quality,China,7,6,4,1,2
2026-07-06,2026-07,News,Course Quality,Vietnam,4,4,2,1,1
2026-07-06,2026-07,News,Course Quality,Malaysia,3,2,2,0,1
2026-07-06,2026-07,News,Career Outcomes,India,3,2,2,0,1
2026-07-06,2026-07,News,Career Outcomes,China,5,3,3,1,1
2026-07-06,2026-07,News,Career Outcomes,Vietnam,3,3,2,0,1
2026-07-06,2026-07,News,Career Outcomes,Malaysia,4,3,2,1,1
2026-07-06,2026-07,News,Part-Time Work Rights,Malaysia,2,1,1,0,1
2026-07-06,2026-07,News,Campus Life,India,3,3,1,1,1
2026-07-06,2026-07,News,Campus Life,China,2,1,1,0,1
2026-07-06,2026-07,News,Campus Life,Vietnam,3,3,1,1,1
2026-07-06,2026-07,News,Campus Life,Malaysia,1,1,0,1,0
2026-07-06,2026-07,News,Application Process,India,13,11,11,0,2
2026-07-06,2026-07,News,Application Process,China,8,9,7,0,1
2026-07-06,2026-07,News,Application Process,Vietnam,3,2,2,1,0
2026-07-06,2026-07,News,Application Process,Malaysia,3,2,2,1,0
2026-07-06,2026-07,News,Support Services,India,7,4,6,1,0
2026-07-06,2026-07,News,Support Services,China,2,2,2,0,0
2026-07-06,2026-07,News,Support Services,Vietnam,2,2,2,0,0
2026-07-06,2026-07,News,Support Services,Malaysia,2,2,2,0,0
2026-07-06,2026-07,Forums,Visa Processing,India,16,69,6,4,6
2026-07-06,2026-07,Forums,Visa Processing,China,9,23,3,1,5
2026-07-06,2026-07,Forums,Visa Processing,Vietnam,9,46,4,2,3
2026-07-06,2026-07,Forums,Visa Processing,Malaysia,10,26,4,3,3
2026-07-06,2026-07,Forums,Accommodation Cost,India,16,73,8,3,5
2026-07-06,2026-07,Forums,Accommodation Cost,Vietnam,4,21,2,1,1
2026-07-06,2026-07,Forums,Accommodation Cost,Malaysia,4,17,2,1,1
2026-07-06,2026-07,Forums,Scholarships,India,7,36,5,1,1
2026-07-06,2026-07,Forums,Scholarships,China,3,13,2,0,1
2026-07-06,2026-07,Forums,Scholarships,Vietnam,10,44,7,1,2
2026-07-06,2026-07,Forums,Scholarships,Malaysia,7,31,5,0,2
2026-07-06,2026-07,Forums,Campus Safety,India,9,34,4,2,3
2026-07-06,2026-07,Forums,Campus Safety,China,9,48,4,2,3
2026-07-06,2026-07,Forums,Campus Safety,Vietnam,4,13,2,1,1
2026-07-06,2026-07,Forums,Campus Safety,Malaysia,4,21,2,1,1
2026-07-06,2026-07,Forums,Course Quality,India,13,58,8,2,3
2026-07-06,2026-07,Forums,Course Quality,Vietnam,6,20,3,1,2
2026-07-06,2026-07,Forums,Course Quality,Malaysia,4,21,2,1,1
2026-07-06,2026-07,Forums,Career Outcomes,India,2,6,1,1,0
2026-07-06,2026-07,Forums,Career Outcomes,China,6,18,3,2,1
2026-07-06,2026-07,Forums,Career Outcomes,Vietnam,8,30,5,0,3
2026-07-06,2026-07,Forums,Part-Time Work Rights,China,4,13,2,1,1
2026-07-06,2026-07,Forums,Part-Time Work Rights,Malaysia,2,7,1,0,1
2026-07-06,2026-07,Forums,Campus Life,India,14,38,6,3,5
2026-07-06,2026-07,Forums,Campus Life,Vietnam,5,20,2,1,2
2026-07-06,2026-07,Forums,Application Process,India,12,64,10,1,1
2026-07-06,2026-07,Forums,Application Process,China,11,53,9,1,1
2026-07-06,2026-07,Forums,Application Process,Vietnam,7,23,6,0,1
2026-07-06,2026-07,Forums,Application Process,Malaysia,5,22,4,0,1
2026-07-06,2026-07,Forums,Support Services,India,8,44,8,0,0
2026-07-06,2026-07,Forums,Support Services,China,6,26,5,0,1
2026-07-06,2026-07,Forums,Support Services,Vietnam,2,10,2,0,0
2026-07-06,2026-07,Forums,Support Services,Malaysia,4,20,4,0,0
2026-07-13,2026-07,TikTok,Visa Processing,India,45,107,22,8,15
2026-07-13,2026-07,TikTok,Visa Processing,Vietnam,28,76,14,5,9
2026-07-13,2026-07,TikTok,Visa Processing,Malaysia,34,96,16,4,14
2026-07-13,2026-07,TikTok,Accommodation Cost,India,21,71,8,5,8
2026-07-13,2026-07,TikTok,Accommodation Cost,China,21,54,8,3,10
2026-07-13,2026-07,TikTok,Accommodation Cost,Vietnam,31,133,12,4,15
2026-07-13,2026-07,TikTok,Scholarships,India,13,41,10,1,2
2026-07-13,2026-07,TikTok,Scholarships,China,36,154,29,2,5
2026-07-13,2026-07,TikTok,Scholarships,Vietnam,16,44,13,1,2
2026-07-13,2026-07,TikTok,Scholarships,Malaysia,15,48,11,1,3
2026-07-13,2026-07,TikTok,Campus Safety,India,35,73,17,6,12
2026-07-13,2026-07,TikTok,Campus Safety,China,26,115,12,3,11
2026-07-13,2026-07,TikTok,Campus Safety,Vietnam,10,35,5,1,4
2026-07-13,2026-07,TikTok,Campus Safety,Malaysia,13,57,6,3,4
2026-07-13,2026-07,TikTok,Course Quality,India,13,45,9,2,2
2026-07-13,2026-07,TikTok,Course Quality,China,18,39,14,1,3
2026-07-13,2026-07,TikTok,Course Quality,Vietnam,9,29,7,0,2
2026-07-13,2026-07,TikTok,Course Quality,Malaysia,11,45,8,1,2
2026-07-13,2026-07,TikTok,Career Outcomes,India,18,40,9,3,6
2026-07-13,2026-07,TikTok,Career Outcomes,China,17,42,9,2,6
2026-07-13,2026-07,TikTok,Career Outcomes,Vietnam,14,30,8,2,4
2026-07-13,2026-07,TikTok,Career Outcomes,Malaysia,7,19,4,1,2
2026-07-13,2026-07,TikTok,Part-Time Work Rights,India,5,19,3,0,2
2026-07-13,2026-07,TikTok,Part-Time Work Rights,China,24,101,11,3,10
2026-07-13,2026-07,TikTok,Part-Time Work Rights,Vietnam,11,25,5,3,3
2026-07-13,2026-07,TikTok,Part-Time Work Rights,Malaysia,11,44,5,3,3
2026-07-13,2026-07,TikTok,Campus Life,India,19,68,9,3,7
2026-07-13,2026-07,TikTok,Campus Life,China,17,65,8,5,4
2026-07-13,2026-07,TikTok,Campus Life,Vietnam,14,47,6,3,5
2026-07-13,2026-07,TikTok,Campus Life,Malaysia,13,34,6,2,5
2026-07-13,2026-07,TikTok,Application Process,China,20,86,15,2,3
2026-07-13,2026-07,TikTok,Application Process,Vietnam,11,44,8,1,2
2026-07-13,2026-07,TikTok,Application Process,Malaysia,15,62,11,1,3
2026-07-13,2026-07,TikTok,Support Services,India,6,21,5,0,1
2026-07-13,2026-07,TikTok,Support Services,China,16,39,13,1,2
2026-07-13,2026-07,TikTok,Support Services,Vietnam,13,37,11,1,1
2026-07-13,2026-07,TikTok,Support Services,Malaysia,11,34,9,1,1
2026-07-13,2026-07,Reddit,Visa Processing,India,62,477,28,10,24
2026-07-13,2026-07,Reddit,Visa Processing,China,25,221,12,6,7
2026-07-13,2026-07,Reddit,Visa Processing,Vietnam,31,266,13,4,14
2026-07-13,2026-07,Reddit,Visa Processing,Malaysia,25,134,12,6,7
2026-07-13,2026-07,Reddit,Accommodation Cost,India,7,47,3,2,2
2026-07-13,2026-07,Reddit,Accommodation Cost,China,18,144,7,3,8
2026-07-13,2026-07,Reddit,Accommodation Cost,Malaysia,15,76,5,3,7
2026-07-13,2026-07,Reddit,Scholarships,India,20,175,15,2,3
2026-07-13,2026-07,Reddit,Scholarships,Vietnam,11,58,8,2,1
2026-07-13,2026-07,Reddit,Scholarships,Malaysia,23,111,18,2,3
2026-07-13,2026-07,Reddit,Campus Safety,India,14,117,6,4,4
2026-07-13,2026-07,Reddit,Campus Safety,China,12,81,6,2,4
2026-07-13,2026-07,Reddit,Campus Safety,Vietnam,3,16,1,1,1
2026-07-13,2026-07,Reddit,Course Quality,India,21,97,16,2,3
2026-07-13,2026-07,Reddit,Course Quality,Vietnam,18,113,13,1,4
2026-07-13,2026-07,Reddit,Course Quality,Malaysia,13,79,10,1,2
2026-07-13,2026-07,Reddit,Career Outcomes,India,24,200,12,5,7
2026-07-13,2026-07,Reddit,Career Outcomes,China,6,31,3,1,2
2026-07-13,2026-07,Reddit,Career Outcomes,Vietnam,7,53,3,2,2
2026-07-13,2026-07,Reddit,Career Outcomes,Malaysia,5,23,3,0,2
2026-07-13,2026-07,Reddit,Part-Time Work Rights,India,17,90,8,4,5
2026-07-13,2026-07,Reddit,Part-Time Work Rights,China,9,41,4,2,3
2026-07-13,2026-07,Reddit,Part-Time Work Rights,Vietnam,4,35,2,1,1
2026-07-13,2026-07,Reddit,Part-Time Work Rights,Malaysia,7,51,4,1,2
2026-07-13,2026-07,Reddit,Campus Life,India,28,208,12,7,9
2026-07-13,2026-07,Reddit,Campus Life,China,15,101,6,5,4
2026-07-13,2026-07,Reddit,Campus Life,Vietnam,14,98,7,3,4
2026-07-13,2026-07,Reddit,Campus Life,Malaysia,10,85,5,1,4
2026-07-13,2026-07,Reddit,Application Process,India,12,70,9,1,2
2026-07-13,2026-07,Reddit,Application Process,China,14,111,10,1,3
2026-07-13,2026-07,Reddit,Application Process,Vietnam,9,50,7,0,2
2026-07-13,2026-07,Reddit,Application Process,Malaysia,6,28,5,0,1
2026-07-13,2026-07,Reddit,Support Services,China,10,55,9,0,1
2026-07-13,2026-07,Reddit,Support Services,Vietnam,13,64,11,1,1
2026-07-13,2026-07,Reddit,Support Services,Malaysia,3,22,3,0,0
2026-07-13,2026-07,X (Twitter),Visa Processing,India,37,89,17,6,14
2026-07-13,2026-07,X (Twitter),Visa Processing,China,14,33,6,4,4
2026-07-13,2026-07,X (Twitter),Visa Processing,Vietnam,27,79,12,8,7
2026-07-13,2026-07,X (Twitter),Accommodation Cost,India,15,38,6,2,7
2026-07-13,2026-07,X (Twitter),Accommodation Cost,China,25,35,11,4,10
2026-07-13,2026-07,X (Twitter),Accommodation Cost,Vietnam,18,43,6,6,6
2026-07-13,2026-07,X (Twitter),Accommodation Cost,Malaysia,10,18,4,3,3
2026-07-13,2026-07,X (Twitter),Scholarships,India,31,64,25,3,3
2026-07-13,2026-07,X (Twitter),Scholarships,China,16,47,12,2,2
2026-07-13,2026-07,X (Twitter),Scholarships,Vietnam,16,39,13,1,2
2026-07-13,2026-07,X (Twitter),Scholarships,Malaysia,15,42,11,2,2
2026-07-13,2026-07,X (Twitter),Campus Safety,India,19,37,8,5,6
2026-07-13,2026-07,X (Twitter),Campus Safety,China,14,26,7,3,4
2026-07-13,2026-07,X (Twitter),Campus Safety,Vietnam,13,25,6,1,6
2026-07-13,2026-07,X (Twitter),Course Quality,India,31,62,23,2,6
2026-07-13,2026-07,X (Twitter),Course Quality,Vietnam,15,29,11,1,3
2026-07-13,2026-07,X (Twitter),Course Quality,Malaysia,2,5,2,0,0
2026-07-13,2026-07,X (Twitter),Career Outcomes,India,16,22,8,3,5
2026-07-13,2026-07,X (Twitter),Career Outcomes,China,11,32,6,1,4
2026-07-13,2026-07,X (Twitter),Career Outcomes,Malaysia,8,14,4,1,3
2026-07-13,2026-07,X (Twitter),Part-Time Work Rights,India,13,29,6,3,4
2026-07-13,2026-07,X (Twitter),Part-Time Work Rights,China,18,28,9,3,6
2026-07-13,2026-07,X (Twitter),Part-Time Work Rights,Vietnam,2,5,1,0,1
2026-07-13,2026-07,X (Twitter),Part-Time Work Rights,Malaysia,6,10,3,1,2
2026-07-13,2026-07,X (Twitter),Campus Life,India,28,50,13,3,12
2026-07-13,2026-07,X (Twitter),Campus Life,China,17,37,8,3,6
2026-07-13,2026-07,X (Twitter),Campus Life,Vietnam,11,18,6,1,4
2026-07-13,2026-07,X (Twitter),Campus Life,Malaysia,7,18,4,1,2
2026-07-13,2026-07,X (Twitter),Application Process,India,26,50,19,2,5
2026-07-13,2026-07,X (Twitter),Application Process,China,17,25,13,1,3
2026-07-13,2026-07,X (Twitter),Application Process,Vietnam,10,21,7,1,2
2026-07-13,2026-07,X (Twitter),Support Services,India,15,36,13,0,2
2026-07-13,2026-07,X (Twitter),Support Services,China,9,24,7,1,1
2026-07-13,2026-07,X (Twitter),Support Services,Vietnam,5,14,4,1,0
2026-07-13,2026-07,X (Twitter),Support Services,Malaysia,6,11,5,1,0
2026-07-13,2026-07,News,Visa Processing,India,11,9,5,1,5
2026-07-13,2026-07,News,Visa Processing,Vietnam,1,1,0,1,0
2026-07-13,2026-07,News,Visa Processing,Malaysia,5,5,2,2,1
2026-07-13,2026-07,News,Accommodation Cost,India,11,8,5,2,4
2026-07-13,2026-07,News,Accommodation Cost,China,4,3,2,1,1
2026-07-13,2026-07,News,Accommodation Cost,Vietnam,4,2,2,0,2
2026-07-13,2026-07,News,Accommodation Cost,Malaysia,1,1,0,1,0
2026-07-13,2026-07,News,Scholarships,China,7,6,5,1,1
2026-07-13,2026-07,News,Scholarships,Vietnam,4,2,3,0,1
2026-07-13,2026-07,News,Campus Safety,India,6,5,2,2,2
2026-07-13,2026-07,News,Campus Safety,China,4,4,2,0,2
2026-07-13,2026-07,News,Campus Safety,Vietnam,4,4,2,1,1
2026-07-13,2026-07,News,Campus Safety,Malaysia,2,2,1,0,1
2026-07-13,2026-07,News,Course Quality,India,4,4,3,0,1
2026-07-13,2026-07,News,Course Quality,China,4,3,3,0,1
2026-07-13,2026-07,News,Course Quality,Vietnam,3,2,2,1,0
2026-07-13,2026-07,News,Course Quality,Malaysia,2,1,2,0,0
2026-07-13,2026-07,News,Career Outcomes,China,5,5,3,1,1
2026-07-13,2026-07,News,Career Outcomes,Vietnam,3,3,2,0,1
2026-07-13,2026-07,News,Career Outcomes,Malaysia,2,2,1,0,1
2026-07-13,2026-07,News,Part-Time Work Rights,India,4,4,2,1,1
2026-07-13,2026-07,News,Part-Time Work Rights,China,5,5,2,1,2
2026-07-13,2026-07,News,Part-Time Work Rights,Vietnam,3,2,2,0,1
2026-07-13,2026-07,News,Part-Time Work Rights,Malaysia,3,2,2,0,1
2026-07-13,2026-07,News,Campus Life,China,4,2,2,1,1
2026-07-13,2026-07,News,Campus Life,Vietnam,5,4,3,0,2
2026-07-13,2026-07,News,Application Process,India,5,3,4,0,1
2026-07-13,2026-07,News,Application Process,China,7,6,5,0,2
2026-07-13,2026-07,News,Application Process,Vietnam,4,4,3,0,1
2026-07-13,2026-07,News,Application Process,Malaysia,6,6,4,1,1
2026-07-13,2026-07,News,Support Services,India,1,1,1,0,0
2026-07-13,2026-07,News,Support Services,Vietnam,2,2,2,0,0
2026-07-13,2026-07,Forums,Visa Processing,India,21,64,9,6,6
2026-07-13,2026-07,Forums,Visa Processing,China,12,56,6,3,3
2026-07-13,2026-07,Forums,Visa Processing,Vietnam,17,71,7,2,8
2026-07-13,2026-07,Forums,Visa Processing,Malaysia,4,15,2,0,2
2026-07-13,2026-07,Forums,Accommodation Cost,India,9,42,3,2,4
2026-07-13,2026-07,Forums,Accommodation Cost,China,9,35,4,2,3
2026-07-13,2026-07,Forums,Accommodation Cost,Vietnam,6,28,2,2,2
2026-07-13,2026-07,Forums,Accommodation Cost,Malaysia,2,8,1,0,1
2026-07-13,2026-07,Forums,Scholarships,India,6,29,5,0,1
2026-07-13,2026-07,Forums,Scholarships,China,6,29,4,1,1
2026-07-13,2026-07,Forums,Scholarships,Vietnam,4,18,3,0,1
2026-07-13,2026-07,Forums,Scholarships,Malaysia,7,39,6,0,1
2026-07-13,2026-07,Forums,Campus Safety,India,13,36,6,3,4
2026-07-13,2026-07,Forums,Campus Safety,China,8,32,4,1,3
2026-07-13,2026-07,Forums,Campus Safety,Vietnam,2,9,1,0,1
2026-07-13,2026-07,Forums,Campus Safety,Malaysia,3,16,1,1,1
2026-07-13,2026-07,Forums,Course Quality,India,16,53,12,1,3
2026-07-13,2026-07,Forums,Course Quality,China,5,16,4,0,1
2026-07-13,2026-07,Forums,Career Outcomes,India,7,38,4,1,2
2026-07-13,2026-07,Forums,Career Outcomes,China,7,31,4,0,3
2026-07-13,2026-07,Forums,Career Outcomes,Vietnam,3,16,1,1,1
2026-07-13,2026-07,Forums,Career Outcomes,Malaysia,2,5,1,1,0
2026-07-13,2026-07,Forums,Part-Time Work Rights,India,8,31,4,1,3
2026-07-13,2026-07,Forums,Part-Time Work Rights,China,8,31,4,1,3
2026-07-13,2026-07,Forums,Part-Time Work Rights,Vietnam,1,4,1,0,0
2026-07-13,2026-07,Forums,Part-Time Work Rights,Malaysia,1,5,1,0,0
2026-07-13,2026-07,Forums,Campus Life,India,7,33,3,2,2
2026-07-13,2026-07,Forums,Campus Life,Vietnam,5,20,2,1,2
2026-07-13,2026-07,Forums,Application Process,India,1,5,1,0,0
2026-07-13,2026-07,Forums,Application Process,Vietnam,5,25,4,0,1
2026-07-13,2026-07,Forums,Application Process,Malaysia,6,22,4,1,1
2026-07-13,2026-07,Forums,Support Services,India,6,22,5,0,1
2026-07-13,2026-07,Forums,Support Services,China,4,12,3,1,0
2026-07-13,2026-07,Forums,Support Services,Vietnam,6,22,5,0,1
2026-07-13,2026-07,Forums,Support Services,Malaysia,5,24,4,1,0
2026-07-20,2026-07,TikTok,Visa Processing,India,57,247,29,11,17
2026-07-20,2026-07,TikTok,Visa Processing,China,49,166,24,11,14
2026-07-20,2026-07,TikTok,Visa Processing,Vietnam,46,129,21,7,18
2026-07-20,2026-07,TikTok,Visa Processing,Malaysia,29,102,15,6,8
2026-07-20,2026-07,TikTok,Accommodation Cost,India,10,35,6,2,2
2026-07-20,2026-07,TikTok,Accommodation Cost,Vietnam,9,38,5,1,3
2026-07-20,2026-07,TikTok,Accommodation Cost,Malaysia,11,43,6,2,3
2026-07-20,2026-07,TikTok,Scholarships,India,26,110,21,2,3
2026-07-20,2026-07,TikTok,Scholarships,Vietnam,26,87,21,2,3
2026-07-20,2026-07,TikTok,Scholarships,Malaysia,9,25,7,1,1
2026-07-20,2026-07,TikTok,Campus Safety,India,30,69,13,8,9
2026-07-20,2026-07,TikTok,Campus Safety,China,9,33,4,3,2
2026-07-20,2026-07,TikTok,Campus Safety,Vietnam,9,30,4,2,3
2026-07-20,2026-07,TikTok,Campus Safety,Malaysia,5,22,2,2,1
2026-07-20,2026-07,TikTok,Course Quality,China,20,76,13,1,6
2026-07-20,2026-07,TikTok,Course Quality,Vietnam,8,29,5,1,2
2026-07-20,2026-07,TikTok,Course Quality,Malaysia,12,29,7,1,4
2026-07-20,2026-07,TikTok,Career Outcomes,China,22,67,13,2,7
2026-07-20,2026-07,TikTok,Career Outcomes,Vietnam,11,36,6,2,3
2026-07-20,2026-07,TikTok,Career Outcomes,Malaysia,13,50,7,2,4
2026-07-20,2026-07,TikTok,Part-Time Work Rights,India,25,75,11,4,10
2026-07-20,2026-07,TikTok,Part-Time Work Rights,China,8,32,3,2,3
2026-07-20,2026-07,TikTok,Part-Time Work Rights,Vietnam,8,24,3,2,3
2026-07-20,2026-07,TikTok,Part-Time Work Rights,Malaysia,4,10,2,0,2
2026-07-20,2026-07,TikTok,Campus Life,India,25,55,12,5,8
2026-07-20,2026-07,TikTok,Campus Life,Vietnam,12,44,6,2,4
2026-07-20,2026-07,TikTok,Campus Life,Malaysia,15,48,7,4,4
2026-07-20,2026-07,TikTok,Application Process,India,28,123,21,1,6
2026-07-20,2026-07,TikTok,Application Process,China,15,48,11,2,2
2026-07-20,2026-07,TikTok,Application Process,Vietnam,22,98,16,2,4
2026-07-20,2026-07,TikTok,Application Process,Malaysia,7,20,5,1,1
2026-07-20,2026-07,TikTok,Support Services,India,3,9,2,0,1
2026-07-20,2026-07,TikTok,Support Services,Vietnam,18,41,12,1,5
2026-07-20,2026-07,TikTok,Support Services,Malaysia,9,36,6,1,2
2026-07-20,2026-07,Reddit,Visa Processing,India,42,362,21,9,12
2026-07-20,2026-07,Reddit,Visa Processing,China,22,112,10,3,9
2026-07-20,2026-07,Reddit,Visa Processing,Malaysia,14,109,7,2,5
2026-07-20,2026-07,Reddit,Accommodation Cost,China,18,107,10,4,4
2026-07-20,2026-07,Reddit,Accommodation Cost,Vietnam,2,15,1,1,0
2026-07-20,2026-07,Reddit,Accommodation Cost,Malaysia,15,74,8,3,4
2026-07-20,2026-07,Reddit,Scholarships,India,13,61,10,1,2
2026-07-20,2026-07,Reddit,Scholarships,China,23,191,18,1,4
2026-07-20,2026-07,Reddit,Scholarships,Vietnam,15,93,11,1,3
2026-07-20,2026-07,Reddit,Scholarships,Malaysia,17,129,14,1,2
2026-07-20,2026-07,Reddit,Campus Safety,India,23,184,11,3,9
2026-07-20,2026-07,Reddit,Campus Safety,Vietnam,17,133,8,3,6
2026-07-20,2026-07,Reddit,Campus Safety,Malaysia,8,65,4,1,3
2026-07-20,2026-07,Reddit,Course Quality,India,9,62,6,1,2
2026-07-20,2026-07,Reddit,Course Quality,China,7,51,5,0,2
2026-07-20,2026-07,Reddit,Course Quality,Vietnam,4,18,2,1,1
2026-07-20,2026-07,Reddit,Course Quality,Malaysia,5,28,3,1,1
2026-07-20,2026-07,Reddit,Career Outcomes,India,17,120,9,4,4
2026-07-20,2026-07,Reddit,Career Outcomes,China,15,101,9,2,4
2026-07-20,2026-07,Reddit,Career Outcomes,Vietnam,10,69,6,1,3
2026-07-20,2026-07,Reddit,Career Outcomes,Malaysia,5,24,3,1,1
2026-07-20,2026-07,Reddit,Part-Time Work Rights,India,24,185,10,3,11
2026-07-20,2026-07,Reddit,Part-Time Work Rights,China,11,75,5,2,4
2026-07-20,2026-07,Reddit,Part-Time Work Rights,Vietnam,8,60,3,2,3
2026-07-20,2026-07,Reddit,Part-Time Work Rights,Malaysia,5,25,2,1,2
2026-07-20,2026-07,Reddit,Campus Life,Vietnam,8,63,3,2,3
2026-07-20,2026-07,Reddit,Campus Life,Malaysia,15,136,7,2,6
2026-07-20,2026-07,Reddit,Application Process,India,20,104,16,1,3
2026-07-20,2026-07,Reddit,Application Process,Malaysia,10,56,7,1,2
2026-07-20,2026-07,Reddit,Support Services,India,6,31,4,1,1
2026-07-20,2026-07,Reddit,Support Services,China,8,66,5,1,2
2026-07-20,2026-07,Reddit,Support Services,Vietnam,12,78,7,2,3
2026-07-20,2026-07,X (Twitter),Visa Processing,India,27,56,13,6,8
2026-07-20,2026-07,X (Twitter),Visa Processing,China,27,67,14,5,8
2026-07-20,2026-07,X (Twitter),Visa Processing,Malaysia,20,55,9,4,7
2026-07-20,2026-07,X (Twitter),Accommodation Cost,India,36,54,19,9,8
2026-07-20,2026-07,X (Twitter),Accommodation Cost,China,18,50,10,2,6
2026-07-20,2026-07,X (Twitter),Accommodation Cost,Vietnam,11,17,6,2,3
2026-07-20,2026-07,X (Twitter),Accommodation Cost,Malaysia,15,42,9,2,4
2026-07-20,2026-07,X (Twitter),Scholarships,India,23,49,19,1,3
2026-07-20,2026-07,X (Twitter),Scholarships,China,14,19,11,1,2
2026-07-20,2026-07,X (Twitter),Scholarships,Malaysia,15,35,12,1,2
2026-07-20,2026-07,X (Twitter),Campus Safety,India,16,46,7,2,7
2026-07-20,2026-07,X (Twitter),Campus Safety,China,13,24,6,2,5
2026-07-20,2026-07,X (Twitter),Campus Safety,Vietnam,4,12,2,0,2
2026-07-20,2026-07,X (Twitter),Campus Safety,Malaysia,13,27,6,2,5
2026-07-20,2026-07,X (Twitter),Course Quality,India,27,77,18,2,7
2026-07-20,2026-07,X (Twitter),Course Quality,China,16,31,10,2,4
2026-07-20,2026-07,X (Twitter),Course Quality,Vietnam,17,32,11,2,4
2026-07-20,2026-07,X (Twitter),Course Quality,Malaysia,9,23,6,1,2
2026-07-20,2026-07,X (Twitter),Career Outcomes,India,26,67,16,4,6
2026-07-20,2026-07,X (Twitter),Career Outcomes,Vietnam,6,13,4,1,1
2026-07-20,2026-07,X (Twitter),Career Outcomes,Malaysia,12,35,7,2,3
2026-07-20,2026-07,X (Twitter),Part-Time Work Rights,India,15,44,6,4,5
2026-07-20,2026-07,X (Twitter),Part-Time Work Rights,China,8,13,4,1,3
2026-07-20,2026-07,X (Twitter),Part-Time Work Rights,Vietnam,8,16,3,1,4
2026-07-20,2026-07,X (Twitter),Part-Time Work Rights,Malaysia,6,13,2,2,2
2026-07-20,2026-07,X (Twitter),Campus Life,India,17,24,7,2,8
2026-07-20,2026-07,X (Twitter),Campus Life,China,14,27,6,4,4
2026-07-20,2026-07,X (Twitter),Campus Life,Vietnam,7,11,3,1,3
2026-07-20,2026-07,X (Twitter),Campus Life,Malaysia,9,24,4,2,3
2026-07-20,2026-07,X (Twitter),Application Process,India,22,31,17,2,3
2026-07-20,2026-07,X (Twitter),Application Process,China,14,23,11,2,1
2026-07-20,2026-07,X (Twitter),Application Process,Vietnam,12,23,9,1,2
2026-07-20,2026-07,X (Twitter),Application Process,Malaysia,8,17,6,0,2
2026-07-20,2026-07,X (Twitter),Support Services,India,10,24,6,2,2
2026-07-20,2026-07,X (Twitter),Support Services,China,9,19,5,2,2
2026-07-20,2026-07,X (Twitter),Support Services,Vietnam,4,9,3,0,1
2026-07-20,2026-07,X (Twitter),Support Services,Malaysia,3,8,2,0,1
2026-07-20,2026-07,News,Visa Processing,India,16,10,7,3,6
2026-07-20,2026-07,News,Visa Processing,Malaysia,5,5,2,1,2
2026-07-20,2026-07,News,Accommodation Cost,India,8,6,5,0,3
2026-07-20,2026-07,News,Accommodation Cost,China,9,9,5,2,2
2026-07-20,2026-07,News,Accommodation Cost,Vietnam,1,1,1,0,0
2026-07-20,2026-07,News,Scholarships,China,7,8,6,0,1
2026-07-20,2026-07,News,Scholarships,Vietnam,6,4,5,0,1
2026-07-20,2026-07,News,Scholarships,Malaysia,2,1,2,0,0
2026-07-20,2026-07,News,Campus Safety,India,2,1,1,0,1
2026-07-20,2026-07,News,Campus Safety,China,3,2,1,1,1
2026-07-20,2026-07,News,Campus Safety,Vietnam,4,4,2,1,1
2026-07-20,2026-07,News,Campus Safety,Malaysia,3,2,1,1,1
2026-07-20,2026-07,News,Course Quality,India,8,6,5,1,2
2026-07-20,2026-07,News,Course Quality,China,3,3,2,0,1
2026-07-20,2026-07,News,Course Quality,Vietnam,5,6,3,0,2
2026-07-20,2026-07,News,Career Outcomes,India,6,5,4,0,2
2026-07-20,2026-07,News,Career Outcomes,China,3,2,2,0,1
2026-07-20,2026-07,News,Career Outcomes,Vietnam,2,2,1,1,0
2026-07-20,2026-07,News,Career Outcomes,Malaysia,1,1,1,0,0
2026-07-20,2026-07,News,Part-Time Work Rights,India,8,7,3,1,4
2026-07-20,2026-07,News,Part-Time Work Rights,China,4,3,2,0,2
2026-07-20,2026-07,News,Part-Time Work Rights,Vietnam,3,3,1,1,1
2026-07-20,2026-07,News,Part-Time Work Rights,Malaysia,2,2,1,0,1
2026-07-20,2026-07,News,Campus Life,India,9,8,4,1,4
2026-07-20,2026-07,News,Campus Life,China,2,2,1,0,1
2026-07-20,2026-07,News,Campus Life,Vietnam,5,3,2,2,1
2026-07-20,2026-07,News,Application Process,India,4,3,3,0,1
2026-07-20,2026-07,News,Application Process,China,1,1,1,0,0
2026-07-20,2026-07,News,Application Process,Malaysia,2,1,2,0,0
2026-07-20,2026-07,News,Support Services,Vietnam,1,1,1,0,0
2026-07-20,2026-07,News,Support Services,Malaysia,3,2,2,0,1
2026-07-20,2026-07,Forums,Visa Processing,India,16,60,8,2,6
2026-07-20,2026-07,Forums,Visa Processing,China,20,56,10,3,7
2026-07-20,2026-07,Forums,Visa Processing,Vietnam,3,10,2,0,1
2026-07-20,2026-07,Forums,Visa Processing,Malaysia,9,33,5,2,2
2026-07-20,2026-07,Forums,Accommodation Cost,India,17,93,9,2,6
2026-07-20,2026-07,Forums,Accommodation Cost,China,13,52,7,2,4
2026-07-20,2026-07,Forums,Accommodation Cost,Vietnam,9,29,5,1,3
2026-07-20,2026-07,Forums,Scholarships,China,8,24,6,1,1
2026-07-20,2026-07,Forums,Scholarships,Vietnam,9,44,7,1,1
2026-07-20,2026-07,Forums,Scholarships,Malaysia,6,16,5,0,1
2026-07-20,2026-07,Forums,Campus Safety,India,6,22,3,1,2
2026-07-20,2026-07,Forums,Campus Safety,China,5,25,2,1,2
2026-07-20,2026-07,Forums,Campus Safety,Vietnam,3,14,2,0,1
2026-07-20,2026-07,Forums,Course Quality,India,10,30,7,0,3
2026-07-20,2026-07,Forums,Course Quality,China,14,51,8,3,3
2026-07-20,2026-07,Forums,Course Quality,Malaysia,5,26,3,1,1
2026-07-20,2026-07,Forums,Career Outcomes,India,10,39,6,1,3
2026-07-20,2026-07,Forums,Career Outcomes,China,8,28,5,1,2
2026-07-20,2026-07,Forums,Career Outcomes,Malaysia,1,6,1,0,0
2026-07-20,2026-07,Forums,Part-Time Work Rights,India,7,32,3,1,3
2026-07-20,2026-07,Forums,Part-Time Work Rights,China,5,26,2,1,2
2026-07-20,2026-07,Forums,Part-Time Work Rights,Vietnam,4,22,2,0,2
2026-07-20,2026-07,Forums,Campus Life,India,8,32,4,1,3
2026-07-20,2026-07,Forums,Campus Life,China,5,24,2,1,2
2026-07-20,2026-07,Forums,Campus Life,Malaysia,3,12,1,1,1
2026-07-20,2026-07,Forums,Application Process,India,5,26,4,0,1
2026-07-20,2026-07,Forums,Application Process,China,6,18,5,0,1
2026-07-20,2026-07,Forums,Application Process,Vietnam,5,27,4,0,1
2026-07-20,2026-07,Forums,Application Process,Malaysia,3,11,2,1,0
2026-07-20,2026-07,Forums,Support Services,China,2,7,1,1,0
2026-07-20,2026-07,Forums,Support Services,Vietnam,3,9,2,0,1
2026-07-20,2026-07,Forums,Support Services,Malaysia,2,6,1,0,1
2026-07-27,2026-07,TikTok,Visa Processing,India,9,34,3,2,4
2026-07-27,2026-07,TikTok,Visa Processing,China,39,157,15,10,14
2026-07-27,2026-07,TikTok,Visa Processing,Vietnam,37,104,14,6,17
2026-07-27,2026-07,TikTok,Visa Processing,Malaysia,20,54,7,4,9
2026-07-27,2026-07,TikTok,Accommodation Cost,India,39,152,17,5,17
2026-07-27,2026-07,TikTok,Accommodation Cost,China,16,43,6,4,6
2026-07-27,2026-07,TikTok,Accommodation Cost,Vietnam,22,95,8,3,11
2026-07-27,2026-07,TikTok,Accommodation Cost,Malaysia,4,14,2,1,1
2026-07-27,2026-07,TikTok,Scholarships,India,26,101,18,2,6
2026-07-27,2026-07,TikTok,Scholarships,China,14,60,10,2,2
2026-07-27,2026-07,TikTok,Scholarships,Vietnam,17,42,12,2,3
2026-07-27,2026-07,TikTok,Scholarships,Malaysia,14,50,11,0,3
2026-07-27,2026-07,TikTok,Campus Safety,India,24,67,13,3,8
2026-07-27,2026-07,TikTok,Campus Safety,China,15,43,8,2,5
2026-07-27,2026-07,TikTok,Campus Safety,Vietnam,11,30,6,2,3
2026-07-27,2026-07,TikTok,Campus Safety,Malaysia,13,35,7,2,4
2026-07-27,2026-07,TikTok,Course Quality,India,21,58,15,2,4
2026-07-27,2026-07,TikTok,Course Quality,China,17,61,12,3,2
2026-07-27,2026-07,TikTok,Course Quality,Malaysia,11,45,8,1,2
2026-07-27,2026-07,TikTok,Career Outcomes,India,35,123,24,3,8
2026-07-27,2026-07,TikTok,Career Outcomes,China,15,45,10,1,4
2026-07-27,2026-07,TikTok,Career Outcomes,Vietnam,6,25,4,1,1
2026-07-27,2026-07,TikTok,Career Outcomes,Malaysia,7,27,5,1,1
2026-07-27,2026-07,TikTok,Part-Time Work Rights,India,11,38,6,1,4
2026-07-27,2026-07,TikTok,Part-Time Work Rights,Vietnam,14,58,8,3,3
2026-07-27,2026-07,TikTok,Part-Time Work Rights,Malaysia,6,15,3,1,2
2026-07-27,2026-07,TikTok,Campus Life,India,34,75,20,5,9
2026-07-27,2026-07,TikTok,Campus Life,Vietnam,21,75,13,3,5
2026-07-27,2026-07,TikTok,Application Process,India,39,137,30,3,6
2026-07-27,2026-07,TikTok,Application Process,Vietnam,26,83,20,1,5
2026-07-27,2026-07,TikTok,Application Process,Malaysia,5,11,4,0,1
2026-07-27,2026-07,TikTok,Support Services,India,19,79,13,2,4
2026-07-27,2026-07,TikTok,Support Services,China,15,51,10,2,3
2026-07-27,2026-07,TikTok,Support Services,Vietnam,15,60,9,2,4
2026-07-27,2026-07,TikTok,Support Services,Malaysia,9,40,6,1,2
2026-07-27,2026-07,Reddit,Visa Processing,India,44,377,14,12,18
2026-07-27,2026-07,Reddit,Visa Processing,China,19,103,7,4,8
2026-07-27,2026-07,Reddit,Visa Processing,Vietnam,28,203,10,6,12
2026-07-27,2026-07,Reddit,Visa Processing,Malaysia,8,70,3,1,4
2026-07-27,2026-07,Reddit,Accommodation Cost,India,33,190,15,6,12
2026-07-27,2026-07,Reddit,Accommodation Cost,China,14,71,6,2,6
2026-07-27,2026-07,Reddit,Accommodation Cost,Vietnam,24,209,10,6,8
2026-07-27,2026-07,Reddit,Accommodation Cost,Malaysia,12,106,5,3,4
2026-07-27,2026-07,Reddit,Scholarships,India,36,286,28,3,5
2026-07-27,2026-07,Reddit,Scholarships,China,25,168,18,3,4
2026-07-27,2026-07,Reddit,Scholarships,Vietnam,13,59,10,1,2
2026-07-27,2026-07,Reddit,Scholarships,Malaysia,19,132,14,1,4
2026-07-27,2026-07,Reddit,Campus Safety,Malaysia,12,96,7,2,3
2026-07-27,2026-07,Reddit,Course Quality,India,33,178,23,4,6
2026-07-27,2026-07,Reddit,Course Quality,China,24,184,17,2,5
2026-07-27,2026-07,Reddit,Course Quality,Vietnam,18,111,13,2,3
2026-07-27,2026-07,Reddit,Course Quality,Malaysia,13,64,10,1,2
2026-07-27,2026-07,Reddit,Career Outcomes,China,16,77,11,2,3
2026-07-27,2026-07,Reddit,Career Outcomes,Vietnam,4,27,3,0,1
2026-07-27,2026-07,Reddit,Career Outcomes,Malaysia,7,58,5,1,1
2026-07-27,2026-07,Reddit,Part-Time Work Rights,India,16,89,9,1,6
2026-07-27,2026-07,Reddit,Part-Time Work Rights,China,14,117,7,2,5
2026-07-27,2026-07,Reddit,Part-Time Work Rights,Vietnam,9,62,5,2,2
2026-07-27,2026-07,Reddit,Part-Time Work Rights,Malaysia,5,33,3,1,1
2026-07-27,2026-07,Reddit,Campus Life,India,33,204,19,4,10
2026-07-27,2026-07,Reddit,Campus Life,China,18,118,11,2,5
2026-07-27,2026-07,Reddit,Campus Life,Malaysia,11,58,6,2,3
2026-07-27,2026-07,Reddit,Application Process,India,30,134,23,2,5
2026-07-27,2026-07,Reddit,Application Process,China,8,44,6,1,1
2026-07-27,2026-07,Reddit,Application Process,Vietnam,7,36,6,0,1
2026-07-27,2026-07,Reddit,Application Process,Malaysia,9,79,7,1,1
2026-07-27,2026-07,Reddit,Support Services,India,16,97,11,1,4
2026-07-27,2026-07,Reddit,Support Services,China,14,75,9,1,4
2026-07-27,2026-07,Reddit,Support Services,Vietnam,10,45,7,1,2
2026-07-27,2026-07,X (Twitter),Visa Processing,India,30,67,11,6,13
2026-07-27,2026-07,X (Twitter),Visa Processing,China,24,41,8,5,11
2026-07-27,2026-07,X (Twitter),Visa Processing,Vietnam,30,54,9,6,15
2026-07-27,2026-07,X (Twitter),Visa Processing,Malaysia,19,36,7,4,8
2026-07-27,2026-07,X (Twitter),Accommodation Cost,China,22,56,10,3,9
2026-07-27,2026-07,X (Twitter),Accommodation Cost,Malaysia,13,27,5,3,5
2026-07-27,2026-07,X (Twitter),Scholarships,India,30,65,23,3,4
2026-07-27,2026-07,X (Twitter),Scholarships,China,13,30,9,2,2
2026-07-27,2026-07,X (Twitter),Scholarships,Vietnam,9,24,7,0,2
2026-07-27,2026-07,X (Twitter),Scholarships,Malaysia,7,17,5,1,1
2026-07-27,2026-07,X (Twitter),Campus Safety,India,20,42,10,2,8
2026-07-27,2026-07,X (Twitter),Campus Safety,Vietnam,7,17,4,1,2
2026-07-27,2026-07,X (Twitter),Campus Safety,Malaysia,5,7,3,1,1
2026-07-27,2026-07,X (Twitter),Course Quality,China,15,26,11,2,2
2026-07-27,2026-07,X (Twitter),Course Quality,Vietnam,9,25,6,1,2
2026-07-27,2026-07,X (Twitter),Course Quality,Malaysia,15,41,11,2,2
2026-07-27,2026-07,X (Twitter),Career Outcomes,India,23,65,15,3,5
2026-07-27,2026-07,X (Twitter),Career Outcomes,Vietnam,9,13,6,1,2
2026-07-27,2026-07,X (Twitter),Career Outcomes,Malaysia,15,29,11,2,2
2026-07-27,2026-07,X (Twitter),Part-Time Work Rights,India,10,19,5,2,3
2026-07-27,2026-07,X (Twitter),Part-Time Work Rights,China,5,10,3,1,1
2026-07-27,2026-07,X (Twitter),Part-Time Work Rights,Vietnam,6,15,3,1,2
2026-07-27,2026-07,X (Twitter),Part-Time Work Rights,Malaysia,5,12,3,0,2
2026-07-27,2026-07,X (Twitter),Campus Life,India,10,17,6,2,2
2026-07-27,2026-07,X (Twitter),Campus Life,China,21,37,13,2,6
2026-07-27,2026-07,X (Twitter),Campus Life,Vietnam,8,13,5,1,2
2026-07-27,2026-07,X (Twitter),Campus Life,Malaysia,3,4,2,0,1
2026-07-27,2026-07,X (Twitter),Application Process,China,16,25,12,2,2
2026-07-27,2026-07,X (Twitter),Application Process,Malaysia,8,20,6,1,1
2026-07-27,2026-07,X (Twitter),Support Services,India,14,20,10,1,3
2026-07-27,2026-07,X (Twitter),Support Services,China,7,15,5,1,1
2026-07-27,2026-07,X (Twitter),Support Services,Malaysia,4,6,3,0,1
2026-07-27,2026-07,News,Visa Processing,India,10,9,3,2,5
2026-07-27,2026-07,News,Visa Processing,China,6,6,2,2,2
2026-07-27,2026-07,News,Visa Processing,Malaysia,6,3,2,2,2
2026-07-27,2026-07,News,Accommodation Cost,India,11,10,5,1,5
2026-07-27,2026-07,News,Accommodation Cost,China,4,3,2,1,1
2026-07-27,2026-07,News,Accommodation Cost,Vietnam,6,3,2,2,2
2026-07-27,2026-07,News,Accommodation Cost,Malaysia,3,3,1,1,1
2026-07-27,2026-07,News,Scholarships,India,11,9,8,1,2
2026-07-27,2026-07,News,Scholarships,China,4,2,3,0,1
2026-07-27,2026-07,News,Scholarships,Vietnam,4,2,3,0,1
2026-07-27,2026-07,News,Scholarships,Malaysia,5,5,3,1,1
2026-07-27,2026-07,News,Campus Safety,India,1,1,1,0,0
2026-07-27,2026-07,News,Campus Safety,China,6,3,3,1,2
2026-07-27,2026-07,News,Campus Safety,Vietnam,4,2,2,1,1
2026-07-27,2026-07,News,Campus Safety,Malaysia,4,4,2,0,2
2026-07-27,2026-07,News,Course Quality,China,6,5,4,1,1
2026-07-27,2026-07,News,Course Quality,Vietnam,6,5,4,1,1
2026-07-27,2026-07,News,Career Outcomes,India,9,7,6,1,2
2026-07-27,2026-07,News,Career Outcomes,China,3,2,2,0,1
2026-07-27,2026-07,News,Career Outcomes,Vietnam,3,2,2,1,0
2026-07-27,2026-07,News,Career Outcomes,Malaysia,1,1,1,0,0
2026-07-27,2026-07,News,Part-Time Work Rights,India,3,3,2,0,1
2026-07-27,2026-07,News,Part-Time Work Rights,China,3,3,2,0,1
2026-07-27,2026-07,News,Part-Time Work Rights,Vietnam,2,1,1,1,0
2026-07-27,2026-07,News,Campus Life,China,1,1,1,0,0
2026-07-27,2026-07,News,Campus Life,Vietnam,2,2,1,0,1
2026-07-27,2026-07,News,Campus Life,Malaysia,3,3,2,0,1
2026-07-27,2026-07,News,Application Process,India,7,5,5,1,1
2026-07-27,2026-07,News,Application Process,China,5,3,4,0,1
2026-07-27,2026-07,News,Application Process,Vietnam,2,1,2,0,0
2026-07-27,2026-07,News,Application Process,Malaysia,2,1,2,0,0
2026-07-27,2026-07,News,Support Services,India,7,6,5,1,1
2026-07-27,2026-07,News,Support Services,China,2,2,1,1,0
2026-07-27,2026-07,News,Support Services,Vietnam,1,1,1,0,0
2026-07-27,2026-07,News,Support Services,Malaysia,2,1,1,1,0
2026-07-27,2026-07,Forums,Visa Processing,India,11,45,3,2,6
2026-07-27,2026-07,Forums,Visa Processing,China,7,19,2,2,3
2026-07-27,2026-07,Forums,Visa Processing,Vietnam,14,75,5,3,6
2026-07-27,2026-07,Forums,Visa Processing,Malaysia,5,24,2,1,2
2026-07-27,2026-07,Forums,Accommodation Cost,India,20,59,9,3,8
2026-07-27,2026-07,Forums,Accommodation Cost,China,9,24,4,1,4
2026-07-27,2026-07,Forums,Accommodation Cost,Vietnam,5,24,2,1,2
2026-07-27,2026-07,Forums,Accommodation Cost,Malaysia,9,23,4,2,3
2026-07-27,2026-07,Forums,Scholarships,China,13,36,10,0,3
2026-07-27,2026-07,Forums,Scholarships,Vietnam,5,17,3,1,1
2026-07-27,2026-07,Forums,Scholarships,Malaysia,6,17,4,1,1
2026-07-27,2026-07,Forums,Campus Safety,India,12,49,6,2,4
2026-07-27,2026-07,Forums,Campus Safety,China,8,38,4,2,2
2026-07-27,2026-07,Forums,Campus Safety,Vietnam,4,19,2,1,1
2026-07-27,2026-07,Forums,Campus Safety,Malaysia,5,21,3,0,2
2026-07-27,2026-07,Forums,Course Quality,India,8,31,6,1,1
2026-07-27,2026-07,Forums,Course Quality,China,2,10,1,1,0
2026-07-27,2026-07,Forums,Course Quality,Vietnam,4,15,3,0,1
2026-07-27,2026-07,Forums,Career Outcomes,India,11,61,8,1,2
2026-07-27,2026-07,Forums,Career Outcomes,China,5,20,3,1,1
2026-07-27,2026-07,Forums,Career Outcomes,Vietnam,4,18,3,0,1
2026-07-27,2026-07,Forums,Career Outcomes,Malaysia,3,14,2,0,1
2026-07-27,2026-07,Forums,Part-Time Work Rights,India,7,27,4,1,2
2026-07-27,2026-07,Forums,Part-Time Work Rights,China,7,37,4,1,2
2026-07-27,2026-07,Forums,Part-Time Work Rights,Vietnam,1,3,1,0,0
2026-07-27,2026-07,Forums,Campus Life,India,8,28,5,1,2
2026-07-27,2026-07,Forums,Campus Life,China,8,26,5,1,2
2026-07-27,2026-07,Forums,Campus Life,Vietnam,3,15,2,0,1
2026-07-27,2026-07,Forums,Campus Life,Malaysia,6,28,3,2,1
2026-07-27,2026-07,Forums,Application Process,India,16,81,12,2,2
2026-07-27,2026-07,Forums,Application Process,Vietnam,8,39,6,1,1
2026-07-27,2026-07,Forums,Application Process,Malaysia,5,27,4,0,1
2026-07-27,2026-07,Forums,Support Services,India,9,30,6,1,2
2026-07-27,2026-07,Forums,Support Services,China,6,16,4,1,1
2026-07-27,2026-07,Forums,Support Services,Vietnam,3,17,2,0,1
2026-07-27,2026-07,Forums,Support Services,Malaysia,2,10,1,1,0
2026-08-03,2026-08,TikTok,Visa Processing,India,24,78,6,5,13
2026-08-03,2026-08,TikTok,Visa Processing,China,24,67,5,4,15
2026-08-03,2026-08,TikTok,Visa Processing,Vietnam,18,65,3,7,8
2026-08-03,2026-08,TikTok,Visa Processing,Malaysia,14,45,2,5,7
2026-08-03,2026-08,TikTok,Accommodation Cost,China,25,88,11,5,9
2026-08-03,2026-08,TikTok,Accommodation Cost,Vietnam,25,79,10,5,10
2026-08-03,2026-08,TikTok,Accommodation Cost,Malaysia,26,88,12,5,9
2026-08-03,2026-08,TikTok,Scholarships,India,30,119,17,6,7
2026-08-03,2026-08,TikTok,Scholarships,China,16,37,10,3,3
2026-08-03,2026-08,TikTok,Scholarships,Vietnam,6,13,3,2,1
2026-08-03,2026-08,TikTok,Scholarships,Malaysia,9,35,5,2,2
2026-08-03,2026-08,TikTok,Campus Safety,India,15,67,7,2,6
2026-08-03,2026-08,TikTok,Campus Safety,China,17,65,8,4,5
2026-08-03,2026-08,TikTok,Campus Safety,Malaysia,15,48,6,2,7
2026-08-03,2026-08,TikTok,Course Quality,China,12,34,10,0,2
2026-08-03,2026-08,TikTok,Course Quality,Vietnam,19,70,17,1,1
2026-08-03,2026-08,TikTok,Course Quality,Malaysia,13,57,11,0,2
2026-08-03,2026-08,TikTok,Career Outcomes,India,16,36,8,2,6
2026-08-03,2026-08,TikTok,Career Outcomes,China,8,32,4,2,2
2026-08-03,2026-08,TikTok,Career Outcomes,Vietnam,12,31,6,3,3
2026-08-03,2026-08,TikTok,Part-Time Work Rights,India,27,105,18,2,7
2026-08-03,2026-08,TikTok,Part-Time Work Rights,China,16,45,10,2,4
2026-08-03,2026-08,TikTok,Part-Time Work Rights,Vietnam,5,12,3,0,2
2026-08-03,2026-08,TikTok,Part-Time Work Rights,Malaysia,12,52,8,2,2
2026-08-03,2026-08,TikTok,Campus Life,India,24,70,17,3,4
2026-08-03,2026-08,TikTok,Campus Life,China,7,31,5,1,1
2026-08-03,2026-08,TikTok,Campus Life,Vietnam,10,30,7,1,2
2026-08-03,2026-08,TikTok,Campus Life,Malaysia,2,4,1,1,0
2026-08-03,2026-08,TikTok,Application Process,India,31,102,29,1,1
2026-08-03,2026-08,TikTok,Application Process,China,20,58,19,0,1
2026-08-03,2026-08,TikTok,Application Process,Vietnam,16,54,15,0,1
2026-08-03,2026-08,TikTok,Application Process,Malaysia,13,58,12,0,1
2026-08-03,2026-08,TikTok,Support Services,India,26,73,17,3,6
2026-08-03,2026-08,TikTok,Support Services,China,3,10,2,0,1
2026-08-03,2026-08,TikTok,Support Services,Malaysia,8,34,5,1,2
2026-08-03,2026-08,Reddit,Visa Processing,Vietnam,18,162,4,7,7
2026-08-03,2026-08,Reddit,Visa Processing,Malaysia,19,82,3,5,11
2026-08-03,2026-08,Reddit,Accommodation Cost,India,15,72,7,3,5
2026-08-03,2026-08,Reddit,Accommodation Cost,China,9,49,4,2,3
2026-08-03,2026-08,Reddit,Accommodation Cost,Vietnam,12,105,5,3,4
2026-08-03,2026-08,Reddit,Accommodation Cost,Malaysia,5,27,2,1,2
2026-08-03,2026-08,Reddit,Scholarships,India,23,152,13,4,6
2026-08-03,2026-08,Reddit,Scholarships,China,7,39,4,1,2
2026-08-03,2026-08,Reddit,Scholarships,Vietnam,13,110,8,2,3
2026-08-03,2026-08,Reddit,Scholarships,Malaysia,8,62,5,1,2
2026-08-03,2026-08,Reddit,Campus Safety,India,17,150,8,3,6
2026-08-03,2026-08,Reddit,Campus Safety,China,23,109,10,5,8
2026-08-03,2026-08,Reddit,Campus Safety,Vietnam,11,76,5,3,3
2026-08-03,2026-08,Reddit,Course Quality,China,23,155,19,1,3
2026-08-03,2026-08,Reddit,Course Quality,Vietnam,6,42,5,0,1
2026-08-03,2026-08,Reddit,Course Quality,Malaysia,6,33,5,1,0
2026-08-03,2026-08,Reddit,Career Outcomes,India,28,179,15,4,9
2026-08-03,2026-08,Reddit,Career Outcomes,China,8,61,4,2,2
2026-08-03,2026-08,Reddit,Career Outcomes,Vietnam,6,50,3,1,2
2026-08-03,2026-08,Reddit,Career Outcomes,Malaysia,9,46,4,2,3
2026-08-03,2026-08,Reddit,Part-Time Work Rights,India,25,215,15,3,7
2026-08-03,2026-08,Reddit,Part-Time Work Rights,China,9,72,6,1,2
2026-08-03,2026-08,Reddit,Part-Time Work Rights,Vietnam,1,4,1,0,0
2026-08-03,2026-08,Reddit,Campus Life,India,6,52,4,0,2
2026-08-03,2026-08,Reddit,Campus Life,China,10,64,7,1,2
2026-08-03,2026-08,Reddit,Campus Life,Vietnam,11,83,7,2,2
2026-08-03,2026-08,Reddit,Campus Life,Malaysia,13,89,9,1,3
2026-08-03,2026-08,Reddit,Application Process,India,33,229,30,1,2
2026-08-03,2026-08,Reddit,Application Process,China,19,118,18,0,1
2026-08-03,2026-08,Reddit,Application Process,Vietnam,11,55,10,1,0
2026-08-03,2026-08,Reddit,Application Process,Malaysia,11,80,10,0,1
2026-08-03,2026-08,Reddit,Support Services,India,7,61,5,0,2
2026-08-03,2026-08,Reddit,Support Services,China,12,85,8,2,2
2026-08-03,2026-08,Reddit,Support Services,Malaysia,7,52,4,1,2
2026-08-03,2026-08,X (Twitter),Visa Processing,India,33,96,7,12,14
2026-08-03,2026-08,X (Twitter),Visa Processing,China,32,49,6,7,19
2026-08-03,2026-08,X (Twitter),Visa Processing,Vietnam,16,28,3,5,8
2026-08-03,2026-08,X (Twitter),Visa Processing,Malaysia,13,35,3,4,6
2026-08-03,2026-08,X (Twitter),Accommodation Cost,India,19,49,8,4,7
2026-08-03,2026-08,X (Twitter),Accommodation Cost,Vietnam,10,24,5,2,3
2026-08-03,2026-08,X (Twitter),Accommodation Cost,Malaysia,4,7,2,1,1
2026-08-03,2026-08,X (Twitter),Scholarships,India,38,99,24,4,10
2026-08-03,2026-08,X (Twitter),Scholarships,China,7,13,4,2,1
2026-08-03,2026-08,X (Twitter),Scholarships,Vietnam,13,21,8,2,3
2026-08-03,2026-08,X (Twitter),Scholarships,Malaysia,8,13,5,1,2
2026-08-03,2026-08,X (Twitter),Campus Safety,India,20,57,10,3,7
2026-08-03,2026-08,X (Twitter),Campus Safety,China,24,51,10,4,10
2026-08-03,2026-08,X (Twitter),Campus Safety,Vietnam,12,32,6,2,4
2026-08-03,2026-08,X (Twitter),Course Quality,India,25,64,20,2,3
2026-08-03,2026-08,X (Twitter),Course Quality,China,22,41,17,2,3
2026-08-03,2026-08,X (Twitter),Course Quality,Vietnam,10,25,9,0,1
2026-08-03,2026-08,X (Twitter),Course Quality,Malaysia,11,26,9,1,1
2026-08-03,2026-08,X (Twitter),Career Outcomes,India,12,27,6,3,3
2026-08-03,2026-08,X (Twitter),Career Outcomes,China,8,19,4,1,3
2026-08-03,2026-08,X (Twitter),Career Outcomes,Vietnam,12,25,6,2,4
2026-08-03,2026-08,X (Twitter),Career Outcomes,Malaysia,8,22,4,2,2
2026-08-03,2026-08,X (Twitter),Part-Time Work Rights,India,9,19,6,1,2
2026-08-03,2026-08,X (Twitter),Part-Time Work Rights,Malaysia,3,4,2,0,1
2026-08-03,2026-08,X (Twitter),Campus Life,India,15,21,10,2,3
2026-08-03,2026-08,X (Twitter),Campus Life,China,13,24,9,2,2
2026-08-03,2026-08,X (Twitter),Campus Life,Malaysia,6,9,4,1,1
2026-08-03,2026-08,X (Twitter),Application Process,India,22,47,21,0,1
2026-08-03,2026-08,X (Twitter),Application Process,China,14,34,13,1,0
2026-08-03,2026-08,X (Twitter),Application Process,Vietnam,13,34,12,0,1
2026-08-03,2026-08,X (Twitter),Application Process,Malaysia,10,19,10,0,0
2026-08-03,2026-08,X (Twitter),Support Services,India,13,22,8,1,4
2026-08-03,2026-08,X (Twitter),Support Services,China,7,13,5,0,2
2026-08-03,2026-08,X (Twitter),Support Services,Vietnam,6,9,4,1,1
2026-08-03,2026-08,X (Twitter),Support Services,Malaysia,8,22,5,1,2
2026-08-03,2026-08,News,Visa Processing,India,6,7,1,2,3
2026-08-03,2026-08,News,Visa Processing,China,10,11,2,1,7
2026-08-03,2026-08,News,Visa Processing,Vietnam,9,9,2,3,4
2026-08-03,2026-08,News,Visa Processing,Malaysia,2,2,0,1,1
2026-08-03,2026-08,News,Accommodation Cost,India,7,4,3,2,2
2026-08-03,2026-08,News,Accommodation Cost,China,6,3,3,1,2
2026-08-03,2026-08,News,Accommodation Cost,Vietnam,4,4,2,1,1
2026-08-03,2026-08,News,Accommodation Cost,Malaysia,2,2,1,0,1
2026-08-03,2026-08,News,Scholarships,India,13,13,8,2,3
2026-08-03,2026-08,News,Scholarships,China,10,8,6,2,2
2026-08-03,2026-08,News,Scholarships,Vietnam,3,3,2,0,1
2026-08-03,2026-08,News,Scholarships,Malaysia,4,3,2,1,1
2026-08-03,2026-08,News,Campus Safety,India,1,1,0,1,0
2026-08-03,2026-08,News,Campus Safety,China,5,5,2,1,2
2026-08-03,2026-08,News,Campus Safety,Vietnam,2,2,1,0,1
2026-08-03,2026-08,News,Course Quality,India,9,10,7,1,1
2026-08-03,2026-08,News,Course Quality,China,1,1,1,0,0
2026-08-03,2026-08,News,Course Quality,Vietnam,4,4,3,1,0
2026-08-03,2026-08,News,Course Quality,Malaysia,3,2,3,0,0
2026-08-03,2026-08,News,Career Outcomes,India,9,7,4,3,2
2026-08-03,2026-08,News,Career Outcomes,China,3,3,2,0,1
2026-08-03,2026-08,News,Career Outcomes,Vietnam,2,1,1,0,1
2026-08-03,2026-08,News,Career Outcomes,Malaysia,5,5,2,1,2
2026-08-03,2026-08,News,Part-Time Work Rights,India,10,9,6,2,2
2026-08-03,2026-08,News,Part-Time Work Rights,Vietnam,3,3,2,0,1
2026-08-03,2026-08,News,Part-Time Work Rights,Malaysia,3,2,2,0,1
2026-08-03,2026-08,News,Campus Life,India,6,6,4,1,1
2026-08-03,2026-08,News,Campus Life,China,5,5,4,0,1
2026-08-03,2026-08,News,Campus Life,Vietnam,3,3,2,0,1
2026-08-03,2026-08,News,Campus Life,Malaysia,1,1,1,0,0
2026-08-03,2026-08,News,Application Process,India,7,6,7,0,0
2026-08-03,2026-08,News,Application Process,Vietnam,4,4,4,0,0
2026-08-03,2026-08,News,Support Services,India,3,2,2,0,1
2026-08-03,2026-08,News,Support Services,China,2,2,1,1,0
2026-08-03,2026-08,News,Support Services,Vietnam,4,3,3,0,1
2026-08-03,2026-08,News,Support Services,Malaysia,1,1,1,0,0
2026-08-03,2026-08,Forums,Visa Processing,India,15,78,3,3,9
2026-08-03,2026-08,Forums,Visa Processing,China,12,66,2,3,7
2026-08-03,2026-08,Forums,Visa Processing,Vietnam,8,21,1,3,4
2026-08-03,2026-08,Forums,Visa Processing,Malaysia,11,47,2,3,6
2026-08-03,2026-08,Forums,Accommodation Cost,India,16,69,7,2,7
2026-08-03,2026-08,Forums,Accommodation Cost,China,18,54,8,2,8
2026-08-03,2026-08,Forums,Accommodation Cost,Vietnam,7,36,3,2,2
2026-08-03,2026-08,Forums,Accommodation Cost,Malaysia,5,15,2,1,2
2026-08-03,2026-08,Forums,Scholarships,India,15,61,9,3,3
2026-08-03,2026-08,Forums,Scholarships,China,4,14,2,1,1
2026-08-03,2026-08,Forums,Scholarships,Vietnam,4,21,2,1,1
2026-08-03,2026-08,Forums,Scholarships,Malaysia,5,19,3,1,1
2026-08-03,2026-08,Forums,Campus Safety,India,4,11,2,0,2
2026-08-03,2026-08,Forums,Campus Safety,China,11,34,5,2,4
2026-08-03,2026-08,Forums,Campus Safety,Vietnam,6,19,3,1,2
2026-08-03,2026-08,Forums,Course Quality,India,14,55,11,2,1
2026-08-03,2026-08,Forums,Course Quality,China,8,35,6,1,1
2026-08-03,2026-08,Forums,Course Quality,Vietnam,10,26,9,0,1
2026-08-03,2026-08,Forums,Course Quality,Malaysia,7,38,6,0,1
2026-08-03,2026-08,Forums,Career Outcomes,India,7,26,3,2,2
2026-08-03,2026-08,Forums,Career Outcomes,Vietnam,5,20,2,1,2
2026-08-03,2026-08,Forums,Career Outcomes,Malaysia,5,14,3,1,1
2026-08-03,2026-08,Forums,Part-Time Work Rights,India,3,10,2,0,1
2026-08-03,2026-08,Forums,Part-Time Work Rights,China,6,25,4,0,2
2026-08-03,2026-08,Forums,Part-Time Work Rights,Vietnam,4,12,3,0,1
2026-08-03,2026-08,Forums,Part-Time Work Rights,Malaysia,4,18,2,1,1
2026-08-03,2026-08,Forums,Campus Life,India,5,28,3,1,1
2026-08-03,2026-08,Forums,Campus Life,China,9,38,6,1,2
2026-08-03,2026-08,Forums,Campus Life,Vietnam,5,19,3,1,1
2026-08-03,2026-08,Forums,Campus Life,Malaysia,4,12,3,0,1
2026-08-03,2026-08,Forums,Application Process,India,6,21,5,1,0
2026-08-03,2026-08,Forums,Application Process,China,8,40,8,0,0
2026-08-03,2026-08,Forums,Application Process,Vietnam,8,32,8,0,0
2026-08-03,2026-08,Forums,Application Process,Malaysia,3,10,3,0,0
2026-08-03,2026-08,Forums,Support Services,India,7,36,4,1,2
2026-08-03,2026-08,Forums,Support Services,China,6,24,4,1,1
2026-08-03,2026-08,Forums,Support Services,Vietnam,4,11,3,0,1
2026-08-03,2026-08,Forums,Support Services,Malaysia,3,15,2,0,1
2026-08-10,2026-08,TikTok,Visa Processing,India,163,475,22,63,78
2026-08-10,2026-08,TikTok,Visa Processing,China,63,262,7,23,33
2026-08-10,2026-08,TikTok,Visa Processing,Vietnam,24,79,3,7,14
2026-08-10,2026-08,TikTok,Visa Processing,Malaysia,63,185,10,13,40
2026-08-10,2026-08,TikTok,Accommodation Cost,China,32,95,15,8,9
2026-08-10,2026-08,TikTok,Accommodation Cost,Vietnam,26,77,11,5,10
2026-08-10,2026-08,TikTok,Accommodation Cost,Malaysia,26,91,11,7,8
2026-08-10,2026-08,TikTok,Scholarships,India,11,36,8,1,2
2026-08-10,2026-08,TikTok,Scholarships,China,48,168,32,7,9
2026-08-10,2026-08,TikTok,Scholarships,Vietnam,25,77,17,4,4
2026-08-10,2026-08,TikTok,Scholarships,Malaysia,20,43,14,2,4
2026-08-10,2026-08,TikTok,Campus Safety,India,19,75,6,6,7
2026-08-10,2026-08,TikTok,Campus Safety,China,5,13,2,1,2
2026-08-10,2026-08,TikTok,Campus Safety,Vietnam,13,36,5,4,4
2026-08-10,2026-08,TikTok,Course Quality,India,18,71,13,1,4
2026-08-10,2026-08,TikTok,Course Quality,Vietnam,23,70,17,3,3
2026-08-10,2026-08,TikTok,Course Quality,Malaysia,12,27,8,2,2
2026-08-10,2026-08,TikTok,Career Outcomes,China,29,74,16,3,10
2026-08-10,2026-08,TikTok,Career Outcomes,Vietnam,9,25,5,1,3
2026-08-10,2026-08,TikTok,Career Outcomes,Malaysia,11,48,6,2,3
2026-08-10,2026-08,TikTok,Part-Time Work Rights,India,31,71,20,3,8
2026-08-10,2026-08,TikTok,Part-Time Work Rights,China,14,58,10,1,3
2026-08-10,2026-08,TikTok,Part-Time Work Rights,Malaysia,5,11,3,1,1
2026-08-10,2026-08,TikTok,Campus Life,India,6,23,4,1,1
2026-08-10,2026-08,TikTok,Campus Life,China,25,89,15,4,6
2026-08-10,2026-08,TikTok,Campus Life,Vietnam,3,11,2,0,1
2026-08-10,2026-08,TikTok,Campus Life,Malaysia,16,61,9,2,5
2026-08-10,2026-08,TikTok,Application Process,China,20,51,18,1,1
2026-08-10,2026-08,TikTok,Application Process,Vietnam,7,15,7,0,0
2026-08-10,2026-08,TikTok,Application Process,Malaysia,14,46,13,1,0
2026-08-10,2026-08,TikTok,Support Services,India,17,55,11,1,5
2026-08-10,2026-08,TikTok,Support Services,China,8,21,5,1,2
2026-08-10,2026-08,TikTok,Support Services,Vietnam,16,64,10,3,3
2026-08-10,2026-08,TikTok,Support Services,Malaysia,7,17,4,1,2
2026-08-10,2026-08,Reddit,Visa Processing,India,32,175,11,9,12
2026-08-10,2026-08,Reddit,Visa Processing,China,22,99,8,5,9
2026-08-10,2026-08,Reddit,Visa Processing,Vietnam,31,269,12,8,11
2026-08-10,2026-08,Reddit,Visa Processing,Malaysia,18,137,6,3,9
2026-08-10,2026-08,Reddit,Accommodation Cost,India,31,224,13,6,12
2026-08-10,2026-08,Reddit,Accommodation Cost,China,18,143,8,4,6
2026-08-10,2026-08,Reddit,Accommodation Cost,Vietnam,8,56,4,1,3
2026-08-10,2026-08,Reddit,Accommodation Cost,Malaysia,8,50,3,2,3
2026-08-10,2026-08,Reddit,Scholarships,India,25,200,17,3,5
2026-08-10,2026-08,Reddit,Scholarships,Vietnam,32,278,23,5,4
2026-08-10,2026-08,Reddit,Scholarships,Malaysia,27,206,19,3,5
2026-08-10,2026-08,Reddit,Campus Safety,India,13,79,5,4,4
2026-08-10,2026-08,Reddit,Campus Safety,China,11,87,4,2,5
2026-08-10,2026-08,Reddit,Campus Safety,Vietnam,9,40,3,2,4
2026-08-10,2026-08,Reddit,Campus Safety,Malaysia,7,31,2,2,3
2026-08-10,2026-08,Reddit,Course Quality,India,3,22,2,1,0
2026-08-10,2026-08,Reddit,Course Quality,China,11,91,8,1,2
2026-08-10,2026-08,Reddit,Course Quality,Vietnam,1,9,1,0,0
2026-08-10,2026-08,Reddit,Course Quality,Malaysia,14,115,10,1,3
2026-08-10,2026-08,Reddit,Career Outcomes,India,17,94,9,3,5
2026-08-10,2026-08,Reddit,Career Outcomes,China,19,161,10,2,7
2026-08-10,2026-08,Reddit,Career Outcomes,Vietnam,7,41,3,2,2
2026-08-10,2026-08,Reddit,Career Outcomes,Malaysia,12,96,6,2,4
2026-08-10,2026-08,Reddit,Part-Time Work Rights,India,25,192,18,2,5
2026-08-10,2026-08,Reddit,Part-Time Work Rights,China,5,39,4,0,1
2026-08-10,2026-08,Reddit,Part-Time Work Rights,Vietnam,4,23,3,0,1
2026-08-10,2026-08,Reddit,Part-Time Work Rights,Malaysia,3,14,2,0,1
2026-08-10,2026-08,Reddit,Campus Life,Vietnam,12,81,7,2,3
2026-08-10,2026-08,Reddit,Campus Life,Malaysia,7,41,4,2,1
2026-08-10,2026-08,Reddit,Application Process,India,32,164,30,1,1
2026-08-10,2026-08,Reddit,Application Process,Vietnam,14,113,13,1,0
2026-08-10,2026-08,Reddit,Application Process,Malaysia,4,34,4,0,0
2026-08-10,2026-08,Reddit,Support Services,India,18,160,11,2,5
2026-08-10,2026-08,Reddit,Support Services,China,10,59,6,2,2
2026-08-10,2026-08,Reddit,Support Services,Vietnam,9,58,6,1,2
2026-08-10,2026-08,Reddit,Support Services,Malaysia,7,45,5,0,2
2026-08-10,2026-08,X (Twitter),Visa Processing,India,57,83,8,19,30
2026-08-10,2026-08,X (Twitter),Visa Processing,China,31,91,5,9,17
2026-08-10,2026-08,X (Twitter),Visa Processing,Vietnam,20,45,3,8,9
2026-08-10,2026-08,X (Twitter),Visa Processing,Malaysia,33,52,4,8,21
2026-08-10,2026-08,X (Twitter),Accommodation Cost,India,38,93,19,4,15
2026-08-10,2026-08,X (Twitter),Accommodation Cost,China,10,17,4,3,3
2026-08-10,2026-08,X (Twitter),Accommodation Cost,Vietnam,24,61,10,5,9
2026-08-10,2026-08,X (Twitter),Accommodation Cost,Malaysia,20,33,9,2,9
2026-08-10,2026-08,X (Twitter),Scholarships,India,32,55,22,4,6
2026-08-10,2026-08,X (Twitter),Scholarships,China,26,36,18,3,5
2026-08-10,2026-08,X (Twitter),Scholarships,Vietnam,16,39,11,2,3
2026-08-10,2026-08,X (Twitter),Scholarships,Malaysia,18,48,12,2,4
2026-08-10,2026-08,X (Twitter),Campus Safety,India,4,8,1,1,2
2026-08-10,2026-08,X (Twitter),Campus Safety,China,13,27,4,4,5
2026-08-10,2026-08,X (Twitter),Campus Safety,Vietnam,14,25,5,3,6
2026-08-10,2026-08,X (Twitter),Campus Safety,Malaysia,4,10,1,1,2
2026-08-10,2026-08,X (Twitter),Course Quality,India,8,17,6,1,1
2026-08-10,2026-08,X (Twitter),Course Quality,China,20,54,14,2,4
2026-08-10,2026-08,X (Twitter),Course Quality,Vietnam,8,13,6,1,1
2026-08-10,2026-08,X (Twitter),Course Quality,Malaysia,14,33,10,1,3
2026-08-10,2026-08,X (Twitter),Career Outcomes,India,24,70,12,4,8
2026-08-10,2026-08,X (Twitter),Career Outcomes,China,8,23,4,2,2
2026-08-10,2026-08,X (Twitter),Career Outcomes,Vietnam,7,13,4,1,2
2026-08-10,2026-08,X (Twitter),Career Outcomes,Malaysia,8,23,4,1,3
2026-08-10,2026-08,X (Twitter),Part-Time Work Rights,India,7,14,5,1,1
2026-08-10,2026-08,X (Twitter),Part-Time Work Rights,Vietnam,10,26,7,1,2
2026-08-10,2026-08,X (Twitter),Part-Time Work Rights,Malaysia,3,7,2,0,1
2026-08-10,2026-08,X (Twitter),Campus Life,India,15,42,8,3,4
2026-08-10,2026-08,X (Twitter),Campus Life,China,21,51,13,3,5
2026-08-10,2026-08,X (Twitter),Campus Life,Vietnam,17,44,10,3,4
2026-08-10,2026-08,X (Twitter),Campus Life,Malaysia,3,6,2,0,1
2026-08-10,2026-08,X (Twitter),Application Process,India,20,37,18,1,1
2026-08-10,2026-08,X (Twitter),Application Process,Vietnam,7,15,6,1,0
2026-08-10,2026-08,X (Twitter),Application Process,Malaysia,11,22,10,1,0
2026-08-10,2026-08,X (Twitter),Support Services,India,15,36,10,2,3
2026-08-10,2026-08,X (Twitter),Support Services,China,7,19,4,1,2
2026-08-10,2026-08,X (Twitter),Support Services,Vietnam,5,14,3,1,1
2026-08-10,2026-08,X (Twitter),Support Services,Malaysia,5,10,3,1,1
2026-08-10,2026-08,News,Visa Processing,India,11,12,4,1,6
2026-08-10,2026-08,News,Visa Processing,China,4,3,1,1,2
2026-08-10,2026-08,News,Visa Processing,Vietnam,9,8,3,2,4
2026-08-10,2026-08,News,Visa Processing,Malaysia,6,6,2,2,2
2026-08-10,2026-08,News,Accommodation Cost,India,19,16,9,4,6
2026-08-10,2026-08,News,Accommodation Cost,Vietnam,4,3,2,1,1
2026-08-10,2026-08,News,Accommodation Cost,Malaysia,3,2,1,1,1
2026-08-10,2026-08,News,Scholarships,India,12,10,8,2,2
2026-08-10,2026-08,News,Scholarships,China,2,2,1,0,1
2026-08-10,2026-08,News,Scholarships,Vietnam,7,7,5,1,1
2026-08-10,2026-08,News,Scholarships,Malaysia,2,2,1,1,0
2026-08-10,2026-08,News,Campus Safety,India,6,6,2,2,2
2026-08-10,2026-08,News,Campus Safety,China,1,1,0,1,0
2026-08-10,2026-08,News,Campus Safety,Vietnam,3,3,1,1,1
2026-08-10,2026-08,News,Campus Safety,Malaysia,4,3,1,1,2
2026-08-10,2026-08,News,Course Quality,India,3,2,2,0,1
2026-08-10,2026-08,News,Course Quality,Vietnam,3,2,2,1,0
2026-08-10,2026-08,News,Career Outcomes,India,5,4,3,1,1
2026-08-10,2026-08,News,Career Outcomes,China,4,2,2,1,1
2026-08-10,2026-08,News,Career Outcomes,Vietnam,2,2,1,0,1
2026-08-10,2026-08,News,Career Outcomes,Malaysia,2,2,1,0,1
2026-08-10,2026-08,News,Part-Time Work Rights,India,6,7,4,1,1
2026-08-10,2026-08,News,Part-Time Work Rights,China,6,4,4,1,1
2026-08-10,2026-08,News,Part-Time Work Rights,Vietnam,4,4,3,0,1
2026-08-10,2026-08,News,Campus Life,India,3,2,2,0,1
2026-08-10,2026-08,News,Campus Life,China,5,3,3,1,1
2026-08-10,2026-08,News,Campus Life,Vietnam,2,1,1,0,1
2026-08-10,2026-08,News,Campus Life,Malaysia,3,2,2,0,1
2026-08-10,2026-08,News,Application Process,China,6,3,6,0,0
2026-08-10,2026-08,News,Application Process,Vietnam,3,2,3,0,0
2026-08-10,2026-08,News,Application Process,Malaysia,4,3,4,0,0
2026-08-10,2026-08,News,Support Services,India,5,5,3,1,1
2026-08-10,2026-08,News,Support Services,China,5,4,3,1,1
2026-08-10,2026-08,News,Support Services,Vietnam,4,4,3,0,1
2026-08-10,2026-08,News,Support Services,Malaysia,1,1,1,0,0
2026-08-10,2026-08,Forums,Visa Processing,India,13,61,5,3,5
2026-08-10,2026-08,Forums,Visa Processing,China,13,46,5,4,4
2026-08-10,2026-08,Forums,Visa Processing,Vietnam,9,24,3,3,3
2026-08-10,2026-08,Forums,Visa Processing,Malaysia,10,42,3,3,4
2026-08-10,2026-08,Forums,Accommodation Cost,India,6,30,3,1,2
2026-08-10,2026-08,Forums,Accommodation Cost,China,9,46,4,2,3
2026-08-10,2026-08,Forums,Accommodation Cost,Vietnam,10,37,5,1,4
2026-08-10,2026-08,Forums,Accommodation Cost,Malaysia,5,13,2,1,2
2026-08-10,2026-08,Forums,Scholarships,India,16,72,11,1,4
2026-08-10,2026-08,Forums,Scholarships,China,10,51,7,1,2
2026-08-10,2026-08,Forums,Scholarships,Vietnam,13,70,9,1,3
2026-08-10,2026-08,Forums,Scholarships,Malaysia,6,27,4,1,1
2026-08-10,2026-08,Forums,Campus Safety,India,5,22,2,1,2
2026-08-10,2026-08,Forums,Campus Safety,China,6,33,2,1,3
2026-08-10,2026-08,Forums,Campus Safety,Vietnam,6,30,2,2,2
2026-08-10,2026-08,Forums,Campus Safety,Malaysia,5,26,2,1,2
2026-08-10,2026-08,Forums,Course Quality,India,7,26,5,1,1
2026-08-10,2026-08,Forums,Course Quality,China,10,50,7,1,2
2026-08-10,2026-08,Forums,Course Quality,Vietnam,5,25,4,0,1
2026-08-10,2026-08,Forums,Course Quality,Malaysia,2,10,1,1,0
2026-08-10,2026-08,Forums,Career Outcomes,India,7,19,3,2,2
2026-08-10,2026-08,Forums,Career Outcomes,China,6,17,3,1,2
2026-08-10,2026-08,Forums,Career Outcomes,Vietnam,6,25,3,1,2
2026-08-10,2026-08,Forums,Career Outcomes,Malaysia,6,26,3,1,2
2026-08-10,2026-08,Forums,Part-Time Work Rights,India,11,48,8,1,2
2026-08-10,2026-08,Forums,Part-Time Work Rights,China,9,46,6,1,2
2026-08-10,2026-08,Forums,Part-Time Work Rights,Vietnam,4,17,3,0,1
2026-08-10,2026-08,Forums,Campus Life,India,4,16,2,1,1
2026-08-10,2026-08,Forums,Campus Life,China,9,27,5,2,2
2026-08-10,2026-08,Forums,Campus Life,Vietnam,4,19,2,1,1
2026-08-10,2026-08,Forums,Application Process,India,7,31,7,0,0
2026-08-10,2026-08,Forums,Application Process,China,7,22,6,1,0
2026-08-10,2026-08,Forums,Application Process,Vietnam,5,15,5,0,0
2026-08-10,2026-08,Forums,Application Process,Malaysia,5,15,5,0,0
2026-08-10,2026-08,Forums,Support Services,China,6,33,4,1,1
2026-08-10,2026-08,Forums,Support Services,Malaysia,2,8,1,0,1
2026-08-17,2026-08,TikTok,Visa Processing,India,94,384,11,28,55
2026-08-17,2026-08,TikTok,Visa Processing,China,67,185,9,16,42
2026-08-17,2026-08,TikTok,Accommodation Cost,India,32,76,12,4,16
2026-08-17,2026-08,TikTok,Accommodation Cost,Vietnam,34,126,12,5,17
2026-08-17,2026-08,TikTok,Accommodation Cost,Malaysia,21,62,8,5,8
2026-08-17,2026-08,TikTok,Scholarships,India,18,53,16,1,1
2026-08-17,2026-08,TikTok,Scholarships,China,24,107,20,2,2
2026-08-17,2026-08,TikTok,Scholarships,Vietnam,9,25,8,0,1
2026-08-17,2026-08,TikTok,Scholarships,Malaysia,13,38,11,1,1
2026-08-17,2026-08,TikTok,Campus Safety,India,15,43,6,5,4
2026-08-17,2026-08,TikTok,Campus Safety,China,16,46,7,3,6
2026-08-17,2026-08,TikTok,Campus Safety,Vietnam,5,15,2,1,2
2026-08-17,2026-08,TikTok,Campus Safety,Malaysia,13,51,6,2,5
2026-08-17,2026-08,TikTok,Course Quality,India,39,122,34,2,3
2026-08-17,2026-08,TikTok,Course Quality,Vietnam,12,29,11,0,1
2026-08-17,2026-08,TikTok,Course Quality,Malaysia,10,31,8,1,1
2026-08-17,2026-08,TikTok,Career Outcomes,India,19,56,11,4,4
2026-08-17,2026-08,TikTok,Career Outcomes,China,22,66,12,2,8
2026-08-17,2026-08,TikTok,Career Outcomes,Vietnam,8,35,5,1,2
2026-08-17,2026-08,TikTok,Career Outcomes,Malaysia,10,34,6,1,3
2026-08-17,2026-08,TikTok,Part-Time Work Rights,China,19,69,11,3,5
2026-08-17,2026-08,TikTok,Part-Time Work Rights,Vietnam,4,13,2,1,1
2026-08-17,2026-08,TikTok,Part-Time Work Rights,Malaysia,8,35,5,1,2
2026-08-17,2026-08,TikTok,Campus Life,India,44,127,28,7,9
2026-08-17,2026-08,TikTok,Campus Life,China,5,20,3,1,1
2026-08-17,2026-08,TikTok,Campus Life,Vietnam,16,67,11,2,3
2026-08-17,2026-08,TikTok,Campus Life,Malaysia,7,23,5,1,1
2026-08-17,2026-08,TikTok,Application Process,India,14,49,12,1,1
2026-08-17,2026-08,TikTok,Application Process,China,15,35,14,0,1
2026-08-17,2026-08,TikTok,Application Process,Vietnam,15,41,14,0,1
2026-08-17,2026-08,TikTok,Application Process,Malaysia,15,51,14,0,1
2026-08-17,2026-08,TikTok,Support Services,India,12,52,9,1,2
2026-08-17,2026-08,TikTok,Support Services,Vietnam,9,24,7,0,2
2026-08-17,2026-08,TikTok,Support Services,Malaysia,4,12,3,0,1
2026-08-17,2026-08,Reddit,Visa Processing,India,28,187,8,6,14
2026-08-17,2026-08,Reddit,Visa Processing,Vietnam,18,106,5,3,10
2026-08-17,2026-08,Reddit,Visa Processing,Malaysia,10,58,3,2,5
2026-08-17,2026-08,Reddit,Accommodation Cost,India,46,336,19,9,18
2026-08-17,2026-08,Reddit,Accommodation Cost,China,21,127,8,6,7
2026-08-17,2026-08,Reddit,Accommodation Cost,Vietnam,13,70,4,3,6
2026-08-17,2026-08,Reddit,Accommodation Cost,Malaysia,9,39,4,2,3
2026-08-17,2026-08,Reddit,Scholarships,India,46,320,39,3,4
2026-08-17,2026-08,Reddit,Scholarships,China,14,78,12,0,2
2026-08-17,2026-08,Reddit,Scholarships,Vietnam,15,92,13,1,1
2026-08-17,2026-08,Reddit,Scholarships,Malaysia,9,40,7,1,1
2026-08-17,2026-08,Reddit,Campus Safety,China,8,52,4,1,3
2026-08-17,2026-08,Reddit,Campus Safety,Malaysia,6,39,3,1,2
2026-08-17,2026-08,Reddit,Course Quality,India,12,95,10,1,1
2026-08-17,2026-08,Reddit,Course Quality,China,21,163,18,2,1
2026-08-17,2026-08,Reddit,Course Quality,Vietnam,8,62,7,0,1
2026-08-17,2026-08,Reddit,Course Quality,Malaysia,5,42,4,0,1
2026-08-17,2026-08,Reddit,Career Outcomes,India,15,73,9,2,4
2026-08-17,2026-08,Reddit,Career Outcomes,China,11,96,6,2,3
2026-08-17,2026-08,Reddit,Career Outcomes,Vietnam,5,37,3,1,1
2026-08-17,2026-08,Reddit,Career Outcomes,Malaysia,13,97,7,3,3
2026-08-17,2026-08,Reddit,Part-Time Work Rights,India,14,108,8,3,3
2026-08-17,2026-08,Reddit,Part-Time Work Rights,China,11,64,6,2,3
2026-08-17,2026-08,Reddit,Part-Time Work Rights,Vietnam,9,54,5,1,3
2026-08-17,2026-08,Reddit,Part-Time Work Rights,Malaysia,6,44,3,1,2
2026-08-17,2026-08,Reddit,Campus Life,India,10,78,7,1,2
2026-08-17,2026-08,Reddit,Campus Life,China,9,54,6,1,2
2026-08-17,2026-08,Reddit,Campus Life,Vietnam,6,49,4,0,2
2026-08-17,2026-08,Reddit,Campus Life,Malaysia,8,40,5,1,2
2026-08-17,2026-08,Reddit,Application Process,India,26,201,25,0,1
2026-08-17,2026-08,Reddit,Application Process,China,11,92,10,1,0
2026-08-17,2026-08,Reddit,Application Process,Vietnam,9,73,9,0,0
2026-08-17,2026-08,Reddit,Application Process,Malaysia,7,48,7,0,0
2026-08-17,2026-08,Reddit,Support Services,India,15,97,10,2,3
2026-08-17,2026-08,Reddit,Support Services,China,11,86,8,1,2
2026-08-17,2026-08,Reddit,Support Services,Vietnam,7,57,5,1,1
2026-08-17,2026-08,Reddit,Support Services,Malaysia,7,62,5,0,2
2026-08-17,2026-08,X (Twitter),Visa Processing,India,58,146,10,17,31
2026-08-17,2026-08,X (Twitter),Visa Processing,China,47,90,7,13,27
2026-08-17,2026-08,X (Twitter),Visa Processing,Vietnam,44,106,4,12,28
2026-08-17,2026-08,X (Twitter),Visa Processing,Malaysia,42,77,4,13,25
2026-08-17,2026-08,X (Twitter),Accommodation Cost,China,17,32,6,3,8
2026-08-17,2026-08,X (Twitter),Accommodation Cost,Vietnam,8,18,3,2,3
2026-08-17,2026-08,X (Twitter),Accommodation Cost,Malaysia,14,34,5,3,6
2026-08-17,2026-08,X (Twitter),Scholarships,India,41,81,36,2,3
2026-08-17,2026-08,X (Twitter),Scholarships,China,10,27,8,1,1
2026-08-17,2026-08,X (Twitter),Scholarships,Vietnam,19,44,16,1,2
2026-08-17,2026-08,X (Twitter),Scholarships,Malaysia,13,24,11,1,1
2026-08-17,2026-08,X (Twitter),Campus Safety,India,24,69,10,6,8
2026-08-17,2026-08,X (Twitter),Campus Safety,China,19,27,9,4,6
2026-08-17,2026-08,X (Twitter),Campus Safety,Vietnam,7,15,3,1,3
2026-08-17,2026-08,X (Twitter),Campus Safety,Malaysia,10,23,4,1,5
2026-08-17,2026-08,X (Twitter),Course Quality,India,11,18,10,0,1
2026-08-17,2026-08,X (Twitter),Course Quality,China,10,21,8,1,1
2026-08-17,2026-08,X (Twitter),Course Quality,Vietnam,5,14,4,1,0
2026-08-17,2026-08,X (Twitter),Course Quality,Malaysia,12,26,10,1,1
2026-08-17,2026-08,X (Twitter),Career Outcomes,India,16,36,9,2,5
2026-08-17,2026-08,X (Twitter),Career Outcomes,China,11,25,6,3,2
2026-08-17,2026-08,X (Twitter),Career Outcomes,Vietnam,7,12,4,1,2
2026-08-17,2026-08,X (Twitter),Part-Time Work Rights,India,13,38,7,3,3
2026-08-17,2026-08,X (Twitter),Part-Time Work Rights,China,12,20,7,2,3
2026-08-17,2026-08,X (Twitter),Part-Time Work Rights,Vietnam,1,2,1,0,0
2026-08-17,2026-08,X (Twitter),Part-Time Work Rights,Malaysia,8,18,5,1,2
2026-08-17,2026-08,X (Twitter),Campus Life,India,15,32,10,1,4
2026-08-17,2026-08,X (Twitter),Campus Life,China,21,55,14,3,4
2026-08-17,2026-08,X (Twitter),Campus Life,Vietnam,9,25,6,1,2
2026-08-17,2026-08,X (Twitter),Application Process,China,23,38,22,0,1
2026-08-17,2026-08,X (Twitter),Application Process,Vietnam,15,32,14,1,0
2026-08-17,2026-08,X (Twitter),Application Process,Malaysia,4,7,4,0,0
2026-08-17,2026-08,X (Twitter),Support Services,India,18,41,13,1,4
2026-08-17,2026-08,X (Twitter),Support Services,China,4,9,3,0,1
2026-08-17,2026-08,X (Twitter),Support Services,Vietnam,7,11,5,1,1
2026-08-17,2026-08,X (Twitter),Support Services,Malaysia,6,17,5,0,1
2026-08-17,2026-08,News,Visa Processing,India,4,2,1,1,2
2026-08-17,2026-08,News,Visa Processing,China,6,6,2,1,3
2026-08-17,2026-08,News,Visa Processing,Malaysia,8,5,2,1,5
2026-08-17,2026-08,News,Accommodation Cost,India,15,14,5,3,7
2026-08-17,2026-08,News,Accommodation Cost,China,8,7,3,2,3
2026-08-17,2026-08,News,Accommodation Cost,Vietnam,2,2,1,0,1
2026-08-17,2026-08,News,Scholarships,India,6,6,5,0,1
2026-08-17,2026-08,News,Scholarships,China,10,9,8,1,1
2026-08-17,2026-08,News,Scholarships,Vietnam,4,4,3,0,1
2026-08-17,2026-08,News,Scholarships,Malaysia,7,4,6,0,1
2026-08-17,2026-08,News,Campus Safety,Vietnam,3,2,1,1,1
2026-08-17,2026-08,News,Campus Safety,Malaysia,2,2,1,0,1
2026-08-17,2026-08,News,Course Quality,India,8,6,7,0,1
2026-08-17,2026-08,News,Course Quality,China,3,2,3,0,0
2026-08-17,2026-08,News,Course Quality,Vietnam,5,4,4,1,0
2026-08-17,2026-08,News,Course Quality,Malaysia,2,2,2,0,0
2026-08-17,2026-08,News,Career Outcomes,India,3,2,2,0,1
2026-08-17,2026-08,News,Career Outcomes,Vietnam,3,2,2,0,1
2026-08-17,2026-08,News,Career Outcomes,Malaysia,1,1,1,0,0
2026-08-17,2026-08,News,Part-Time Work Rights,India,1,1,1,0,0
2026-08-17,2026-08,News,Part-Time Work Rights,China,1,1,1,0,0
2026-08-17,2026-08,News,Part-Time Work Rights,Vietnam,1,1,1,0,0
2026-08-17,2026-08,News,Part-Time Work Rights,Malaysia,1,1,1,0,0
2026-08-17,2026-08,News,Campus Life,China,6,4,4,1,1
2026-08-17,2026-08,News,Campus Life,Vietnam,1,1,1,0,0
2026-08-17,2026-08,News,Campus Life,Malaysia,6,6,4,1,1
2026-08-17,2026-08,News,Application Process,India,5,3,5,0,0
2026-08-17,2026-08,News,Application Process,China,5,3,4,1,0
2026-08-17,2026-08,News,Application Process,Vietnam,1,1,1,0,0
2026-08-17,2026-08,News,Application Process,Malaysia,2,2,2,0,0
2026-08-17,2026-08,News,Support Services,India,2,2,1,1,0
2026-08-17,2026-08,News,Support Services,China,3,2,2,0,1
2026-08-17,2026-08,News,Support Services,Vietnam,3,2,2,0,1
2026-08-17,2026-08,News,Support Services,Malaysia,3,2,2,1,0
2026-08-17,2026-08,Forums,Visa Processing,China,17,52,5,5,7
2026-08-17,2026-08,Forums,Visa Processing,Vietnam,9,28,3,2,4
2026-08-17,2026-08,Forums,Accommodation Cost,India,21,112,7,4,10
2026-08-17,2026-08,Forums,Accommodation Cost,China,3,8,1,1,1
2026-08-17,2026-08,Forums,Accommodation Cost,Vietnam,9,49,3,2,4
2026-08-17,2026-08,Forums,Accommodation Cost,Malaysia,10,41,3,2,5
2026-08-17,2026-08,Forums,Scholarships,India,17,79,14,1,2
2026-08-17,2026-08,Forums,Scholarships,China,7,37,6,0,1
2026-08-17,2026-08,Forums,Scholarships,Vietnam,5,17,4,0,1
2026-08-17,2026-08,Forums,Scholarships,Malaysia,7,33,6,0,1
2026-08-17,2026-08,Forums,Campus Safety,India,2,9,1,0,1
2026-08-17,2026-08,Forums,Campus Safety,Vietnam,10,37,5,2,3
2026-08-17,2026-08,Forums,Campus Safety,Malaysia,4,11,2,0,2
2026-08-17,2026-08,Forums,Course Quality,India,6,27,5,0,1
2026-08-17,2026-08,Forums,Course Quality,China,7,33,6,0,1
2026-08-17,2026-08,Forums,Course Quality,Vietnam,8,25,7,0,1
2026-08-17,2026-08,Forums,Course Quality,Malaysia,6,21,5,1,0
2026-08-17,2026-08,Forums,Career Outcomes,India,3,16,2,0,1
2026-08-17,2026-08,Forums,Career Outcomes,China,9,34,5,2,2
2026-08-17,2026-08,Forums,Career Outcomes,Vietnam,3,12,2,0,1
2026-08-17,2026-08,Forums,Career Outcomes,Malaysia,5,23,3,1,1
2026-08-17,2026-08,Forums,Part-Time Work Rights,India,5,16,3,1,1
2026-08-17,2026-08,Forums,Part-Time Work Rights,China,5,20,3,1,1
2026-08-17,2026-08,Forums,Part-Time Work Rights,Vietnam,2,7,1,0,1
2026-08-17,2026-08,Forums,Part-Time Work Rights,Malaysia,3,16,2,0,1
2026-08-17,2026-08,Forums,Campus Life,India,4,14,3,0,1
2026-08-17,2026-08,Forums,Campus Life,China,3,11,2,0,1
2026-08-17,2026-08,Forums,Campus Life,Vietnam,6,23,4,0,2
2026-08-17,2026-08,Forums,Campus Life,Malaysia,3,8,2,0,1
2026-08-17,2026-08,Forums,Application Process,China,6,22,5,1,0
2026-08-17,2026-08,Forums,Application Process,Vietnam,8,39,8,0,0
2026-08-17,2026-08,Forums,Application Process,Malaysia,4,20,4,0,0
2026-08-17,2026-08,Forums,Support Services,India,4,18,3,0,1
2026-08-17,2026-08,Forums,Support Services,China,3,14,2,0,1
2026-08-17,2026-08,Forums,Support Services,Vietnam,8,30,6,0,2
2026-08-17,2026-08,Forums,Support Services,Malaysia,5,24,4,0,1
2026-08-24,2026-08,TikTok,Visa Processing,India,108,390,16,36,56
2026-08-24,2026-08,TikTok,Visa Processing,China,74,283,16,14,44
2026-08-24,2026-08,TikTok,Visa Processing,Vietnam,75,312,15,23,37
2026-08-24,2026-08,TikTok,Visa Processing,Malaysia,21,62,4,7,10
2026-08-24,2026-08,TikTok,Accommodation Cost,India,55,170,21,16,18
2026-08-24,2026-08,TikTok,Accommodation Cost,China,23,102,8,5,10
2026-08-24,2026-08,TikTok,Accommodation Cost,Vietnam,19,43,8,4,7
2026-08-24,2026-08,TikTok,Accommodation Cost,Malaysia,16,44,6,4,6
2026-08-24,2026-08,TikTok,Scholarships,India,24,50,22,1,1
2026-08-24,2026-08,TikTok,Scholarships,China,30,127,27,1,2
2026-08-24,2026-08,TikTok,Scholarships,Vietnam,32,120,30,1,1
2026-08-24,2026-08,TikTok,Scholarships,Malaysia,14,48,13,0,1
2026-08-24,2026-08,TikTok,Campus Safety,India,13,55,5,3,5
2026-08-24,2026-08,TikTok,Campus Safety,China,20,79,8,6,6
2026-08-24,2026-08,TikTok,Campus Safety,Vietnam,8,27,3,2,3
2026-08-24,2026-08,TikTok,Course Quality,China,26,99,20,2,4
2026-08-24,2026-08,TikTok,Course Quality,Vietnam,22,81,17,2,3
2026-08-24,2026-08,TikTok,Career Outcomes,India,12,50,6,2,4
2026-08-24,2026-08,TikTok,Career Outcomes,China,2,9,1,0,1
2026-08-24,2026-08,TikTok,Career Outcomes,Vietnam,14,41,7,2,5
2026-08-24,2026-08,TikTok,Career Outcomes,Malaysia,10,29,5,1,4
2026-08-24,2026-08,TikTok,Part-Time Work Rights,China,21,50,12,3,6
2026-08-24,2026-08,TikTok,Part-Time Work Rights,Vietnam,18,70,10,3,5
2026-08-24,2026-08,TikTok,Part-Time Work Rights,Malaysia,14,53,8,2,4
2026-08-24,2026-08,TikTok,Campus Life,India,38,132,28,2,8
2026-08-24,2026-08,TikTok,Campus Life,China,30,95,21,4,5
2026-08-24,2026-08,TikTok,Campus Life,Vietnam,17,63,12,2,3
2026-08-24,2026-08,TikTok,Campus Life,Malaysia,8,22,6,0,2
2026-08-24,2026-08,TikTok,Application Process,India,13,43,12,0,1
2026-08-24,2026-08,TikTok,Application Process,China,22,80,20,1,1
2026-08-24,2026-08,TikTok,Application Process,Vietnam,10,37,9,1,0
2026-08-24,2026-08,TikTok,Application Process,Malaysia,2,5,2,0,0
2026-08-24,2026-08,TikTok,Support Services,India,2,5,1,1,0
2026-08-24,2026-08,TikTok,Support Services,China,19,60,13,2,4
2026-08-24,2026-08,TikTok,Support Services,Vietnam,12,47,9,1,2
2026-08-24,2026-08,TikTok,Support Services,Malaysia,11,24,7,2,2
2026-08-24,2026-08,Reddit,Visa Processing,India,36,204,16,6,14
2026-08-24,2026-08,Reddit,Visa Processing,China,17,74,7,4,6
2026-08-24,2026-08,Reddit,Visa Processing,Vietnam,27,245,12,3,12
2026-08-24,2026-08,Reddit,Visa Processing,Malaysia,17,83,8,3,6
2026-08-24,2026-08,Reddit,Accommodation Cost,India,22,114,9,5,8
2026-08-24,2026-08,Reddit,Accommodation Cost,China,15,136,6,2,7
2026-08-24,2026-08,Reddit,Accommodation Cost,Vietnam,14,115,6,2,6
2026-08-24,2026-08,Reddit,Accommodation Cost,Malaysia,9,56,4,2,3
2026-08-24,2026-08,Reddit,Scholarships,India,29,129,27,1,1
2026-08-24,2026-08,Reddit,Scholarships,Vietnam,19,166,17,1,1
2026-08-24,2026-08,Reddit,Scholarships,Malaysia,17,119,16,0,1
2026-08-24,2026-08,Reddit,Campus Safety,India,19,108,8,4,7
2026-08-24,2026-08,Reddit,Campus Safety,China,20,148,9,3,8
2026-08-24,2026-08,Reddit,Campus Safety,Vietnam,3,16,1,1,1
2026-08-24,2026-08,Reddit,Campus Safety,Malaysia,3,15,1,1,1
2026-08-24,2026-08,Reddit,Course Quality,India,20,160,15,1,4
2026-08-24,2026-08,Reddit,Course Quality,Vietnam,5,42,4,0,1
2026-08-24,2026-08,Reddit,Course Quality,Malaysia,5,35,4,0,1
2026-08-24,2026-08,Reddit,Career Outcomes,India,5,23,3,1,1
2026-08-24,2026-08,Reddit,Career Outcomes,China,19,159,10,2,7
2026-08-24,2026-08,Reddit,Career Outcomes,Vietnam,5,39,3,1,1
2026-08-24,2026-08,Reddit,Career Outcomes,Malaysia,8,66,4,1,3
2026-08-24,2026-08,Reddit,Part-Time Work Rights,India,18,86,11,1,6
2026-08-24,2026-08,Reddit,Part-Time Work Rights,China,17,114,10,2,5
2026-08-24,2026-08,Reddit,Part-Time Work Rights,Vietnam,13,76,7,3,3
2026-08-24,2026-08,Reddit,Part-Time Work Rights,Malaysia,8,61,5,1,2
2026-08-24,2026-08,Reddit,Campus Life,India,30,256,22,4,4
2026-08-24,2026-08,Reddit,Campus Life,China,17,136,12,2,3
2026-08-24,2026-08,Reddit,Campus Life,Vietnam,7,44,5,1,1
2026-08-24,2026-08,Reddit,Application Process,India,13,90,12,1,0
2026-08-24,2026-08,Reddit,Application Process,China,20,134,19,0,1
2026-08-24,2026-08,Reddit,Application Process,Vietnam,6,45,6,0,0
2026-08-24,2026-08,Reddit,Support Services,India,14,98,9,2,3
2026-08-24,2026-08,Reddit,Support Services,China,9,56,6,1,2
2026-08-24,2026-08,Reddit,Support Services,Vietnam,6,49,4,1,1
2026-08-24,2026-08,Reddit,Support Services,Malaysia,10,57,7,1,2
2026-08-24,2026-08,X (Twitter),Visa Processing,India,98,163,19,35,44
2026-08-24,2026-08,X (Twitter),Visa Processing,China,57,88,11,10,36
2026-08-24,2026-08,X (Twitter),Visa Processing,Vietnam,5,14,1,2,2
2026-08-24,2026-08,X (Twitter),Visa Processing,Malaysia,14,28,3,3,8
2026-08-24,2026-08,X (Twitter),Accommodation Cost,India,19,38,7,5,7
2026-08-24,2026-08,X (Twitter),Accommodation Cost,China,14,31,5,4,5
2026-08-24,2026-08,X (Twitter),Accommodation Cost,Vietnam,21,55,8,5,8
2026-08-24,2026-08,X (Twitter),Scholarships,India,25,58,23,1,1
2026-08-24,2026-08,X (Twitter),Scholarships,Vietnam,26,67,24,1,1
2026-08-24,2026-08,X (Twitter),Scholarships,Malaysia,8,22,7,0,1
2026-08-24,2026-08,X (Twitter),Campus Safety,India,15,40,6,5,4
2026-08-24,2026-08,X (Twitter),Campus Safety,China,15,34,6,3,6
2026-08-24,2026-08,X (Twitter),Campus Safety,Vietnam,10,25,4,3,3
2026-08-24,2026-08,X (Twitter),Campus Safety,Malaysia,4,6,2,0,2
2026-08-24,2026-08,X (Twitter),Course Quality,India,28,50,22,3,3
2026-08-24,2026-08,X (Twitter),Course Quality,China,22,38,18,1,3
2026-08-24,2026-08,X (Twitter),Course Quality,Vietnam,16,41,12,2,2
2026-08-24,2026-08,X (Twitter),Course Quality,Malaysia,1,3,1,0,0
2026-08-24,2026-08,X (Twitter),Career Outcomes,India,14,24,7,3,4
2026-08-24,2026-08,X (Twitter),Career Outcomes,China,15,44,8,3,4
2026-08-24,2026-08,X (Twitter),Career Outcomes,Vietnam,10,18,6,1,3
2026-08-24,2026-08,X (Twitter),Career Outcomes,Malaysia,7,16,4,1,2
2026-08-24,2026-08,X (Twitter),Part-Time Work Rights,India,7,15,4,1,2
2026-08-24,2026-08,X (Twitter),Part-Time Work Rights,China,9,17,5,1,3
2026-08-24,2026-08,X (Twitter),Part-Time Work Rights,Vietnam,12,25,7,2,3
2026-08-24,2026-08,X (Twitter),Part-Time Work Rights,Malaysia,5,8,3,0,2
2026-08-24,2026-08,X (Twitter),Campus Life,India,18,47,13,2,3
2026-08-24,2026-08,X (Twitter),Campus Life,China,20,34,15,2,3
2026-08-24,2026-08,X (Twitter),Campus Life,Vietnam,7,13,5,1,1
2026-08-24,2026-08,X (Twitter),Campus Life,Malaysia,5,13,4,0,1
2026-08-24,2026-08,X (Twitter),Application Process,China,10,16,9,0,1
2026-08-24,2026-08,X (Twitter),Application Process,Vietnam,13,32,12,0,1
2026-08-24,2026-08,X (Twitter),Application Process,Malaysia,10,27,9,0,1
2026-08-24,2026-08,X (Twitter),Support Services,India,20,56,14,2,4
2026-08-24,2026-08,X (Twitter),Support Services,China,5,7,4,0,1
2026-08-24,2026-08,X (Twitter),Support Services,Vietnam,7,13,5,0,2
2026-08-24,2026-08,X (Twitter),Support Services,Malaysia,7,11,5,1,1
2026-08-24,2026-08,News,Visa Processing,India,10,11,5,1,4
2026-08-24,2026-08,News,Visa Processing,China,2,1,1,0,1
2026-08-24,2026-08,News,Visa Processing,Vietnam,2,2,1,0,1
2026-08-24,2026-08,News,Visa Processing,Malaysia,5,5,2,1,2
2026-08-24,2026-08,News,Accommodation Cost,India,10,8,4,2,4
2026-08-24,2026-08,News,Accommodation Cost,China,8,6,3,2,3
2026-08-24,2026-08,News,Accommodation Cost,Vietnam,4,2,2,0,2
2026-08-24,2026-08,News,Accommodation Cost,Malaysia,2,2,1,0,1
2026-08-24,2026-08,News,Scholarships,China,4,4,4,0,0
2026-08-24,2026-08,News,Scholarships,Vietnam,5,5,4,1,0
2026-08-24,2026-08,News,Scholarships,Malaysia,6,5,5,0,1
2026-08-24,2026-08,News,Campus Safety,India,8,7,3,2,3
2026-08-24,2026-08,News,Campus Safety,China,1,1,0,1,0
2026-08-24,2026-08,News,Campus Safety,Vietnam,3,2,1,1,1
2026-08-24,2026-08,News,Campus Safety,Malaysia,3,3,1,1,1
2026-08-24,2026-08,News,Course Quality,India,10,7,8,1,1
2026-08-24,2026-08,News,Course Quality,Malaysia,3,3,2,1,0
2026-08-24,2026-08,News,Career Outcomes,India,4,4,2,1,1
2026-08-24,2026-08,News,Career Outcomes,China,8,9,5,0,3
2026-08-24,2026-08,News,Career Outcomes,Vietnam,2,2,1,0,1
2026-08-24,2026-08,News,Career Outcomes,Malaysia,3,2,2,0,1
2026-08-24,2026-08,News,Part-Time Work Rights,India,7,4,4,1,2
2026-08-24,2026-08,News,Part-Time Work Rights,China,7,5,4,1,2
2026-08-24,2026-08,News,Part-Time Work Rights,Vietnam,1,1,1,0,0
2026-08-24,2026-08,News,Part-Time Work Rights,Malaysia,2,2,1,1,0
2026-08-24,2026-08,News,Campus Life,India,7,6,5,1,1
2026-08-24,2026-08,News,Campus Life,China,4,3,3,0,1
2026-08-24,2026-08,News,Campus Life,Malaysia,1,1,1,0,0
2026-08-24,2026-08,News,Application Process,India,8,7,7,0,1
2026-08-24,2026-08,News,Application Process,China,5,4,5,0,0
2026-08-24,2026-08,News,Application Process,Vietnam,4,2,4,0,0
2026-08-24,2026-08,News,Application Process,Malaysia,4,4,4,0,0
2026-08-24,2026-08,News,Support Services,India,3,2,2,1,0
2026-08-24,2026-08,News,Support Services,China,5,4,4,0,1
2026-08-24,2026-08,News,Support Services,Vietnam,2,1,1,1,0
2026-08-24,2026-08,News,Support Services,Malaysia,4,3,3,0,1
2026-08-24,2026-08,Forums,Visa Processing,India,10,52,4,1,5
2026-08-24,2026-08,Forums,Visa Processing,China,7,31,3,2,2
2026-08-24,2026-08,Forums,Visa Processing,Vietnam,16,55,8,3,5
2026-08-24,2026-08,Forums,Visa Processing,Malaysia,9,50,4,2,3
2026-08-24,2026-08,Forums,Accommodation Cost,India,17,60,7,4,6
2026-08-24,2026-08,Forums,Accommodation Cost,China,8,45,3,2,3
2026-08-24,2026-08,Forums,Accommodation Cost,Vietnam,12,49,4,4,4
2026-08-24,2026-08,Forums,Accommodation Cost,Malaysia,8,25,3,2,3
2026-08-24,2026-08,Forums,Scholarships,India,12,64,11,0,1
2026-08-24,2026-08,Forums,Scholarships,China,7,29,7,0,0
2026-08-24,2026-08,Forums,Scholarships,Vietnam,11,51,10,1,0
2026-08-24,2026-08,Forums,Scholarships,Malaysia,6,23,6,0,0
2026-08-24,2026-08,Forums,Campus Safety,India,8,26,3,2,3
2026-08-24,2026-08,Forums,Campus Safety,China,6,30,2,1,3
2026-08-24,2026-08,Forums,Campus Safety,Vietnam,5,21,2,1,2
2026-08-24,2026-08,Forums,Course Quality,India,13,48,10,1,2
2026-08-24,2026-08,Forums,Course Quality,China,9,29,7,1,1
2026-08-24,2026-08,Forums,Course Quality,Vietnam,12,41,10,0,2
2026-08-24,2026-08,Forums,Career Outcomes,India,6,18,3,1,2
2026-08-24,2026-08,Forums,Career Outcomes,China,5,24,3,0,2
2026-08-24,2026-08,Forums,Career Outcomes,Malaysia,3,15,2,0,1
2026-08-24,2026-08,Forums,Part-Time Work Rights,India,11,60,6,2,3
2026-08-24,2026-08,Forums,Part-Time Work Rights,Vietnam,1,3,1,0,0
2026-08-24,2026-08,Forums,Part-Time Work Rights,Malaysia,6,29,3,2,1
2026-08-24,2026-08,Forums,Campus Life,India,11,39,8,1,2
2026-08-24,2026-08,Forums,Campus Life,China,4,11,3,0,1
2026-08-24,2026-08,Forums,Campus Life,Vietnam,5,22,4,0,1
2026-08-24,2026-08,Forums,Campus Life,Malaysia,4,15,3,0,1
2026-08-24,2026-08,Forums,Application Process,India,7,31,7,0,0
2026-08-24,2026-08,Forums,Application Process,China,3,13,3,0,0
2026-08-24,2026-08,Forums,Application Process,Vietnam,6,27,6,0,0
2026-08-24,2026-08,Forums,Application Process,Malaysia,3,15,3,0,0
2026-08-24,2026-08,Forums,Support Services,India,9,36,6,1,2
2026-08-24,2026-08,Forums,Support Services,China,8,39,5,1,2
2026-08-24,2026-08,Forums,Support Services,Vietnam,3,13,2,0,1
2026-08-31,2026-08,TikTok,Visa Processing,India,110,471,24,27,59
2026-08-31,2026-08,TikTok,Visa Processing,China,77,198,17,22,38
2026-08-31,2026-08,TikTok,Visa Processing,Vietnam,75,233,19,13,43
2026-08-31,2026-08,TikTok,Visa Processing,Malaysia,44,188,10,14,20
2026-08-31,2026-08,TikTok,Accommodation Cost,China,8,25,4,2,2
2026-08-31,2026-08,TikTok,Accommodation Cost,Vietnam,26,76,12,6,8
2026-08-31,2026-08,TikTok,Accommodation Cost,Malaysia,15,44,6,3,6
2026-08-31,2026-08,TikTok,Scholarships,India,15,41,14,0,1
2026-08-31,2026-08,TikTok,Scholarships,China,23,93,21,1,1
2026-08-31,2026-08,TikTok,Scholarships,Vietnam,13,48,12,0,1
2026-08-31,2026-08,TikTok,Scholarships,Malaysia,6,23,6,0,0
2026-08-31,2026-08,TikTok,Campus Safety,India,12,49,4,2,6
2026-08-31,2026-08,TikTok,Campus Safety,China,13,33,5,4,4
2026-08-31,2026-08,TikTok,Campus Safety,Vietnam,1,4,0,1,0
2026-08-31,2026-08,TikTok,Course Quality,India,11,23,8,1,2
2026-08-31,2026-08,TikTok,Course Quality,China,10,31,7,1,2
2026-08-31,2026-08,TikTok,Course Quality,Vietnam,10,29,7,1,2
2026-08-31,2026-08,TikTok,Course Quality,Malaysia,15,48,11,2,2
2026-08-31,2026-08,TikTok,Career Outcomes,India,8,18,4,2,2
2026-08-31,2026-08,TikTok,Career Outcomes,China,16,63,9,3,4
2026-08-31,2026-08,TikTok,Career Outcomes,Vietnam,12,26,6,3,3
2026-08-31,2026-08,TikTok,Career Outcomes,Malaysia,9,39,5,1,3
2026-08-31,2026-08,TikTok,Part-Time Work Rights,India,25,82,9,5,11
2026-08-31,2026-08,TikTok,Part-Time Work Rights,China,16,37,6,3,7
2026-08-31,2026-08,TikTok,Part-Time Work Rights,Vietnam,19,48,7,5,7
2026-08-31,2026-08,TikTok,Part-Time Work Rights,Malaysia,10,31,4,1,5
2026-08-31,2026-08,TikTok,Campus Life,India,29,98,21,4,4
2026-08-31,2026-08,TikTok,Campus Life,China,18,50,13,2,3
2026-08-31,2026-08,TikTok,Campus Life,Vietnam,17,54,12,1,4
2026-08-31,2026-08,TikTok,Campus Life,Malaysia,9,21,7,0,2
2026-08-31,2026-08,TikTok,Application Process,India,40,174,36,1,3
2026-08-31,2026-08,TikTok,Application Process,China,20,82,18,1,1
2026-08-31,2026-08,TikTok,Application Process,Vietnam,22,94,19,1,2
2026-08-31,2026-08,TikTok,Application Process,Malaysia,12,34,10,1,1
2026-08-31,2026-08,TikTok,Support Services,India,18,39,13,1,4
2026-08-31,2026-08,TikTok,Support Services,China,11,44,8,1,2
2026-08-31,2026-08,TikTok,Support Services,Vietnam,11,49,8,1,2
2026-08-31,2026-08,TikTok,Support Services,Malaysia,9,25,7,1,1
2026-08-31,2026-08,Reddit,Visa Processing,India,39,273,22,7,10
2026-08-31,2026-08,Reddit,Visa Processing,China,18,139,10,4,4
2026-08-31,2026-08,Reddit,Visa Processing,Vietnam,16,81,9,3,4
2026-08-31,2026-08,Reddit,Visa Processing,Malaysia,13,112,8,1,4
2026-08-31,2026-08,Reddit,Accommodation Cost,China,13,83,6,3,4
2026-08-31,2026-08,Reddit,Accommodation Cost,Vietnam,21,150,8,4,9
2026-08-31,2026-08,Reddit,Accommodation Cost,Malaysia,9,70,4,2,3
2026-08-31,2026-08,Reddit,Scholarships,India,30,220,26,2,2
2026-08-31,2026-08,Reddit,Scholarships,China,17,83,15,1,1
2026-08-31,2026-08,Reddit,Scholarships,Vietnam,24,202,22,0,2
2026-08-31,2026-08,Reddit,Scholarships,Malaysia,16,88,15,0,1
2026-08-31,2026-08,Reddit,Campus Safety,China,6,26,2,2,2
2026-08-31,2026-08,Reddit,Campus Safety,Vietnam,21,90,7,7,7
2026-08-31,2026-08,Reddit,Campus Safety,Malaysia,14,69,5,4,5
2026-08-31,2026-08,Reddit,Course Quality,India,23,207,16,2,5
2026-08-31,2026-08,Reddit,Course Quality,China,12,95,8,1,3
2026-08-31,2026-08,Reddit,Course Quality,Malaysia,5,23,4,0,1
2026-08-31,2026-08,Reddit,Career Outcomes,India,9,48,5,1,3
2026-08-31,2026-08,Reddit,Career Outcomes,China,6,46,3,1,2
2026-08-31,2026-08,Reddit,Career Outcomes,Vietnam,14,60,7,2,5
2026-08-31,2026-08,Reddit,Part-Time Work Rights,China,9,51,4,1,4
2026-08-31,2026-08,Reddit,Part-Time Work Rights,Vietnam,10,77,4,2,4
2026-08-31,2026-08,Reddit,Part-Time Work Rights,Malaysia,2,15,1,0,1
2026-08-31,2026-08,Reddit,Campus Life,India,20,149,14,1,5
2026-08-31,2026-08,Reddit,Campus Life,China,8,57,6,1,1
2026-08-31,2026-08,Reddit,Campus Life,Vietnam,8,43,6,0,2
2026-08-31,2026-08,Reddit,Campus Life,Malaysia,6,31,4,1,1
2026-08-31,2026-08,Reddit,Application Process,India,14,124,12,1,1
2026-08-31,2026-08,Reddit,Application Process,China,8,45,7,0,1
2026-08-31,2026-08,Reddit,Application Process,Vietnam,12,106,10,1,1
2026-08-31,2026-08,Reddit,Application Process,Malaysia,11,59,10,0,1
2026-08-31,2026-08,Reddit,Support Services,India,13,63,9,1,3
2026-08-31,2026-08,Reddit,Support Services,Vietnam,10,53,8,0,2
2026-08-31,2026-08,Reddit,Support Services,Malaysia,3,22,2,1,0
2026-08-31,2026-08,X (Twitter),Visa Processing,China,25,64,6,6,13
2026-08-31,2026-08,X (Twitter),Visa Processing,Vietnam,64,110,13,15,36
2026-08-31,2026-08,X (Twitter),Visa Processing,Malaysia,12,35,3,3,6
2026-08-31,2026-08,X (Twitter),Accommodation Cost,India,30,79,14,5,11
2026-08-31,2026-08,X (Twitter),Accommodation Cost,China,9,16,3,3,3
2026-08-31,2026-08,X (Twitter),Accommodation Cost,Vietnam,16,26,7,4,5
2026-08-31,2026-08,X (Twitter),Accommodation Cost,Malaysia,16,37,7,2,7
2026-08-31,2026-08,X (Twitter),Scholarships,India,8,16,7,1,0
2026-08-31,2026-08,X (Twitter),Scholarships,China,21,54,19,1,1
2026-08-31,2026-08,X (Twitter),Scholarships,Vietnam,23,35,20,2,1
2026-08-31,2026-08,X (Twitter),Scholarships,Malaysia,16,44,15,0,1
2026-08-31,2026-08,X (Twitter),Campus Safety,India,20,58,7,5,8
2026-08-31,2026-08,X (Twitter),Campus Safety,China,17,39,6,4,7
2026-08-31,2026-08,X (Twitter),Campus Safety,Vietnam,3,5,1,1,1
2026-08-31,2026-08,X (Twitter),Campus Safety,Malaysia,6,12,2,2,2
2026-08-31,2026-08,X (Twitter),Course Quality,China,12,30,9,1,2
2026-08-31,2026-08,X (Twitter),Course Quality,Vietnam,18,33,13,2,3
2026-08-31,2026-08,X (Twitter),Course Quality,Malaysia,12,26,9,1,2
2026-08-31,2026-08,X (Twitter),Career Outcomes,India,12,21,7,1,4
2026-08-31,2026-08,X (Twitter),Career Outcomes,China,6,10,3,1,2
2026-08-31,2026-08,X (Twitter),Career Outcomes,Malaysia,4,11,2,1,1
2026-08-31,2026-08,X (Twitter),Part-Time Work Rights,India,16,28,7,3,6
2026-08-31,2026-08,X (Twitter),Part-Time Work Rights,China,7,12,3,1,3
2026-08-31,2026-08,X (Twitter),Part-Time Work Rights,Vietnam,9,14,3,2,4
2026-08-31,2026-08,X (Twitter),Part-Time Work Rights,Malaysia,2,5,1,0,1
2026-08-31,2026-08,X (Twitter),Campus Life,China,10,24,7,1,2
2026-08-31,2026-08,X (Twitter),Campus Life,Vietnam,15,27,11,2,2
2026-08-31,2026-08,X (Twitter),Campus Life,Malaysia,10,15,7,1,2
2026-08-31,2026-08,X (Twitter),Application Process,India,25,49,22,2,1
2026-08-31,2026-08,X (Twitter),Application Process,China,12,29,10,1,1
2026-08-31,2026-08,X (Twitter),Application Process,Vietnam,9,23,8,0,1
2026-08-31,2026-08,X (Twitter),Application Process,Malaysia,7,15,6,1,0
2026-08-31,2026-08,X (Twitter),Support Services,India,18,32,12,3,3
2026-08-31,2026-08,X (Twitter),Support Services,China,16,45,11,3,2
2026-08-31,2026-08,X (Twitter),Support Services,Vietnam,9,22,6,1,2
2026-08-31,2026-08,X (Twitter),Support Services,Malaysia,7,19,5,1,1
2026-08-31,2026-08,News,Visa Processing,India,17,14,10,2,5
2026-08-31,2026-08,News,Visa Processing,China,7,4,4,1,2
2026-08-31,2026-08,News,Visa Processing,Vietnam,6,6,3,1,2
2026-08-31,2026-08,News,Visa Processing,Malaysia,7,7,4,1,2
2026-08-31,2026-08,News,Accommodation Cost,India,9,6,4,2,3
2026-08-31,2026-08,News,Accommodation Cost,China,3,2,1,1,1
2026-08-31,2026-08,News,Accommodation Cost,Vietnam,7,4,3,2,2
2026-08-31,2026-08,News,Accommodation Cost,Malaysia,5,4,2,1,2
2026-08-31,2026-08,News,Scholarships,India,8,6,7,1,0
2026-08-31,2026-08,News,Scholarships,China,1,1,1,0,0
2026-08-31,2026-08,News,Scholarships,Vietnam,2,1,2,0,0
2026-08-31,2026-08,News,Scholarships,Malaysia,5,4,5,0,0
2026-08-31,2026-08,News,Campus Safety,India,4,3,2,1,1
2026-08-31,2026-08,News,Campus Safety,China,8,7,3,1,4
2026-08-31,2026-08,News,Campus Safety,Vietnam,2,1,1,0,1
2026-08-31,2026-08,News,Campus Safety,Malaysia,2,1,1,0,1
2026-08-31,2026-08,News,Course Quality,India,5,3,3,1,1
2026-08-31,2026-08,News,Course Quality,China,4,2,3,0,1
2026-08-31,2026-08,News,Course Quality,Vietnam,6,6,4,1,1
2026-08-31,2026-08,News,Course Quality,Malaysia,3,3,2,0,1
2026-08-31,2026-08,News,Career Outcomes,India,4,3,2,1,1
2026-08-31,2026-08,News,Career Outcomes,China,3,3,2,0,1
2026-08-31,2026-08,News,Career Outcomes,Vietnam,4,4,2,1,1
2026-08-31,2026-08,News,Career Outcomes,Malaysia,3,3,2,0,1
2026-08-31,2026-08,News,Part-Time Work Rights,India,7,7,3,2,2
2026-08-31,2026-08,News,Part-Time Work Rights,Vietnam,3,3,1,1,1
2026-08-31,2026-08,News,Part-Time Work Rights,Malaysia,2,2,1,0,1
2026-08-31,2026-08,News,Campus Life,India,6,6,4,0,2
2026-08-31,2026-08,News,Campus Life,China,5,5,4,0,1
2026-08-31,2026-08,News,Campus Life,Vietnam,4,4,3,0,1
2026-08-31,2026-08,News,Campus Life,Malaysia,3,2,2,0,1
2026-08-31,2026-08,News,Application Process,India,3,3,3,0,0
2026-08-31,2026-08,News,Application Process,China,2,2,2,0,0
2026-08-31,2026-08,News,Application Process,Vietnam,5,3,5,0,0
2026-08-31,2026-08,News,Application Process,Malaysia,2,2,2,0,0
2026-08-31,2026-08,News,Support Services,India,4,4,3,0,1
2026-08-31,2026-08,News,Support Services,China,2,1,2,0,0
2026-08-31,2026-08,News,Support Services,Vietnam,3,2,2,1,0
2026-08-31,2026-08,News,Support Services,Malaysia,2,2,1,1,0
2026-08-31,2026-08,Forums,Visa Processing,India,26,121,14,3,9
2026-08-31,2026-08,Forums,Visa Processing,China,12,58,7,2,3
2026-08-31,2026-08,Forums,Visa Processing,Vietnam,8,28,5,1,2
2026-08-31,2026-08,Forums,Visa Processing,Malaysia,10,55,5,1,4
2026-08-31,2026-08,Forums,Accommodation Cost,India,15,56,6,2,7
2026-08-31,2026-08,Forums,Accommodation Cost,China,5,19,2,1,2
2026-08-31,2026-08,Forums,Accommodation Cost,Vietnam,13,65,6,2,5
2026-08-31,2026-08,Forums,Accommodation Cost,Malaysia,6,28,3,1,2
2026-08-31,2026-08,Forums,Scholarships,India,17,73,16,0,1
2026-08-31,2026-08,Forums,Scholarships,China,9,47,8,0,1
2026-08-31,2026-08,Forums,Scholarships,Vietnam,13,61,12,0,1
2026-08-31,2026-08,Forums,Campus Safety,India,4,14,2,1,1
2026-08-31,2026-08,Forums,Campus Safety,China,6,23,3,1,2
2026-08-31,2026-08,Forums,Campus Safety,Vietnam,3,10,1,1,1
2026-08-31,2026-08,Forums,Course Quality,India,14,75,10,2,2
2026-08-31,2026-08,Forums,Course Quality,China,9,37,7,1,1
2026-08-31,2026-08,Forums,Course Quality,Vietnam,9,43,6,1,2
2026-08-31,2026-08,Forums,Course Quality,Malaysia,6,30,4,1,1
2026-08-31,2026-08,Forums,Career Outcomes,India,9,28,5,1,3
2026-08-31,2026-08,Forums,Career Outcomes,China,6,31,3,2,1
2026-08-31,2026-08,Forums,Career Outcomes,Vietnam,4,13,2,1,1
2026-08-31,2026-08,Forums,Career Outcomes,Malaysia,4,22,2,1,1
2026-08-31,2026-08,Forums,Part-Time Work Rights,China,5,19,2,1,2
2026-08-31,2026-08,Forums,Part-Time Work Rights,Vietnam,1,3,0,1,0
2026-08-31,2026-08,Forums,Part-Time Work Rights,Malaysia,4,20,2,1,1
2026-08-31,2026-08,Forums,Campus Life,India,9,25,6,1,2
2026-08-31,2026-08,Forums,Campus Life,China,5,14,4,0,1
2026-08-31,2026-08,Forums,Campus Life,Vietnam,6,19,4,1,1
2026-08-31,2026-08,Forums,Campus Life,Malaysia,3,16,2,0,1
2026-08-31,2026-08,Forums,Application Process,India,4,12,4,0,0
2026-08-31,2026-08,Forums,Application Process,China,5,21,5,0,0
2026-08-31,2026-08,Forums,Application Process,Vietnam,7,32,6,0,1
2026-08-31,2026-08,Forums,Application Process,Malaysia,7,34,6,1,0
2026-08-31,2026-08,Forums,Support Services,India,8,23,6,0,2
2026-08-31,2026-08,Forums,Support Services,China,3,14,2,1,0
2026-08-31,2026-08,Forums,Support Services,Vietnam,1,5,1,0,0
